building_id,building_type,day_of_week,hour,floor_area_m2,outdoor_temp_c,humidity_pct,occupancy,previous_hour_kwh,energy_kwh
BLD-00000,school,Fri,2,2514.8,35.2,59.4,17.0,53.66,165.04
BLD-00001,office,Sat,18,1229.9,13.2,61.7,2.0,16.94,82.9
BLD-00002,school,Fri,15,1811.3,15.6,70.2,68.0,136.58,241.47
BLD-00003,office,Fri,10,1619.6,17.0,69.9,72.0,129.59,254.71
BLD-00004,office,Thu,10,1370.5,18.7,49.8,,129.84,237.39
BLD-00005,school,Tue,20,2237.7,21.9,71.2,7.0,51.51,93.92
BLD-00006,retail,Tue,2,641.3,29.7,49.1,13.0,49.78,124.96
BLD-00007,retail,Sat,16,1890.8,25.7,59.1,0.0,23.35,99.79
BLD-00008,retail,Mon,4,2106.7,22.5,58.4,0.0,40.84,95.58
BLD-00009,retail,Mon,2,1145.7,24.2,40.4,0.0,33.24,82.1
BLD-00010,retail,Wed,12,4548.5,27.0,42.4,162.0,276.14,505.25
BLD-00011,retail,Sat,23,1653.9,8.5,93.0,9.0,36.98,129.77
BLD-00012,office,Fri,17,1963.0,30.6,,76.0,153.86,285.93
BLD-00013,school,Fri,18,1655.6,15.4,61.3,77.0,151.91,258.85
BLD-00014,office,Thu,17,2115.5,18.5,64.9,96.0,159.44,321.54
BLD-00015,office,Mon,18,4122.1,24.7,54.1,150.0,253.43,445.2
BLD-00016,office,Wed,12,7210.3,21.4,66.4,256.0,441.79,741.62
BLD-00017,retail,Mon,3,3146.7,25.9,60.6,13.0,42.34,137.55
BLD-00018,retail,Sat,20,3708.7,23.1,40.2,14.0,65.88,117.32
BLD-00019,clinic,Sat,10,5014.5,19.7,64.1,8.0,73.42,148.35
BLD-00020,clinic,Tue,12,2479.1,34.2,45.7,98.0,182.65,368.67
BLD-00021,clinic,Wed,8,4674.8,27.7,84.6,175.0,293.97,544.65
BLD-00022,office,Wed,4,3218.2,24.4,62.3,0.0,36.64,92.97
BLD-00023,clinic,Sun,22,2357.4,27.5,43.1,0.0,41.78,104.23
BLD-00024,retail,Thu,18,2602.9,16.4,60.8,97.0,178.9,324.91
BLD-00025,clinic,Sat,15,917.8,39.4,39.3,2.0,33.51,157.16
BLD-00026,office,Thu,9,2531.2,13.3,59.4,97.0,169.63,316.67
BLD-00027,office,Fri,19,1048.6,22.9,51.2,40.0,78.96,159.81
BLD-00028,clinic,Thu,13,1008.4,19.7,40.9,26.0,74.09,152.2
BLD-00029,office,Tue,10,2413.4,19.4,40.7,73.0,134.03,235.11
BLD-00030,office,Sun,10,1288.8,18.4,96.4,10.0,16.29,110.69
BLD-00031,school,Fri,5,2192.5,15.8,56.6,0.0,27.71,70.76
BLD-00032,office,Sat,2,2351.2,31.5,47.7,2.0,37.55,112.99
BLD-00033,office,Sun,13,2402.0,12.4,44.7,0.0,42.19,99.24
BLD-00034,clinic,Tue,21,1425.4,29.9,63.0,0.0,44.16,119.56
BLD-00035,clinic,Mon,1,3386.6,27.2,44.1,0.0,36.39,102.49
BLD-00036,clinic,Fri,20,2107.8,19.0,36.4,12.0,55.02,105.82
BLD-00037,office,Wed,19,2718.8,26.3,54.4,99.0,182.58,333.25
BLD-00038,office,Thu,6,1238.8,20.7,54.3,9.0,44.0,93.2
BLD-00039,office,Tue,15,2019.5,13.2,47.9,82.0,151.21,273.42
BLD-00040,school,Wed,3,3725.3,13.3,39.8,7.0,51.27,99.56
BLD-00041,office,Wed,18,3504.8,27.2,48.4,136.0,232.72,426.1
BLD-00042,retail,Wed,16,1500.4,26.8,47.0,58.0,134.8,232.58
BLD-00043,clinic,Sat,8,1693.1,23.9,44.7,15.0,27.36,102.48
BLD-00044,school,Fri,1,1368.7,18.9,59.7,11.0,49.68,98.09
BLD-00045,office,Thu,23,1605.4,20.5,92.8,12.0,49.62,117.9
BLD-00046,office,Mon,10,1124.0,19.4,77.6,37.0,85.71,169.27
BLD-00047,office,Thu,21,2058.8,8.0,88.0,6.0,27.41,109.53
BLD-00048,office,Tue,16,2981.3,22.5,45.3,96.0,161.14,312.3
BLD-00049,school,Wed,18,1509.3,26.2,83.5,69.0,137.59,268.25
BLD-00050,office,Wed,18,2106.4,22.5,58.9,74.0,154.84,279.42
BLD-00051,school,Mon,4,1979.1,36.2,71.8,0.0,32.12,124.4
BLD-00052,retail,Wed,8,3650.7,14.0,62.8,123.0,229.16,399.56
BLD-00053,office,Tue,11,1640.3,16.7,49.2,62.0,116.98,225.09
BLD-00054,office,Sat,11,1669.2,23.1,67.2,2.0,34.99,91.54
BLD-00055,office,Sun,1,1465.8,24.0,63.2,19.0,68.62,130.69
BLD-00056,office,Mon,13,1274.4,6.8,24.9,56.0,107.96,204.83
BLD-00057,school,Fri,3,2836.2,26.8,52.9,0.0,45.2,93.73
BLD-00058,retail,Fri,17,2061.9,24.0,69.8,64.0,109.9,251.23
BLD-00059,clinic,Wed,16,2258.6,5.0,59.7,66.0,123.9,268.17
BLD-00060,school,Thu,22,4056.4,21.1,63.0,0.0,43.68,95.58
BLD-00061,office,Sat,17,4169.8,15.5,42.2,0.0,57.71,103.2
BLD-00062,office,Wed,8,998.3,18.4,59.4,42.0,89.14,181.57
BLD-00063,office,Mon,23,3002.4,11.3,53.4,3.0,28.17,83.09
BLD-00064,office,Wed,9,2451.7,25.3,51.5,92.0,188.61,312.07
BLD-00065,clinic,Tue,7,1762.8,36.1,43.5,59.0,116.29,268.83
BLD-00066,school,Wed,21,2574.7,24.1,70.6,5.0,46.45,95.87
BLD-00067,office,Tue,8,960.6,4.7,60.9,27.0,63.0,145.68
BLD-00068,office,Tue,1,4439.4,24.3,59.2,3.0,45.68,105.89
BLD-00069,office,Sun,11,2816.9,20.4,89.9,,44.15,127.86
BLD-00070,clinic,Mon,19,1452.3,13.2,63.1,53.0,129.89,227.22
BLD-00071,office,Fri,4,1661.1,24.8,75.4,8.0,52.56,112.73
BLD-00072,office,Sat,11,971.4,29.0,59.6,0.0,43.57,117.83
BLD-00073,office,Fri,3,1892.2,16.7,49.0,0.0,21.68,66.93
BLD-00074,retail,Sun,16,1745.0,8.9,37.0,7.0,21.23,99.69
BLD-00075,school,Mon,11,1164.6,5.9,59.1,54.0,104.73,219.4
BLD-00076,school,Wed,7,3194.0,16.7,15.0,116.0,233.94,329.12
BLD-00077,office,Tue,5,4060.6,20.8,59.6,21.0,66.52,148.95
BLD-00078,office,Fri,13,2171.3,17.9,60.4,70.0,146.2,262.01
BLD-00079,retail,Fri,16,1899.8,16.5,51.3,66.0,118.35,239.41
BLD-00080,office,Sun,22,2710.8,26.5,53.4,5.0,32.05,106.39
BLD-00081,office,Wed,10,2179.4,25.7,33.7,86.0,158.92,281.99
BLD-00082,school,Tue,3,1308.7,23.6,78.6,0.0,48.33,96.8
BLD-00083,office,Sun,19,1608.3,28.5,49.3,0.0,39.44,83.88
BLD-00084,office,Fri,15,1908.2,16.7,38.5,77.0,124.6,254.33
BLD-00085,retail,Sat,16,2478.3,13.2,64.3,5.0,46.08,114.17
BLD-00086,school,Thu,2,2209.9,17.8,56.9,1.0,20.85,73.15
BLD-00087,office,Thu,7,2433.8,17.3,48.9,95.0,167.42,291.35
BLD-00088,office,Wed,18,1058.2,5.6,47.1,41.0,92.84,183.94
BLD-00089,retail,Sat,19,3027.6,17.6,54.9,3.0,52.59,100.79
BLD-00090,office,Tue,10,2203.6,30.8,77.9,81.0,165.81,310.63
BLD-00091,office,Sun,19,7491.4,28.4,63.0,0.0,55.28,136.91
BLD-00092,school,Tue,20,1826.5,26.2,54.4,0.0,32.76,91.26
BLD-00093,school,Thu,9,2569.5,23.1,69.5,92.0,183.74,301.56
BLD-00094,clinic,Wed,21,8554.7,33.6,55.5,4.0,46.46,171.16
BLD-00095,office,Fri,6,2414.8,13.5,61.8,0.0,49.93,89.07
BLD-00096,office,Fri,5,2129.7,14.3,57.6,12.0,41.16,102.02
BLD-00097,school,Sun,16,1369.9,31.0,65.0,4.0,36.09,117.7
BLD-00098,school,Sat,15,4581.5,22.2,47.4,0.0,35.36,89.68
BLD-00099,office,Tue,3,1261.2,16.6,35.6,17.0,40.98,98.55
BLD-00100,school,Tue,19,2700.6,26.4,70.4,101.0,188.92,331.64
BLD-00101,office,Sun,4,1752.7,18.5,80.6,0.0,31.38,96.67
BLD-00102,retail,Thu,19,2008.9,15.3,36.4,88.0,160.98,282.21
BLD-00103,retail,Mon,0,1110.7,15.1,58.0,15.0,47.42,116.51
BLD-00104,office,Sat,19,4191.9,24.6,47.4,0.0,54.03,106.34
BLD-00105,clinic,Fri,18,1925.4,23.6,70.0,70.0,156.63,266.34
BLD-00106,clinic,Mon,18,1227.8,34.1,59.2,44.0,105.44,241.63
BLD-00107,office,Sat,15,4013.8,19.7,98.0,0.0,40.83,120.22
BLD-00108,office,Fri,11,1727.1,19.5,49.9,68.0,114.54,238.9
BLD-00109,school,Fri,16,2583.3,33.5,81.1,103.0,193.1,374.22
BLD-00110,office,Sun,6,3294.8,29.9,82.8,9.0,55.39,151.68
BLD-00111,office,Thu,18,2762.1,23.2,64.1,,195.26,332.98
BLD-00112,office,Thu,13,766.5,9.5,55.6,39.0,72.16,176.01
BLD-00113,clinic,Fri,11,3071.7,15.5,56.6,105.0,200.29,355.43
BLD-00114,office,Tue,12,2096.3,13.6,55.2,93.0,185.5,311.35
BLD-00115,retail,Tue,13,1878.6,22.3,74.3,65.0,117.19,243.73
BLD-00116,office,Sat,0,2087.8,17.9,40.2,0.0,37.2,69.41
BLD-00117,office,Tue,3,1015.8,34.8,52.3,0.0,17.95,112.92
BLD-00118,retail,Thu,5,2412.6,9.4,50.2,0.0,30.61,98.37
BLD-00119,office,Tue,2,1142.9,12.7,25.7,2.0,20.08,71.14
BLD-00120,office,Tue,10,1917.9,24.0,69.6,71.0,132.66,262.22
BLD-00121,office,Fri,16,2371.4,26.2,73.1,90.0,163.06,319.39
BLD-00122,retail,Sat,15,3684.0,1.3,44.2,0.0,40.86,121.98
BLD-00123,office,Thu,11,1484.4,8.1,72.5,58.0,123.84,251.96
BLD-00124,office,Mon,20,4415.9,19.9,28.1,0.0,51.83,84.13
BLD-00125,office,Tue,13,3465.8,32.8,55.4,134.0,230.34,442.52
BLD-00126,office,Tue,1,1790.2,37.1,52.9,10.0,47.76,148.23
BLD-00127,office,Sun,18,1292.1,18.7,56.5,4.0,22.19,81.56
BLD-00128,school,Wed,13,1100.1,20.6,56.4,38.0,82.29,166.69
BLD-00129,office,Wed,15,2506.5,15.3,53.7,96.0,176.45,309.88
BLD-00130,office,Mon,13,1544.3,27.1,48.4,52.0,96.95,206.9
BLD-00131,school,Thu,13,3912.4,34.2,53.2,144.0,259.24,471.77
BLD-00132,retail,Sun,2,1587.7,32.0,78.2,3.0,31.29,126.13
BLD-00133,office,Wed,13,1427.8,21.8,45.2,76.0,143.25,259.81
BLD-00134,office,Fri,19,2461.1,15.3,93.3,82.0,167.09,305.62
BLD-00135,office,Tue,7,1582.7,22.1,44.2,39.0,82.55,158.56
BLD-00136,clinic,Tue,14,2209.0,33.0,59.1,78.0,156.34,325.42
BLD-00137,office,Sat,0,3531.5,18.8,64.7,0.0,50.55,97.4
BLD-00138,office,Mon,8,2327.3,7.5,50.0,81.0,166.63,262.26
BLD-00139,office,Thu,10,2331.5,19.1,78.5,77.0,144.94,272.09
BLD-00140,office,Wed,23,2427.7,19.8,64.3,0.0,21.98,84.87
BLD-00141,office,Mon,5,976.1,7.4,51.5,0.0,18.81,72.83
BLD-00142,office,Thu,6,2655.3,23.9,78.3,12.0,34.75,124.64
BLD-00143,school,Sun,9,2375.5,26.0,37.7,4.0,44.36,93.8
BLD-00144,school,Mon,23,3377.2,36.9,45.4,13.0,62.49,156.39
BLD-00145,retail,Sat,20,2942.5,11.3,64.6,4.0,40.94,104.05
BLD-00146,retail,Thu,0,1996.8,27.8,68.6,11.0,32.73,125.47
BLD-00147,office,Sat,5,3611.1,29.7,60.5,2.0,35.79,114.38
BLD-00148,clinic,Mon,19,1911.7,26.2,52.8,85.0,170.95,309.55
BLD-00149,retail,Sun,1,2477.1,13.9,50.7,8.0,50.01,90.57
BLD-00150,retail,Mon,20,1894.8,13.5,74.2,0.0,37.41,91.97
BLD-00151,retail,Sun,6,2745.9,22.8,59.1,9.0,79.56,117.46
BLD-00152,office,Fri,22,1836.3,22.7,40.2,,38.63,64.26
BLD-00153,office,Wed,7,4851.5,17.5,39.2,176.0,283.82,489.0
BLD-00154,office,Mon,10,5793.8,32.3,80.7,212.0,352.16,638.39
BLD-00155,office,Fri,15,3346.6,18.8,42.8,130.0,233.44,392.7
BLD-00156,school,Mon,3,4610.2,6.9,59.6,0.0,40.63,100.13
BLD-00157,office,Fri,13,1050.9,20.2,78.0,39.0,82.98,185.79
BLD-00158,office,Sat,12,1112.0,25.8,64.2,9.0,38.4,111.69
BLD-00159,clinic,Tue,18,1885.3,24.7,42.1,73.0,131.2,250.74
BLD-00160,retail,Tue,23,2244.0,24.7,37.7,0.0,34.71,82.93
BLD-00161,school,Tue,15,2000.3,34.0,86.8,56.0,127.94,287.18
BLD-00162,office,Tue,9,1000.2,13.1,37.3,53.0,122.82,203.98
BLD-00163,school,Mon,9,3823.7,18.6,45.6,139.0,262.83,419.51
BLD-00164,clinic,Tue,10,6187.1,34.4,61.3,237.0,392.69,717.62
BLD-00165,retail,Fri,19,4068.7,6.3,51.3,156.0,272.07,475.03
BLD-00166,school,Wed,7,3704.4,21.6,64.8,130.0,228.68,388.75
BLD-00167,school,Sat,4,2452.2,31.8,30.0,0.0,37.73,93.94
BLD-00168,office,Sat,8,1467.9,31.7,51.4,0.0,27.04,93.5
BLD-00169,retail,Sat,0,2277.9,27.3,66.5,4.0,34.86,113.21
BLD-00170,clinic,Thu,2,6044.4,27.5,66.6,8.0,72.72,154.14
BLD-00171,office,Wed,2,1858.0,13.7,45.3,0.0,30.42,62.07
BLD-00172,office,Sun,18,1768.4,33.0,37.6,5.0,37.82,111.96
BLD-00173,office,Tue,17,3743.3,12.4,58.6,139.0,249.61,436.7
BLD-00174,office,Thu,16,3864.5,12.9,32.7,150.0,269.22,444.11
BLD-00175,clinic,Thu,11,1464.4,25.1,76.8,54.0,115.68,219.35
BLD-00176,retail,Sat,17,1940.5,18.1,57.7,8.0,57.28,109.24
BLD-00177,office,Thu,3,1729.0,23.7,43.2,6.0,25.06,86.45
BLD-00178,office,Sat,21,2274.8,25.4,37.1,11.0,50.84,101.94
BLD-00179,office,Sun,12,3736.8,36.2,44.2,0.0,35.92,137.83
BLD-00180,office,Wed,22,1495.6,25.5,28.4,0.0,24.97,63.54
BLD-00181,school,Sun,3,3711.7,17.1,63.4,2.0,47.42,95.3
BLD-00182,retail,Tue,11,2310.0,27.4,41.4,85.0,171.71,302.29
BLD-00183,retail,Sun,16,6719.6,15.3,61.8,0.0,42.96,114.6
BLD-00184,office,Tue,11,2563.8,29.3,64.1,83.0,173.62,317.69
BLD-00185,retail,Sat,10,2100.0,22.5,71.4,0.0,16.08,99.78
BLD-00186,retail,Wed,3,2898.9,25.2,59.3,3.0,44.0,108.37
BLD-00187,office,Sun,9,1871.3,7.8,74.1,5.0,28.08,108.94
BLD-00188,school,Mon,5,929.3,4.0,78.6,0.0,19.3,89.31
BLD-00189,school,Thu,7,1960.1,10.0,59.4,60.0,120.44,227.18
BLD-00190,retail,Sun,16,1945.3,36.0,60.4,13.0,45.29,163.35
BLD-00191,office,Mon,15,1024.4,12.8,45.5,39.0,55.96,160.97
BLD-00192,office,Tue,14,2124.2,27.9,38.2,80.0,156.61,288.15
BLD-00193,school,Mon,8,815.7,16.9,76.8,22.0,66.06,137.54
BLD-00194,office,Wed,23,1861.8,20.1,65.3,4.0,33.84,96.39
BLD-00195,office,Wed,2,2472.9,21.6,66.7,1.0,31.0,93.2
BLD-00196,retail,Fri,8,2304.8,35.2,45.0,81.0,148.99,303.55
BLD-00197,office,Tue,2,1806.1,26.7,82.6,0.0,12.11,90.7
BLD-00198,school,Tue,8,2111.5,25.1,51.1,72.0,120.27,232.62
BLD-00199,clinic,Tue,23,1510.0,32.4,41.4,20.0,66.08,151.67
BLD-00200,school,Sun,8,2211.5,16.9,45.2,1.0,42.99,83.13
BLD-00201,school,Sun,21,2262.2,30.5,81.7,10.0,52.02,132.81
BLD-00202,school,Tue,11,1428.1,29.2,36.1,53.0,111.0,203.85
BLD-00203,office,Tue,16,2501.7,29.1,42.2,91.0,176.33,317.65
BLD-00204,office,Mon,10,2494.2,20.8,98.0,88.0,171.14,314.08
BLD-00205,retail,Sun,6,2031.3,18.5,71.0,15.0,44.77,136.77
BLD-00206,office,Fri,18,7032.6,15.0,42.5,258.0,439.36,714.76
BLD-00207,office,Sat,23,2056.3,15.5,36.6,0.0,27.26,68.42
BLD-00208,office,Wed,6,1924.0,14.7,26.6,1.0,28.37,57.47
BLD-00209,retail,Fri,18,1796.3,24.9,56.7,77.0,156.09,268.71
BLD-00210,office,Mon,6,1380.4,20.2,67.4,0.0,43.27,81.34
BLD-00211,retail,Fri,17,3057.8,25.5,80.8,116.0,184.77,377.57
BLD-00212,office,Fri,18,1582.6,25.9,22.8,65.0,123.28,218.49
BLD-00213,school,Wed,10,1675.0,13.5,32.5,58.0,112.63,189.74
BLD-00214,office,Fri,17,1699.1,13.3,53.0,66.0,139.41,243.11
BLD-00215,office,Fri,6,1371.2,20.2,98.0,8.0,24.98,107.94
BLD-00216,school,Thu,1,949.3,15.8,70.1,0.0,5.0,56.45
BLD-00217,retail,Tue,2,1761.6,15.0,61.3,11.0,53.76,113.55
BLD-00218,office,Mon,10,3345.6,35.6,34.2,126.0,234.01,428.41
BLD-00219,office,Sun,21,2418.2,9.7,19.0,3.0,18.33,74.68
BLD-00220,office,Tue,3,4653.1,38.2,55.7,5.0,46.87,145.03
BLD-00221,office,Wed,10,3154.8,24.3,,122.0,232.92,382.09
BLD-00222,school,Fri,16,2829.1,29.9,50.4,124.0,208.54,385.1
BLD-00223,office,Tue,4,5431.0,28.9,48.5,9.0,58.23,130.72
BLD-00224,school,Wed,17,2099.8,26.9,42.3,85.0,162.98,295.13
BLD-00225,office,Fri,7,2267.6,35.3,,87.0,147.29,306.61
BLD-00226,school,Fri,19,2187.9,13.3,78.6,,170.61,314.74
BLD-00227,office,Fri,13,4615.8,20.7,39.9,157.0,259.05,452.53
BLD-00228,school,Mon,13,2202.7,15.2,50.3,69.0,132.67,250.68
BLD-00229,office,Thu,4,1611.7,8.4,54.3,5.0,28.04,79.13
BLD-00230,clinic,Thu,11,2917.0,16.7,67.0,113.0,205.24,371.69
BLD-00231,school,Fri,20,1486.8,37.0,40.5,0.0,34.3,107.92
BLD-00232,retail,Tue,0,2842.0,20.6,71.6,4.0,53.25,100.29
BLD-00233,office,Tue,18,2683.4,37.9,45.1,98.0,203.06,380.92
BLD-00234,office,Sat,11,2008.8,38.7,52.2,10.0,47.11,151.85
BLD-00235,office,Fri,17,2886.5,43.0,82.9,111.0,196.88,438.54
BLD-00236,office,Sat,15,1077.1,37.2,38.5,0.0,22.56,119.07
BLD-00237,retail,Tue,10,2379.0,40.9,67.3,80.0,141.87,342.94
BLD-00238,retail,Sun,7,1761.8,24.6,72.1,0.0,33.53,84.45
BLD-00239,school,Tue,15,8691.5,23.8,60.3,320.0,531.82,881.68
BLD-00240,school,Fri,3,2370.9,24.4,53.0,7.0,47.16,91.74
BLD-00241,office,Tue,14,1652.3,22.0,91.1,58.0,106.28,241.2
BLD-00242,office,Sun,2,1135.3,23.2,54.8,5.0,29.38,86.62
BLD-00243,retail,Wed,15,4116.7,28.0,58.5,143.0,257.29,472.27
BLD-00244,office,Sat,15,1859.7,18.3,49.3,20.0,58.19,127.97
BLD-00245,office,Wed,2,1504.7,11.0,57.6,9.0,22.32,98.33
BLD-00246,clinic,Sat,18,2585.4,24.9,71.4,10.0,47.19,133.14
BLD-00247,clinic,Thu,9,3005.1,16.5,50.3,122.0,209.0,390.56
BLD-00248,school,Mon,18,2982.5,17.3,19.2,119.0,224.24,348.43
BLD-00249,office,Tue,0,2221.0,20.9,63.7,4.0,46.6,95.34
BLD-00250,retail,Fri,4,2374.7,19.0,36.7,3.0,13.17,75.5
BLD-00251,office,Tue,11,2459.2,30.9,67.6,102.0,192.85,358.98
BLD-00252,office,Tue,4,2585.5,20.7,55.0,4.0,42.23,88.12
BLD-00253,office,Thu,7,2697.7,31.3,71.0,,158.95,335.53
BLD-00254,clinic,Tue,15,3720.3,23.6,38.9,153.0,275.16,471.38
BLD-00255,clinic,Mon,3,2260.4,21.3,45.9,0.0,18.24,83.93
BLD-00256,retail,Fri,16,1486.5,23.3,49.2,43.0,103.9,190.37
BLD-00257,office,Fri,2,2052.8,11.7,29.8,12.0,41.75,95.27
BLD-00258,school,Sat,4,3159.1,24.7,73.9,0.0,19.46,94.91
BLD-00259,office,Sun,14,933.3,28.8,27.4,7.0,57.44,99.76
BLD-00260,clinic,Mon,19,935.8,29.9,73.7,52.0,88.28,234.56
BLD-00261,office,Wed,4,3418.6,11.2,62.2,0.0,27.61,73.97
BLD-00262,office,Tue,7,4563.6,9.8,51.6,167.0,284.66,493.68
BLD-00263,retail,Sun,22,1198.6,17.7,60.9,16.0,46.24,111.55
BLD-00264,school,Thu,23,2308.7,33.1,60.4,9.0,51.72,130.28
BLD-00265,retail,Mon,13,1816.1,23.8,48.2,67.0,130.34,246.27
BLD-00266,office,Fri,10,1941.1,15.8,60.1,92.0,177.81,308.65
BLD-00267,retail,Mon,8,2547.5,10.4,67.4,94.0,176.91,337.03
BLD-00268,office,Tue,14,1182.8,16.5,38.9,49.0,83.5,171.35
BLD-00269,office,Sat,14,1293.0,16.0,60.9,17.0,58.17,120.91
BLD-00270,school,Thu,7,1903.8,29.5,15.0,80.0,151.95,259.91
BLD-00271,office,Sat,0,2051.7,30.1,22.2,15.0,46.46,110.97
BLD-00272,school,Thu,3,1281.5,13.6,64.6,0.0,47.86,87.13
BLD-00273,office,Sat,23,3213.9,28.0,47.9,14.0,61.94,130.58
BLD-00274,office,Thu,10,1800.4,27.2,40.5,70.0,143.62,259.63
BLD-00275,retail,Mon,11,1796.8,12.6,54.1,62.0,131.95,237.9
BLD-00276,office,Mon,11,2519.7,21.3,48.3,96.0,171.88,310.93
BLD-00277,retail,Sat,18,2068.0,24.7,38.2,6.0,45.61,93.66
BLD-00278,retail,Mon,1,3288.5,23.3,27.1,19.0,66.81,134.31
BLD-00279,office,Wed,1,1405.5,8.3,21.5,7.0,32.55,69.29
BLD-00280,retail,Mon,6,1124.9,23.0,67.6,0.0,14.28,76.21
BLD-00281,office,Wed,11,1896.0,27.1,47.8,64.0,125.83,233.98
BLD-00282,office,Fri,16,2264.5,34.6,71.5,84.0,162.93,340.85
BLD-00283,office,Tue,11,1212.8,16.6,47.6,37.0,82.51,164.51
BLD-00284,retail,Thu,10,1130.1,17.6,61.0,39.0,83.2,168.16
BLD-00285,school,Sun,22,2401.2,20.3,52.9,2.0,34.88,83.72
BLD-00286,school,Mon,3,1529.2,24.3,55.8,1.0,26.75,71.21
BLD-00287,clinic,Mon,13,1095.5,22.8,56.6,49.0,115.38,217.38
BLD-00288,office,Tue,13,3496.7,26.8,47.4,123.0,223.19,397.68
BLD-00289,clinic,Sat,11,1624.5,13.0,,0.0,23.63,79.73
BLD-00290,retail,Wed,19,3820.4,25.2,68.0,127.0,209.7,408.63
BLD-00291,clinic,Fri,6,2230.3,16.1,82.1,4.0,34.95,112.8
BLD-00292,clinic,Mon,22,2534.4,20.9,83.2,0.0,26.37,107.22
BLD-00293,clinic,Sat,7,1987.6,35.7,45.6,0.0,23.81,122.01
BLD-00294,office,Mon,13,615.1,10.8,42.5,42.0,96.89,167.06
BLD-00295,retail,Fri,12,1274.8,19.8,45.6,56.0,111.9,211.31
BLD-00296,retail,Tue,20,2071.2,11.8,52.0,4.0,19.46,82.61
BLD-00297,school,Sun,10,2620.9,23.2,54.1,6.0,47.67,106.01
BLD-00298,office,Wed,6,931.8,30.4,38.0,2.0,12.91,75.69
BLD-00299,clinic,Tue,0,2144.1,23.4,29.8,0.0,37.51,88.16
BLD-00300,office,Wed,8,1283.7,21.1,55.8,58.0,109.38,207.39
BLD-00301,school,Mon,19,2462.2,32.6,15.0,99.0,181.22,324.52
BLD-00302,school,Tue,0,2179.6,24.6,53.3,0.0,30.47,69.15
BLD-00303,office,Fri,21,3143.5,28.6,38.9,6.0,42.09,104.34
BLD-00304,retail,Wed,13,3671.3,27.7,68.3,138.0,245.78,445.65
BLD-00305,office,Wed,3,2742.2,-1.0,72.8,1.0,35.29,135.23
BLD-00306,retail,Sat,7,3324.9,21.4,73.2,21.0,85.5,150.31
BLD-00307,retail,Mon,13,1859.5,13.4,49.1,86.0,160.68,298.83
BLD-00308,office,Wed,7,8529.7,15.4,35.7,306.0,517.59,836.44
BLD-00309,retail,Tue,2,1225.6,33.8,41.2,2.0,22.81,115.42
BLD-00310,office,Thu,15,1707.7,19.0,59.9,62.0,125.64,230.13
BLD-00311,retail,Wed,16,3390.9,37.1,27.0,120.0,205.33,423.67
BLD-00312,clinic,Mon,2,3157.4,10.7,78.7,0.0,46.13,131.18
BLD-00313,office,Mon,6,2779.9,13.3,49.4,8.0,30.28,95.79
BLD-00314,retail,Sat,5,3042.3,28.1,63.5,20.0,55.73,150.3
BLD-00315,school,Mon,15,809.2,19.3,24.7,45.0,76.45,150.85
BLD-00316,school,Sat,17,4717.7,24.5,39.3,10.0,60.07,118.37
BLD-00317,retail,Sun,17,1994.9,21.1,22.6,0.0,25.74,68.24
BLD-00318,school,Thu,22,4000.8,20.9,72.4,0.0,44.86,96.95
BLD-00319,school,Wed,18,828.9,19.6,52.3,,78.56,154.85
BLD-00320,office,Sat,7,2488.3,23.4,64.7,17.0,62.77,128.04
BLD-00321,office,Sun,2,1678.6,27.1,56.1,8.0,46.51,116.47
BLD-00322,retail,Mon,14,2895.3,34.9,63.0,105.0,193.2,395.59
BLD-00323,office,Sun,21,2561.6,20.4,49.3,15.0,55.06,110.06
BLD-00324,school,Sun,23,2622.6,18.9,51.5,10.0,48.86,97.06
BLD-00325,office,Mon,5,1323.3,17.8,53.4,13.0,37.69,90.26
BLD-00326,retail,Mon,5,2140.7,33.8,,0.0,19.81,115.23
BLD-00327,school,Sat,0,2017.7,27.5,62.3,7.0,46.01,106.81
BLD-00328,office,Mon,3,2790.5,6.8,98.0,18.0,56.48,163.28
BLD-00329,office,Fri,13,3537.1,6.5,83.6,135.0,243.18,440.62
BLD-00330,office,Mon,13,2364.8,15.4,24.8,96.0,190.97,297.14
BLD-00331,clinic,Fri,8,1192.3,23.8,52.6,47.0,92.7,200.29
BLD-00332,school,Tue,7,2316.6,21.7,48.1,88.0,157.27,271.43
BLD-00333,school,Mon,19,7704.3,26.1,76.8,290.0,484.57,811.04
BLD-00334,retail,Mon,11,4847.9,20.6,49.6,172.0,299.78,514.16
BLD-00335,office,Tue,19,527.7,33.2,62.9,17.0,55.75,154.33
BLD-00336,office,Thu,23,2267.9,28.2,15.3,0.0,30.79,71.61
BLD-00337,office,Mon,7,3441.4,22.6,29.3,127.0,247.05,376.82
BLD-00338,office,Sat,4,2015.6,31.2,90.6,0.0,34.27,127.28
BLD-00339,retail,Fri,22,1764.1,8.8,55.9,10.0,51.86,120.06
BLD-00340,clinic,Wed,15,1935.4,21.3,38.0,72.0,137.37,258.41
BLD-00341,clinic,Sun,6,2867.7,23.1,59.1,11.0,60.09,128.7
BLD-00342,clinic,Fri,14,1267.7,26.8,37.1,32.0,73.02,165.95
BLD-00343,school,Fri,12,3892.4,8.3,50.2,150.0,256.13,447.51
BLD-00344,office,Tue,21,2141.7,19.9,30.3,,62.12,101.88
BLD-00345,school,Fri,6,1404.4,25.2,41.6,8.0,39.04,80.95
BLD-00346,clinic,Thu,23,3774.0,25.8,47.9,4.0,45.55,108.45
BLD-00347,retail,Sun,22,1047.9,31.5,74.1,11.0,52.51,143.97
BLD-00348,school,Thu,4,1685.3,28.1,62.9,14.0,51.13,130.01
BLD-00349,retail,Fri,3,1672.1,21.5,65.9,8.0,39.2,91.6
BLD-00350,retail,Wed,12,6156.8,27.4,54.6,229.0,384.77,665.7
BLD-00351,clinic,Mon,1,1583.5,20.4,69.0,17.0,64.45,139.8
BLD-00352,retail,Mon,7,782.0,23.2,40.2,38.0,78.71,161.35
BLD-00353,office,Sun,10,1663.9,28.4,42.5,0.0,28.14,99.55
BLD-00354,office,Sat,23,2737.7,21.6,61.9,14.0,56.82,117.63
BLD-00355,school,Wed,23,3205.3,24.9,50.3,3.0,42.15,102.74
BLD-00356,office,Fri,3,6561.4,29.7,54.8,4.0,64.38,141.82
BLD-00357,clinic,Mon,21,4322.2,27.7,52.2,5.0,46.09,132.53
BLD-00358,school,Mon,2,2407.7,31.9,76.3,12.0,63.39,142.83
BLD-00359,school,Thu,17,1434.2,40.6,77.2,69.0,128.75,317.2
BLD-00360,office,Fri,20,4797.0,27.6,44.4,4.0,50.9,118.65
BLD-00361,school,Sun,21,1843.3,18.3,25.1,18.0,54.54,92.08
BLD-00362,school,Sat,5,1604.1,26.1,42.9,5.0,56.85,76.69
BLD-00363,office,Tue,21,1800.9,25.8,39.8,15.0,48.2,111.05
BLD-00364,retail,Sat,2,1206.1,26.9,69.1,6.0,33.22,109.01
BLD-00365,office,Thu,12,1759.9,34.0,70.6,63.0,124.69,286.36
BLD-00366,office,Sat,11,1967.1,8.5,37.5,19.0,55.7,123.22
BLD-00367,office,Tue,7,3124.2,34.1,42.2,111.0,204.14,372.73
BLD-00368,school,Mon,0,1826.1,36.8,29.9,0.0,41.6,103.78
BLD-00369,retail,Mon,18,1197.3,26.5,57.3,37.0,83.76,177.82
BLD-00370,clinic,Sun,8,1018.8,26.7,54.2,14.0,48.92,144.09
BLD-00371,office,Mon,15,2432.8,20.1,68.4,103.0,183.94,328.08
BLD-00372,clinic,Sun,9,2278.0,22.1,63.5,7.0,36.56,103.74
BLD-00373,retail,Sat,8,1686.0,27.6,65.4,0.0,29.71,100.1
BLD-00374,office,Tue,21,1757.8,27.1,28.8,4.0,35.11,95.06
BLD-00375,office,Sun,2,2651.0,27.8,44.4,2.0,47.34,103.55
BLD-00376,office,Tue,17,4288.4,27.0,71.1,149.0,253.06,476.51
BLD-00377,clinic,Tue,17,1512.8,29.2,45.8,54.0,123.6,237.54
BLD-00378,office,Fri,9,2295.9,28.3,27.3,90.0,164.72,286.63
BLD-00379,school,Wed,6,3484.9,13.8,68.7,0.0,37.42,87.37
BLD-00380,retail,Wed,0,1515.8,28.7,45.2,,26.41,100.95
BLD-00381,clinic,Tue,22,2183.6,36.9,73.1,0.0,36.35,151.53
BLD-00382,retail,Fri,22,2160.2,21.8,54.7,17.0,46.54,117.8
BLD-00383,retail,Mon,5,1172.4,34.0,50.3,1.0,31.92,119.36
BLD-00384,office,Tue,0,2385.3,14.7,78.2,11.0,50.8,114.87
BLD-00385,clinic,Thu,2,2233.6,21.8,32.9,6.0,36.68,85.3
BLD-00386,office,Thu,1,2871.7,16.9,79.4,7.0,23.33,96.82
BLD-00387,office,Fri,19,1244.5,33.0,44.1,39.0,107.08,204.25
BLD-00388,clinic,Tue,21,2210.6,35.1,57.8,0.0,20.3,130.53
BLD-00389,office,Fri,3,4270.3,21.2,57.9,0.0,41.81,99.51
BLD-00390,office,Sat,17,5963.5,31.4,47.7,4.0,44.56,146.03
BLD-00391,school,Wed,4,4067.1,35.2,42.0,15.0,71.25,152.05
BLD-00392,office,Tue,8,1250.4,21.7,48.7,52.0,101.21,190.62
BLD-00393,office,Thu,14,2731.8,23.0,37.8,94.0,166.41,300.04
BLD-00394,school,Fri,17,1744.6,27.9,88.4,67.0,135.43,261.47
BLD-00395,retail,Mon,20,2521.2,15.3,46.8,3.0,23.87,79.4
BLD-00396,retail,Thu,1,1518.6,22.9,74.7,1.0,25.44,101.24
BLD-00397,office,Tue,4,966.6,39.1,72.5,4.0,38.77,147.64
BLD-00398,school,Thu,6,1864.7,18.0,61.2,10.0,59.53,98.86
BLD-00399,retail,Sun,7,3112.1,28.8,52.7,0.0,24.82,99.81
BLD-00400,office,Thu,23,2526.2,26.2,58.3,1.0,27.49,97.34
BLD-00401,office,Sat,18,2669.4,20.7,64.7,12.0,54.2,117.98
BLD-00402,office,Wed,7,2440.8,23.8,56.7,95.0,154.29,299.98
BLD-00403,school,Sun,23,2671.5,36.0,28.4,14.0,67.26,131.8
BLD-00404,office,Sat,11,2836.6,26.4,24.1,15.0,45.85,116.45
BLD-00405,retail,Sun,12,1928.2,27.7,80.7,0.0,25.34,116.82
BLD-00406,clinic,Sat,10,2289.3,34.8,15.0,6.0,42.77,134.1
BLD-00407,office,Fri,3,5079.5,19.7,58.3,0.0,42.83,86.01
BLD-00408,school,Thu,22,2355.2,13.6,51.0,0.0,21.78,67.72
BLD-00409,office,Sun,0,2245.4,36.1,57.7,0.0,48.2,138.6
BLD-00410,office,Sat,4,2311.4,23.1,35.6,2.0,8.49,61.38
BLD-00411,retail,Wed,5,1981.5,29.1,61.0,2.0,21.71,105.47
BLD-00412,office,Mon,6,1785.1,15.9,58.5,0.0,22.77,72.41
BLD-00413,clinic,Mon,3,2431.8,25.1,98.0,4.0,28.23,125.48
BLD-00414,school,Tue,0,1725.8,13.2,57.2,24.0,77.1,141.9
BLD-00415,office,Mon,16,2051.6,22.5,77.9,63.0,108.12,231.7
BLD-00416,office,Tue,23,1505.3,16.8,29.5,13.0,63.1,96.09
BLD-00417,office,Mon,2,2317.1,15.0,72.3,4.0,34.49,98.04
BLD-00418,clinic,Sun,7,2912.1,19.6,58.8,0.0,20.04,94.64
BLD-00419,retail,Mon,12,1987.2,3.7,59.6,59.0,97.44,241.46
BLD-00420,office,Fri,22,839.0,12.7,59.8,10.0,38.2,103.92
BLD-00421,school,Wed,16,2920.7,28.3,84.0,97.0,172.16,343.8
BLD-00422,retail,Tue,18,2330.6,24.8,59.3,94.0,174.69,320.53
BLD-00423,retail,Fri,13,1365.8,13.4,41.7,67.0,123.46,237.7
BLD-00424,office,Sun,10,3188.7,26.4,44.5,0.0,44.31,100.39
BLD-00425,office,Sat,4,1124.4,15.0,68.9,13.0,44.57,112.55
BLD-00426,office,Sun,20,3633.7,27.8,62.6,4.0,38.3,107.08
BLD-00427,office,Fri,19,2140.2,21.1,29.0,64.0,136.29,221.94
BLD-00428,school,Fri,0,740.4,19.4,63.7,0.0,27.24,72.99
BLD-00429,office,Tue,17,2396.6,21.3,36.6,91.0,175.83,301.96
BLD-00430,office,Sat,2,1810.3,42.5,62.5,7.0,51.23,168.56
BLD-00431,office,Sat,17,1684.0,15.9,41.3,0.0,25.8,74.99
BLD-00432,office,Tue,19,1544.0,23.8,50.2,59.0,117.06,214.81
BLD-00433,clinic,Wed,3,2069.7,28.3,,11.0,55.22,131.21
BLD-00434,school,Fri,10,1742.9,14.3,80.8,74.0,115.47,248.65
BLD-00435,office,Mon,2,902.3,9.2,61.8,1.0,26.09,84.37
BLD-00436,school,Sat,13,4051.3,17.2,76.4,8.0,47.96,123.54
BLD-00437,office,Tue,22,1956.5,28.1,98.0,13.0,53.07,142.66
BLD-00438,retail,Mon,1,1548.3,19.3,55.8,11.0,36.68,111.09
BLD-00439,school,Wed,9,1279.9,20.2,80.5,57.0,123.57,213.42
BLD-00440,school,Sat,23,3184.9,29.3,43.1,5.0,34.86,104.87
BLD-00441,clinic,Tue,7,1179.6,15.5,76.3,45.0,89.63,183.71
BLD-00442,retail,Thu,3,2346.1,21.3,41.3,6.0,33.74,86.35
BLD-00443,retail,Sat,11,1662.5,9.9,54.7,0.0,40.95,100.19
BLD-00444,office,Mon,12,1709.6,24.6,64.1,74.0,118.98,264.1
BLD-00445,office,Sat,15,1295.3,23.8,66.8,0.0,45.05,96.42
BLD-00446,retail,Wed,7,1633.5,28.4,33.4,58.0,130.27,224.27
BLD-00447,school,Fri,22,2209.3,12.8,40.3,4.0,31.19,78.27
BLD-00448,retail,Tue,12,2463.1,20.5,65.4,96.0,186.12,334.21
BLD-00449,retail,Mon,6,1508.9,11.8,48.7,,42.84,109.74
BLD-00450,office,Sat,23,2106.0,20.0,31.2,16.0,70.95,100.68
BLD-00451,office,Sat,22,3370.0,33.9,53.8,5.0,52.49,135.89
BLD-00452,school,Sun,11,990.4,19.4,53.0,0.0,47.89,65.29
BLD-00453,office,Fri,0,2193.4,11.1,58.0,3.0,19.65,77.96
BLD-00454,retail,Thu,14,1393.9,16.6,64.0,51.0,105.99,208.32
BLD-00455,retail,Tue,13,1327.3,9.1,62.9,56.0,94.07,229.95
BLD-00456,school,Wed,3,2493.6,11.6,41.9,0.0,26.79,67.19
BLD-00457,retail,Fri,15,1693.4,27.4,48.0,63.0,145.77,253.71
BLD-00458,school,Wed,20,1226.8,10.4,70.8,17.0,57.09,126.15
BLD-00459,retail,Thu,2,4154.2,24.5,45.8,5.0,55.96,106.45
BLD-00460,office,Tue,17,3421.6,22.2,48.3,118.0,217.83,357.05
BLD-00461,retail,Thu,3,870.2,17.7,29.4,1.0,31.49,60.39
BLD-00462,retail,Tue,17,1084.1,23.8,54.5,25.0,58.61,141.66
BLD-00463,office,Mon,10,2925.1,14.5,60.9,108.0,188.61,346.01
BLD-00464,school,Mon,0,1918.8,28.7,,17.0,49.68,108.07
BLD-00465,retail,Thu,23,4521.0,16.4,36.8,0.0,12.78,79.16
BLD-00466,office,Wed,3,2957.4,18.9,30.8,0.0,33.01,74.36
BLD-00467,retail,Mon,14,2540.1,18.0,68.4,89.0,168.06,318.84
BLD-00468,clinic,Thu,4,1347.1,27.5,22.5,11.0,37.7,105.96
BLD-00469,retail,Tue,22,2785.3,26.4,53.7,18.0,58.83,131.68
BLD-00470,office,Mon,17,1192.5,1.0,67.2,50.0,107.02,221.89
BLD-00471,school,Mon,19,4116.4,24.0,58.2,141.0,258.81,422.97
BLD-00472,clinic,Thu,10,2694.2,8.0,47.5,100.0,170.8,329.56
BLD-00473,school,Sun,11,1480.7,19.3,60.9,18.0,46.98,117.66
BLD-00474,office,Tue,15,3237.2,21.1,72.6,117.0,217.98,393.0
BLD-00475,office,Tue,18,6452.0,19.2,53.2,236.0,407.7,669.27
BLD-00476,retail,Tue,20,1981.8,26.0,16.9,6.0,52.37,89.07
BLD-00477,office,Wed,0,2865.3,27.8,74.5,0.0,46.49,118.48
BLD-00478,office,Sat,15,1788.1,15.8,61.8,12.0,71.3,119.49
BLD-00479,office,Wed,2,2292.0,15.5,54.4,11.0,44.74,109.31
BLD-00480,retail,Fri,6,1067.1,21.7,21.3,0.0,42.05,69.32
BLD-00481,school,Sun,19,2199.4,9.7,49.9,0.0,21.6,76.95
BLD-00482,retail,Sun,6,2246.5,18.2,40.1,0.0,54.93,96.61
BLD-00483,retail,Thu,19,5217.3,32.8,34.3,196.0,341.42,597.88
BLD-00484,clinic,Fri,11,929.5,9.9,52.7,31.0,77.64,169.82
BLD-00485,clinic,Sun,5,1922.5,19.3,45.9,7.0,50.09,102.66
BLD-00486,office,Sat,8,4082.7,17.3,47.0,3.0,29.28,84.16
BLD-00487,retail,Wed,12,1958.9,38.0,67.6,75.0,131.59,322.71
BLD-00488,office,Mon,18,2026.3,17.7,59.3,80.0,151.26,272.63
BLD-00489,clinic,Mon,14,1474.8,18.2,46.6,59.0,119.86,228.08
BLD-00490,office,Sun,22,1406.1,13.8,44.4,4.0,54.45,84.79
BLD-00491,retail,Thu,20,915.8,22.1,47.3,7.0,26.67,76.76
BLD-00492,retail,Wed,18,1626.5,24.2,50.8,64.0,139.91,239.67
BLD-00493,office,Wed,14,1368.3,14.9,64.9,51.0,101.32,196.65
BLD-00494,retail,Tue,6,2328.2,29.9,37.3,1.0,30.02,100.22
BLD-00495,office,Sat,9,1507.4,24.2,79.8,19.0,54.89,138.75
BLD-00496,office,Fri,2,1747.6,28.8,64.9,0.0,25.94,97.42
BLD-00497,school,Sun,8,1770.7,19.4,15.0,15.0,56.45,90.99
BLD-00498,office,Wed,22,2149.7,23.9,56.5,0.0,26.65,75.57
BLD-00499,school,Thu,10,1707.0,20.3,72.7,71.0,121.22,242.26
BLD-00500,clinic,Mon,2,1321.5,33.7,61.6,18.0,51.61,157.59
BLD-00501,office,Sun,15,2292.5,22.9,48.0,1.0,37.24,94.08
BLD-00502,school,Thu,23,3672.4,22.1,54.0,0.0,22.67,79.51
BLD-00503,clinic,Thu,20,2339.9,18.3,58.0,1.0,38.68,104.92
BLD-00504,retail,Wed,6,1641.7,17.9,68.1,4.0,46.37,110.15
BLD-00505,office,Tue,10,2073.7,23.9,30.9,81.0,166.59,266.71
BLD-00506,clinic,Sun,12,822.1,28.6,44.7,4.0,34.67,107.16
BLD-00507,office,Thu,5,2057.6,16.5,82.9,1.0,13.68,77.06
BLD-00508,school,Fri,6,1815.4,23.0,55.6,20.0,65.74,115.85
BLD-00509,school,Mon,5,1405.5,23.5,81.0,2.0,40.29,91.58
BLD-00510,retail,Tue,23,1533.3,24.9,98.0,0.0,21.17,93.82
BLD-00511,office,Sat,17,1806.8,8.3,46.6,11.0,45.0,106.18
BLD-00512,office,Mon,20,3542.5,14.6,34.6,11.0,57.51,102.52
BLD-00513,retail,Mon,19,3716.0,11.1,50.5,148.0,276.74,460.01
BLD-00514,office,Sat,23,1409.1,22.3,73.7,19.0,53.58,123.44
BLD-00515,school,Wed,2,1715.6,14.8,76.1,7.0,48.27,102.44
BLD-00516,retail,Tue,21,1736.7,18.0,93.6,2.0,35.11,118.43
BLD-00517,retail,Thu,1,3244.8,12.4,54.4,,36.97,82.05
BLD-00518,office,Tue,11,2359.1,18.8,63.3,81.0,166.24,292.57
BLD-00519,office,Mon,14,2300.2,13.0,42.9,88.0,154.89,289.97
BLD-00520,clinic,Mon,8,2845.9,28.1,15.0,96.0,179.69,323.91
BLD-00521,office,Mon,3,1652.3,25.8,54.3,0.0,28.88,89.21
BLD-00522,office,Tue,4,4233.9,23.2,35.4,5.0,31.37,83.59
BLD-00523,office,Fri,19,2198.2,19.6,65.9,89.0,176.62,301.55
BLD-00524,office,Wed,7,1458.8,5.7,23.0,54.0,117.13,191.38
BLD-00525,clinic,Mon,7,1970.4,18.3,42.4,82.0,153.22,270.82
BLD-00526,office,Mon,22,3974.0,15.9,59.6,9.0,48.78,111.55
BLD-00527,office,Thu,3,1793.9,24.0,61.3,13.0,48.68,115.51
BLD-00528,school,Sat,21,3470.3,27.0,54.2,21.0,74.45,149.83
BLD-00529,office,Wed,22,1629.5,24.6,86.7,25.0,66.55,166.43
BLD-00530,office,Mon,14,1523.4,32.1,81.7,64.0,117.42,273.61
BLD-00531,clinic,Tue,3,3019.4,17.5,43.4,0.0,28.91,93.29
BLD-00532,retail,Thu,3,1446.2,17.1,82.4,4.0,33.66,104.4
BLD-00533,office,Tue,6,3265.1,30.3,85.0,17.0,51.23,153.6
BLD-00534,office,Sun,13,2604.5,23.3,52.9,0.0,35.75,89.65
BLD-00535,office,Sat,3,1446.5,20.0,55.8,16.0,43.86,109.34
BLD-00536,office,Wed,10,2125.8,36.8,54.1,79.0,139.46,308.75
BLD-00537,school,Sun,2,1690.5,26.6,44.0,6.0,69.69,95.39
BLD-00538,school,Wed,12,2601.2,20.5,45.7,90.0,186.8,291.32
BLD-00539,retail,Mon,0,5444.5,16.5,77.4,0.0,45.22,112.01
BLD-00540,clinic,Sun,17,1841.4,32.6,62.4,2.0,40.88,132.79
BLD-00541,office,Sun,1,2842.5,23.7,45.6,14.0,64.58,124.18
BLD-00542,clinic,Wed,4,2226.0,22.2,39.3,0.0,30.15,66.58
BLD-00543,school,Fri,4,2225.6,27.4,42.1,17.0,59.23,121.98
BLD-00544,office,Tue,19,2032.3,29.0,52.2,72.0,135.51,269.69
BLD-00545,retail,Fri,1,1457.8,26.4,70.5,0.0,40.39,96.75
BLD-00546,office,Fri,10,2584.0,29.1,40.4,98.0,192.03,331.42
BLD-00547,school,Fri,14,1915.3,25.6,70.3,78.0,162.28,284.78
BLD-00548,retail,Thu,12,1425.0,26.4,58.3,,114.36,231.18
BLD-00549,office,Fri,16,3579.6,16.1,57.4,133.0,257.5,421.85
BLD-00550,retail,Thu,19,2307.1,36.5,72.4,99.0,178.96,380.97
BLD-00551,office,Sat,9,1971.8,12.1,69.3,5.0,57.86,106.28
BLD-00552,retail,Tue,19,4185.7,24.5,31.1,150.0,259.11,433.74
BLD-00553,office,Thu,7,911.3,11.3,36.6,27.0,53.17,123.08
BLD-00554,office,Wed,23,4052.8,21.2,51.1,14.0,79.49,123.81
BLD-00555,office,Thu,12,1441.9,17.4,61.1,52.0,112.37,206.13
BLD-00556,retail,Mon,17,2435.1,23.1,78.2,88.0,168.93,316.44
BLD-00557,office,Wed,21,1659.0,24.7,56.1,12.0,43.03,105.64
BLD-00558,clinic,Sun,19,1412.6,14.3,84.0,20.0,49.2,149.81
BLD-00559,office,Mon,20,4133.5,21.8,43.0,6.0,40.03,109.33
BLD-00560,school,Fri,12,5362.6,33.1,45.9,194.0,335.84,592.85
BLD-00561,office,Fri,1,1978.4,11.5,49.8,4.0,34.41,95.46
BLD-00562,office,Thu,11,2584.4,15.2,41.1,93.0,152.43,294.29
BLD-00563,clinic,Mon,4,2261.0,28.9,74.7,1.0,49.48,129.29
BLD-00564,office,Mon,21,5048.5,22.6,15.0,1.0,39.5,77.87
BLD-00565,retail,Tue,5,797.8,23.2,46.4,11.0,54.08,105.5
BLD-00566,school,Mon,5,2636.6,30.2,74.5,3.0,29.99,119.34
BLD-00567,school,Mon,5,1551.8,15.6,49.7,15.0,52.26,102.53
BLD-00568,school,Tue,15,710.1,17.8,73.2,28.0,76.56,143.85
BLD-00569,clinic,Tue,13,1850.4,16.9,92.4,67.0,138.25,269.18
BLD-00570,retail,Sat,22,5341.6,19.2,56.4,,61.69,137.45
BLD-00571,school,Fri,9,1605.7,32.7,74.9,62.0,126.52,257.36
BLD-00572,school,Mon,6,3215.6,8.4,96.1,3.0,46.12,125.6
BLD-00573,school,Fri,1,3911.1,12.4,61.8,4.0,42.17,107.19
BLD-00574,office,Mon,0,2186.6,11.1,54.2,16.0,43.61,115.21
BLD-00575,school,Wed,8,2331.0,33.2,70.3,90.0,160.08,335.16
BLD-00576,office,Mon,22,965.3,17.1,75.1,14.0,43.07,114.79
BLD-00577,retail,Mon,12,1560.0,19.4,54.3,58.0,115.5,223.28
BLD-00578,clinic,Mon,21,3400.2,9.1,46.8,13.0,71.02,138.82
BLD-00579,clinic,Thu,2,2265.0,19.9,84.2,6.0,49.13,118.99
BLD-00580,retail,Thu,2,2624.2,28.9,50.4,11.0,40.84,119.22
BLD-00581,school,Wed,20,2345.2,24.0,75.3,12.0,67.75,114.55
BLD-00582,retail,Fri,2,6300.4,21.1,59.5,0.0,46.41,105.3
BLD-00583,office,Sat,1,1789.3,9.5,86.1,5.0,43.38,127.96
BLD-00584,school,Sat,9,4754.3,19.4,40.6,12.0,49.63,98.27
BLD-00585,office,Fri,22,2345.6,23.2,40.5,13.0,46.36,94.89
BLD-00586,office,Thu,16,4961.3,14.1,69.5,191.0,338.72,562.19
BLD-00587,clinic,Thu,2,1222.0,27.2,35.8,5.0,25.6,90.83
BLD-00588,retail,Tue,20,2403.9,29.1,57.0,16.0,56.17,144.55
BLD-00589,school,Thu,20,1821.2,17.8,81.3,0.0,33.99,83.17
BLD-00590,office,Mon,19,2352.3,27.8,24.7,76.0,135.18,254.52
BLD-00591,retail,Sun,21,3955.9,21.1,61.8,2.0,23.05,90.07
BLD-00592,office,Wed,5,2638.7,31.2,75.6,14.0,62.63,152.76
BLD-00593,retail,Sat,23,3952.1,38.3,54.6,0.0,66.44,159.25
BLD-00594,clinic,Sun,7,1594.8,13.3,39.2,0.0,32.97,78.54
BLD-00595,office,Thu,19,1482.2,28.2,50.5,43.0,98.94,205.9
BLD-00596,office,Sun,13,2217.1,32.4,40.7,10.0,37.03,129.92
BLD-00597,office,Thu,18,2159.6,14.2,56.2,70.0,150.34,253.29
BLD-00598,office,Mon,15,2012.2,17.4,50.3,80.0,146.28,255.05
BLD-00599,office,Mon,15,1388.6,17.3,46.3,51.0,115.69,202.63
BLD-00600,office,Mon,14,3911.1,20.9,62.9,,250.72,418.03
BLD-00601,office,Sun,18,1848.4,19.1,81.8,0.0,35.71,100.21
BLD-00602,office,Thu,17,4362.2,20.4,60.6,161.0,286.88,484.27
BLD-00603,office,Wed,3,2213.5,28.7,77.8,0.0,36.47,115.76
BLD-00604,retail,Thu,19,3003.3,6.8,81.8,111.0,203.35,377.97
BLD-00605,office,Tue,12,2875.3,14.2,45.0,110.0,208.19,348.74
BLD-00606,retail,Sun,7,1481.1,27.4,59.7,9.0,34.16,115.51
BLD-00607,office,Sun,12,2624.0,26.4,47.8,11.0,46.61,113.85
BLD-00608,office,Mon,23,5551.4,13.5,29.8,5.0,66.39,106.99
BLD-00609,office,Sat,20,2482.4,26.5,61.0,0.0,33.66,98.0
BLD-00610,retail,Wed,20,3390.8,32.6,37.1,8.0,44.3,129.67
BLD-00611,office,Mon,11,3068.6,21.6,63.2,119.0,223.12,388.7
BLD-00612,school,Sun,18,2549.4,13.9,28.6,3.0,45.07,78.98
BLD-00613,office,Mon,9,2406.0,29.0,57.9,88.0,150.63,295.69
BLD-00614,clinic,Tue,16,2861.0,35.8,28.3,126.0,229.74,438.55
BLD-00615,office,Mon,15,3173.5,14.9,,107.0,196.57,347.97
BLD-00616,office,Thu,5,1149.6,22.3,48.3,8.0,45.72,94.7
BLD-00617,retail,Fri,6,2477.3,30.7,46.7,12.0,50.02,135.68
BLD-00618,office,Wed,1,2014.0,22.9,74.2,1.0,36.2,77.09
BLD-00619,office,Mon,3,1823.1,8.0,49.5,3.0,15.48,87.25
BLD-00620,retail,Mon,10,4098.1,25.5,56.9,147.0,249.94,451.25
BLD-00621,office,Sun,11,1547.4,14.2,51.6,4.0,41.59,88.14
BLD-00622,office,Sat,3,1126.3,11.8,63.6,11.0,69.22,113.92
BLD-00623,office,Sun,10,3223.3,8.2,72.7,,41.57,119.24
BLD-00624,office,Thu,14,1112.6,31.5,69.2,69.0,123.02,270.93
BLD-00625,clinic,Thu,5,872.0,15.3,47.1,0.0,26.84,84.69
BLD-00626,school,Sat,8,3402.2,24.7,75.6,15.0,49.17,120.23
BLD-00627,school,Fri,8,2374.2,26.6,39.4,93.0,183.5,303.82
BLD-00628,office,Thu,12,2760.4,23.3,42.4,103.0,188.02,332.49
BLD-00629,retail,Wed,8,1779.1,24.4,52.8,79.0,158.15,279.85
BLD-00630,retail,Thu,17,1132.0,25.0,,32.0,72.99,175.08
BLD-00631,office,Mon,7,1245.2,23.1,35.1,52.0,116.4,187.36
BLD-00632,clinic,Tue,10,1930.6,15.9,70.2,67.0,113.99,249.89
BLD-00633,school,Sat,9,1194.5,15.2,54.1,1.0,28.52,63.49
BLD-00634,retail,Sun,4,2549.4,21.2,47.6,0.0,37.59,78.84
BLD-00635,office,Mon,16,1762.0,21.0,73.7,59.0,114.86,225.45
BLD-00636,office,Mon,5,2404.3,25.4,41.4,0.0,35.21,74.14
BLD-00637,retail,Mon,7,2370.1,30.8,93.9,92.0,172.91,359.16
BLD-00638,retail,Sat,19,2648.8,24.8,52.0,3.0,47.58,92.78
BLD-00639,office,Wed,22,2796.1,15.5,57.5,2.0,42.4,96.7
BLD-00640,office,Wed,16,1865.2,4.6,81.2,77.0,148.89,291.29
BLD-00641,retail,Mon,21,2403.1,15.8,58.0,8.0,52.41,101.89
BLD-00642,office,Sun,20,2463.9,11.2,75.2,2.0,21.33,89.17
BLD-00643,office,Thu,11,685.6,16.2,21.8,53.0,96.72,172.22
BLD-00644,school,Sat,18,3000.5,23.9,47.5,12.0,38.15,110.14
BLD-00645,office,Fri,7,2364.2,22.7,61.7,108.0,198.94,343.1
BLD-00646,office,Mon,11,2884.1,36.9,73.4,104.0,193.67,394.02
BLD-00647,office,Sat,12,1186.2,25.9,68.1,6.0,49.6,130.82
BLD-00648,clinic,Thu,23,1890.6,37.3,66.5,0.0,33.08,146.88
BLD-00649,office,Fri,20,1302.8,27.7,73.0,1.0,22.39,97.74
BLD-00650,retail,Tue,11,3145.2,30.7,63.1,112.0,203.92,385.83
BLD-00651,clinic,Sat,15,1120.8,19.1,18.6,28.0,49.73,125.45
BLD-00652,retail,Sun,4,1408.8,13.4,79.5,0.0,23.55,88.74
BLD-00653,school,Wed,19,2843.2,18.4,40.8,104.0,165.9,313.64
BLD-00654,school,Mon,13,1626.4,21.9,60.3,50.0,106.79,203.24
BLD-00655,office,Sat,12,1408.9,17.0,58.1,8.0,36.84,107.35
BLD-00656,school,Sun,18,3399.7,14.0,55.8,0.0,34.28,80.83
BLD-00657,clinic,Thu,15,3467.2,25.3,36.2,135.0,229.05,422.48
BLD-00658,retail,Fri,1,3111.3,14.0,22.0,0.0,27.76,70.66
BLD-00659,office,Tue,6,3306.3,9.7,38.0,3.0,46.65,95.3
BLD-00660,office,Mon,4,1968.6,13.0,69.0,0.0,15.51,76.0
BLD-00661,clinic,Sun,17,1994.2,20.1,30.4,0.0,35.03,76.44
BLD-00662,office,Thu,0,1611.8,14.1,40.0,2.0,23.33,71.98
BLD-00663,retail,Tue,4,2384.4,20.2,62.1,0.0,14.73,86.72
BLD-00664,office,Fri,14,1707.6,26.8,37.5,61.0,132.59,230.89
BLD-00665,retail,Mon,16,1787.1,26.6,45.8,76.0,156.44,282.48
BLD-00666,retail,Mon,12,2934.1,16.7,56.4,126.0,217.34,398.73
BLD-00667,school,Tue,20,3884.7,11.6,59.8,7.0,42.55,102.68
BLD-00668,office,Thu,22,2663.5,17.4,37.2,0.0,30.15,61.27
BLD-00669,retail,Wed,3,5205.6,27.2,57.4,5.0,42.22,116.65
BLD-00670,office,Tue,22,1568.0,29.1,61.8,1.0,23.43,93.43
BLD-00671,office,Wed,14,910.5,24.8,33.4,44.0,96.14,175.72
BLD-00672,school,Wed,15,3100.2,31.6,58.7,117.0,230.64,401.73
BLD-00673,office,Thu,2,1518.9,35.8,42.8,0.0,24.53,110.97
BLD-00674,retail,Thu,14,1929.2,18.1,57.1,82.0,162.95,286.98
BLD-00675,office,Sun,17,940.8,33.9,67.3,12.0,47.29,154.09
BLD-00676,office,Sat,13,1428.8,19.9,52.0,16.0,34.99,106.29
BLD-00677,clinic,Wed,2,1069.7,30.2,70.5,0.0,26.03,122.53
BLD-00678,office,Sun,12,1786.0,27.7,,6.0,36.64,123.84
BLD-00679,school,Thu,22,1820.4,6.2,70.4,0.0,43.93,104.17
BLD-00680,retail,Tue,17,2297.1,14.3,61.9,86.0,175.24,299.21
BLD-00681,clinic,Wed,3,3988.9,12.2,73.7,7.0,52.22,131.9
BLD-00682,school,Sat,23,3044.6,7.7,61.5,0.0,46.32,101.89
BLD-00683,retail,Sat,23,1009.9,29.0,26.7,7.0,35.08,94.41
BLD-00684,office,Wed,4,2945.6,38.6,41.5,5.0,52.48,143.59
BLD-00685,office,Tue,19,2321.2,19.9,51.4,83.0,156.79,271.33
BLD-00686,clinic,Tue,9,2099.1,28.8,53.5,90.0,176.37,322.61
BLD-00687,clinic,Mon,14,2176.2,33.9,61.1,80.0,162.7,325.73
BLD-00688,school,Fri,10,2427.0,23.7,41.3,92.0,176.87,311.88
BLD-00689,school,Thu,18,1578.3,21.8,,49.0,94.4,193.49
BLD-00690,school,Thu,23,2015.6,20.0,53.3,8.0,37.86,82.26
BLD-00691,office,Fri,19,3883.5,26.3,54.9,139.0,253.56,436.38
BLD-00692,clinic,Sat,22,1569.2,29.0,43.6,12.0,55.21,126.88
BLD-00693,retail,Sat,22,1341.9,25.7,37.9,0.0,28.95,75.51
BLD-00694,school,Mon,2,2135.8,25.4,52.9,7.0,37.92,96.97
BLD-00695,office,Fri,6,1278.6,21.6,55.5,0.0,29.03,79.49
BLD-00696,office,Sun,17,962.3,9.3,53.5,9.0,36.56,102.53
BLD-00697,office,Sat,14,1864.7,29.2,83.1,3.0,31.23,130.9
BLD-00698,retail,Wed,1,4409.7,11.7,52.9,7.0,69.74,113.29
BLD-00699,school,Wed,2,2159.6,27.0,53.5,0.0,25.88,78.93
BLD-00700,office,Sun,12,2396.9,28.0,68.9,0.0,36.67,114.61
BLD-00701,school,Mon,14,791.4,12.9,52.1,29.0,70.19,154.6
BLD-00702,clinic,Thu,4,2714.9,17.1,64.2,6.0,29.59,101.76
BLD-00703,office,Mon,4,2300.8,39.0,33.3,9.0,32.09,134.75
BLD-00704,school,Sun,3,1598.9,21.4,33.4,6.0,36.58,73.31
BLD-00705,school,Mon,13,2398.6,12.2,57.1,82.0,135.07,273.8
BLD-00706,office,Mon,0,2387.2,28.4,51.1,19.0,78.35,141.82
BLD-00707,school,Wed,13,1323.0,15.8,41.2,54.0,104.68,187.04
BLD-00708,school,Tue,11,2579.9,6.6,57.1,91.0,164.39,306.32
BLD-00709,office,Thu,11,3908.2,26.2,58.6,147.0,270.36,462.01
BLD-00710,office,Wed,16,1972.0,14.7,42.9,76.0,142.48,254.66
BLD-00711,retail,Wed,12,1450.7,24.6,46.2,54.0,115.31,223.43
BLD-00712,office,Thu,17,2020.2,15.5,58.7,74.0,135.35,256.84
BLD-00713,school,Thu,18,3315.7,27.7,37.6,130.0,230.72,400.74
BLD-00714,school,Sun,22,1221.2,23.5,44.7,18.0,63.57,112.07
BLD-00715,retail,Thu,19,2904.2,1.3,64.1,91.0,161.5,328.3
BLD-00716,retail,Thu,12,1588.8,25.1,54.6,71.0,140.13,268.02
BLD-00717,retail,Fri,11,2471.1,19.7,46.9,92.0,145.72,287.23
BLD-00718,school,Tue,5,1678.0,33.3,39.6,6.0,50.37,112.33
BLD-00719,office,Fri,14,1675.8,25.2,37.8,75.0,135.64,253.54
BLD-00720,office,Sun,3,4570.1,28.0,52.8,0.0,39.42,108.98
BLD-00721,office,Wed,22,1118.6,16.3,89.4,11.0,41.99,119.77
BLD-00722,office,Tue,20,2777.2,15.7,64.6,14.0,44.36,111.2
BLD-00723,office,Wed,2,5050.5,21.8,32.3,0.0,31.69,72.82
BLD-00724,office,Tue,18,3057.2,19.1,67.0,102.0,192.44,337.82
BLD-00725,office,Fri,2,1161.3,32.7,42.1,,57.83,130.64
BLD-00726,office,Sun,17,1189.2,20.8,54.9,0.0,17.9,80.06
BLD-00727,office,Fri,2,1533.7,12.2,45.0,7.0,44.05,89.34
BLD-00728,retail,Mon,11,2373.2,15.4,89.4,97.0,182.57,333.46
BLD-00729,school,Wed,15,2452.0,29.7,35.7,95.0,170.53,309.95
BLD-00730,retail,Fri,17,1194.9,20.7,60.3,51.0,90.34,203.23
BLD-00731,school,Wed,10,1447.1,20.2,43.3,54.0,108.41,195.47
BLD-00732,retail,Fri,22,1490.3,30.5,67.6,8.0,43.61,125.83
BLD-00733,retail,Fri,18,2017.2,14.7,60.0,70.0,134.48,253.78
BLD-00734,office,Wed,4,5703.7,4.1,76.3,0.0,38.89,120.04
BLD-00735,clinic,Fri,16,1405.7,15.2,67.2,54.0,113.29,226.92
BLD-00736,office,Wed,17,1376.5,23.9,43.2,41.0,101.66,186.78
BLD-00737,school,Mon,8,1277.0,20.0,98.0,54.0,100.41,228.78
BLD-00738,retail,Wed,17,2984.8,9.5,64.4,91.0,167.46,319.89
BLD-00739,office,Thu,21,2156.8,30.1,45.6,7.0,68.56,125.38
BLD-00740,school,Mon,19,1430.8,23.3,58.5,59.0,119.13,217.88
BLD-00741,office,Sun,18,1848.4,25.1,65.7,0.0,16.73,77.52
BLD-00742,office,Thu,15,1504.6,25.4,65.1,48.0,95.24,199.71
BLD-00743,office,Mon,6,2535.7,11.6,63.4,1.0,26.07,74.76
BLD-00744,office,Sun,19,7980.2,24.4,71.4,9.0,71.22,154.37
BLD-00745,office,Sat,8,2865.9,29.3,69.8,7.0,47.04,139.67
BLD-00746,school,Mon,12,2104.0,31.1,40.6,70.0,129.05,268.11
BLD-00747,school,Tue,7,1598.8,27.8,90.8,62.0,139.96,256.34
BLD-00748,school,Wed,7,1154.5,26.1,88.5,47.0,97.97,203.97
BLD-00749,retail,Thu,3,3128.7,8.1,68.6,6.0,38.96,117.05
BLD-00750,office,Sat,23,3048.2,21.9,55.7,0.0,21.98,85.04
BLD-00751,office,Wed,3,1759.0,14.3,56.0,5.0,27.59,86.13
BLD-00752,retail,Fri,2,3938.7,32.3,49.5,11.0,41.79,143.21
BLD-00753,clinic,Mon,22,2222.4,31.0,51.7,8.0,40.98,126.45
BLD-00754,office,Fri,13,3191.0,14.4,17.8,121.0,207.41,358.72
BLD-00755,office,Sun,10,2536.1,21.6,81.0,17.0,65.48,140.55
BLD-00756,retail,Thu,17,2020.7,24.0,75.0,78.0,141.24,287.47
BLD-00757,clinic,Thu,9,1391.1,29.2,26.5,47.0,106.47,212.03
BLD-00758,office,Wed,3,2051.6,8.6,70.1,0.0,35.12,87.18
BLD-00759,office,Sun,17,3295.8,4.3,54.9,5.0,49.14,120.55
BLD-00760,office,Mon,4,1723.8,22.3,51.6,0.0,37.86,74.28
BLD-00761,school,Wed,13,2717.0,1.7,63.4,99.0,201.3,350.54
BLD-00762,clinic,Mon,22,1308.3,23.3,25.4,8.0,30.74,79.51
BLD-00763,retail,Sun,22,3199.2,26.7,54.8,13.0,62.76,130.31
BLD-00764,office,Thu,8,2556.6,31.9,56.4,83.0,160.71,302.19
BLD-00765,school,Sun,18,1235.5,17.0,56.4,5.0,45.07,92.64
BLD-00766,retail,Fri,14,1975.7,23.3,31.8,74.0,142.01,257.12
BLD-00767,school,Thu,11,3440.3,27.2,62.6,127.0,238.02,410.85
BLD-00768,retail,Thu,3,1202.2,12.6,73.0,,21.39,85.24
BLD-00769,office,Tue,9,1315.7,29.3,61.9,51.0,93.72,227.63
BLD-00770,office,Thu,15,2127.8,24.2,51.1,91.0,161.32,298.6
BLD-00771,school,Fri,23,6125.5,17.2,98.0,14.0,66.75,163.5
BLD-00772,school,Sun,0,1593.0,23.1,39.3,21.0,60.34,116.98
BLD-00773,clinic,Thu,17,2790.4,20.9,68.1,104.0,181.76,348.57
BLD-00774,school,Sun,20,2492.6,28.2,59.1,1.0,23.56,104.52
BLD-00775,office,Sun,22,1657.8,19.1,89.2,0.0,22.08,94.32
BLD-00776,office,Thu,10,2376.9,23.8,61.6,85.0,141.91,283.71
BLD-00777,school,Thu,2,1774.5,17.0,65.2,10.0,41.22,96.17
BLD-00778,office,Mon,6,1852.8,14.5,63.6,11.0,45.33,113.02
BLD-00779,retail,Tue,20,991.1,23.4,37.0,9.0,43.87,87.99
BLD-00780,office,Sun,21,2174.3,14.8,40.2,0.0,32.37,68.08
BLD-00781,office,Mon,15,3387.3,28.4,50.3,120.0,233.48,395.11
BLD-00782,school,Wed,2,2261.5,26.7,71.3,20.0,69.17,140.01
BLD-00783,office,Fri,2,3713.2,15.9,59.0,0.0,44.23,87.78
BLD-00784,retail,Tue,11,2906.7,23.7,51.5,119.0,215.77,388.21
BLD-00785,school,Sun,14,2138.0,15.8,78.3,7.0,46.41,117.98
BLD-00786,school,Fri,0,1627.5,9.2,21.3,0.0,26.3,60.26
BLD-00787,retail,Mon,16,1742.0,17.2,33.0,57.0,115.46,207.09
BLD-00788,retail,Tue,13,1086.1,21.6,15.0,37.0,101.06,153.56
BLD-00789,retail,Sat,0,1935.3,26.2,75.5,7.0,39.54,116.82
BLD-00790,office,Sun,2,2359.7,23.2,53.4,0.0,18.12,85.71
BLD-00791,office,Sun,10,5012.1,29.3,71.4,16.0,73.02,170.39
BLD-00792,retail,Sat,17,2835.0,14.2,53.1,2.0,45.09,104.77
BLD-00793,school,Mon,19,1452.6,19.0,72.4,61.0,120.86,226.35
BLD-00794,school,Sat,10,1102.5,35.2,52.8,9.0,21.13,120.53
BLD-00795,school,Mon,7,1992.3,6.6,62.0,88.0,174.84,301.08
BLD-00796,retail,Mon,23,3248.2,18.4,59.5,0.0,37.29,86.05
BLD-00797,office,Fri,11,1978.9,13.4,60.7,76.0,140.81,273.33
BLD-00798,school,Thu,7,2853.7,20.4,83.6,95.0,187.8,315.64
BLD-00799,office,Fri,10,2016.8,18.5,27.4,77.0,125.32,236.93
BLD-00800,office,Sat,0,3103.8,26.8,53.8,13.0,55.03,130.9
BLD-00801,retail,Mon,7,1022.0,24.0,58.4,42.0,83.68,172.99
BLD-00802,school,Thu,12,4751.5,11.6,55.8,192.0,343.93,559.72
BLD-00803,office,Sat,22,1289.8,17.3,48.2,8.0,41.59,72.71
BLD-00804,clinic,Thu,17,3220.2,22.0,45.9,115.0,198.73,363.98
BLD-00805,retail,Thu,18,1930.6,27.9,81.0,77.0,156.6,305.6
BLD-00806,school,Thu,13,2081.0,41.5,53.8,67.0,106.23,294.39
BLD-00807,clinic,Sun,2,1959.6,27.6,96.4,0.0,34.92,131.21
BLD-00808,office,Mon,9,2487.2,13.9,64.0,83.0,143.82,279.64
BLD-00809,retail,Sun,23,2740.3,21.2,50.1,4.0,34.34,97.65
BLD-00810,office,Sat,1,3656.4,23.4,64.4,4.0,40.22,98.64
BLD-00811,office,Sat,21,4324.4,17.8,56.9,14.0,69.4,126.85
BLD-00812,office,Wed,16,2579.9,25.8,77.8,95.0,196.85,333.23
BLD-00813,office,Thu,6,5007.9,3.8,35.1,0.0,24.24,95.5
BLD-00814,school,Wed,18,2300.4,26.4,24.4,99.0,184.16,305.32
BLD-00815,office,Tue,20,3690.0,18.2,61.1,0.0,58.78,104.33
BLD-00816,school,Sun,1,2702.7,21.1,69.2,4.0,33.08,87.25
BLD-00817,office,Thu,2,1690.2,33.7,59.9,6.0,31.41,123.61
BLD-00818,office,Sat,15,2400.0,11.9,66.4,4.0,39.96,103.57
BLD-00819,clinic,Mon,23,2801.0,24.2,63.9,8.0,53.49,125.17
BLD-00820,retail,Sat,0,2166.3,28.4,29.8,5.0,44.74,112.23
BLD-00821,clinic,Fri,15,2682.2,23.4,59.8,104.0,185.14,329.75
BLD-00822,school,Sun,3,3332.9,9.1,77.4,0.0,27.31,97.61
BLD-00823,office,Mon,15,2175.5,32.8,57.9,70.0,148.86,298.28
BLD-00824,school,Thu,14,535.5,20.3,32.7,23.0,50.9,107.06
BLD-00825,school,Thu,2,4923.5,17.8,49.3,0.0,22.53,82.01
BLD-00826,office,Thu,16,1907.2,19.5,64.5,66.0,114.09,246.19
BLD-00827,retail,Mon,21,1481.8,18.9,85.5,13.0,41.67,122.28
BLD-00828,school,Thu,20,1282.6,12.5,21.7,16.0,66.06,91.99
BLD-00829,retail,Wed,0,1871.9,23.3,61.1,13.0,37.1,118.57
BLD-00830,school,Fri,5,1679.2,17.2,39.2,12.0,61.94,98.2
BLD-00831,school,Tue,5,1544.5,27.4,63.6,4.0,47.25,101.61
BLD-00832,office,Thu,10,1585.7,26.1,65.0,69.0,134.1,261.75
BLD-00833,clinic,Fri,3,2837.0,35.0,51.0,7.0,18.36,146.16
BLD-00834,office,Mon,20,5830.1,20.3,65.7,20.0,63.48,148.2
BLD-00835,office,Sat,18,3262.0,15.6,74.4,0.0,28.71,98.33
BLD-00836,office,Sat,19,3770.9,10.2,52.2,9.0,67.89,125.81
BLD-00837,school,Mon,4,1835.5,39.5,32.3,0.0,23.65,114.27
BLD-00838,clinic,Mon,0,2313.4,27.3,79.2,9.0,37.02,143.05
BLD-00839,clinic,Sat,21,2699.8,16.5,69.1,0.0,34.68,95.14
BLD-00840,retail,Tue,6,1603.0,35.5,64.6,0.0,14.32,122.56
BLD-00841,clinic,Sun,15,1793.4,32.8,43.3,0.0,28.93,126.66
BLD-00842,retail,Thu,21,3315.6,11.2,71.8,6.0,36.28,108.96
BLD-00843,office,Wed,0,3712.8,16.0,89.7,7.0,74.23,138.09
BLD-00844,school,Tue,0,2272.3,20.9,,24.0,57.91,126.69
BLD-00845,office,Fri,0,1239.6,13.4,56.6,3.0,50.76,97.21
BLD-00846,office,Mon,3,1909.0,21.2,,10.0,33.23,89.19
BLD-00847,office,Wed,1,1101.4,27.7,42.8,5.0,36.53,91.34
BLD-00848,office,Wed,19,2280.9,11.0,36.7,91.0,172.63,294.95
BLD-00849,clinic,Tue,14,2486.9,24.3,57.2,94.0,174.37,330.66
BLD-00850,clinic,Wed,23,1931.9,31.3,49.2,13.0,50.03,156.1
BLD-00851,office,Thu,19,2470.6,25.2,61.3,84.0,166.5,295.18
BLD-00852,retail,Fri,23,2687.4,21.4,39.8,0.0,36.92,78.21
BLD-00853,office,Mon,5,2488.7,16.7,52.2,7.0,40.73,92.79
BLD-00854,office,Sun,6,1235.8,28.6,38.8,0.0,20.2,79.85
BLD-00855,office,Sun,20,1948.2,12.6,58.2,14.0,49.14,106.95
BLD-00856,office,Fri,5,2678.3,23.9,27.3,0.0,30.93,66.4
BLD-00857,office,Sun,1,4693.8,22.2,57.6,0.0,38.8,87.69
BLD-00858,office,Wed,16,1930.8,31.0,50.3,95.0,172.99,327.22
BLD-00859,office,Sat,19,2865.8,17.3,58.1,4.0,25.37,94.57
BLD-00860,office,Sat,23,3353.4,18.0,26.9,2.0,28.14,70.34
BLD-00861,clinic,Thu,22,2001.9,12.1,66.1,10.0,53.33,121.11
BLD-00862,office,Tue,2,3817.9,25.5,49.9,11.0,31.27,109.55
BLD-00863,office,Thu,18,3917.7,18.6,58.7,153.0,279.14,459.91
BLD-00864,school,Sun,20,4267.6,15.1,23.2,0.0,33.48,66.01
BLD-00865,office,Sun,16,2741.5,15.9,33.9,8.0,61.66,92.68
BLD-00866,school,Thu,19,6830.0,26.3,48.4,246.0,430.58,690.8
BLD-00867,office,Tue,20,1637.4,13.2,78.4,0.0,25.28,79.67
BLD-00868,school,Sat,10,6098.3,13.9,64.0,4.0,50.16,109.73
BLD-00869,school,Mon,0,3181.1,29.2,57.2,0.0,50.66,101.64
BLD-00870,retail,Tue,10,4186.4,20.7,39.3,,292.98,470.37
BLD-00871,school,Thu,4,1886.7,29.6,36.2,2.0,42.27,95.25
BLD-00872,office,Sun,2,3299.6,19.1,59.7,0.0,46.64,102.45
BLD-00873,office,Wed,2,4364.1,22.0,66.9,3.0,33.08,105.36
BLD-00874,office,Thu,16,1305.4,23.3,58.6,49.0,102.77,197.12
BLD-00875,school,Wed,12,2034.1,33.1,84.1,86.0,151.43,331.36
BLD-00876,office,Thu,12,787.1,32.4,43.4,23.0,48.52,151.71
BLD-00877,office,Mon,17,2019.5,31.2,58.0,73.0,141.22,281.42
BLD-00878,retail,Fri,13,1487.0,17.0,26.2,55.0,106.31,207.18
BLD-00879,office,Fri,15,1981.6,14.1,,66.0,127.26,255.04
BLD-00880,office,Wed,2,8951.4,28.1,80.0,5.0,60.31,149.62
BLD-00881,retail,Tue,20,5017.9,33.0,37.3,0.0,29.53,128.06
BLD-00882,office,Sat,10,1102.4,31.3,69.3,0.0,43.38,113.64
BLD-00883,retail,Tue,3,2872.6,22.1,79.5,8.0,47.05,118.46
BLD-00884,clinic,Mon,19,3228.3,27.8,43.3,132.0,218.49,416.1
BLD-00885,clinic,Mon,17,1870.6,28.0,62.9,71.0,137.8,291.98
BLD-00886,office,Sun,1,2396.6,23.2,81.9,3.0,51.3,110.5
BLD-00887,office,Wed,4,2511.6,23.5,58.9,3.0,46.13,98.03
BLD-00888,school,Mon,0,1152.7,22.8,68.4,0.0,21.42,78.31
BLD-00889,school,Sun,6,1341.0,15.7,24.8,13.0,41.92,86.09
BLD-00890,school,Tue,2,2389.7,16.5,65.2,5.0,29.49,90.86
BLD-00891,office,Wed,17,2307.5,16.4,63.8,69.0,127.31,255.81
BLD-00892,office,Mon,12,1565.7,9.2,32.5,70.0,126.65,237.11
BLD-00893,office,Fri,23,1502.5,23.1,38.6,12.0,31.33,79.1
BLD-00894,office,Fri,17,2107.2,21.7,65.3,84.0,151.99,296.94
BLD-00895,office,Sat,14,3366.3,28.1,49.9,0.0,38.9,101.41
BLD-00896,clinic,Tue,12,2120.7,32.1,73.9,80.0,146.34,322.08
BLD-00897,office,Wed,1,4794.0,32.6,60.3,11.0,59.85,153.78
BLD-00898,school,Sun,1,1575.3,33.3,56.0,7.0,55.02,124.76
BLD-00899,clinic,Sat,14,2413.7,15.9,52.1,6.0,59.01,114.39
BLD-00900,office,Mon,0,1855.9,10.5,60.0,11.0,45.24,113.53
BLD-00901,school,Fri,1,2917.4,29.4,68.6,5.0,49.97,123.63
BLD-00902,retail,Sat,5,1511.8,33.1,64.1,14.0,47.38,154.25
BLD-00903,office,Thu,21,5548.9,34.4,47.8,5.0,46.82,147.15
BLD-00904,school,Fri,11,977.2,25.9,76.1,40.0,74.74,180.05
BLD-00905,retail,Mon,17,5012.3,6.0,66.2,190.0,327.92,574.36
BLD-00906,retail,Mon,9,2297.1,24.9,61.5,83.0,166.53,303.16
BLD-00907,retail,Mon,4,2868.0,26.4,56.6,0.0,20.73,90.73
BLD-00908,clinic,Tue,8,4174.6,32.0,63.5,153.0,265.33,494.98
BLD-00909,office,Sun,2,3320.6,33.4,23.9,9.0,45.43,128.86
BLD-00910,retail,Fri,18,1549.7,29.3,59.1,,131.17,265.13
BLD-00911,school,Sat,4,2934.4,17.3,82.9,11.0,52.87,116.65
BLD-00912,retail,Wed,9,5391.6,13.8,58.7,196.0,342.94,571.19
BLD-00913,retail,Sun,23,1437.0,26.3,56.4,3.0,51.22,110.54
BLD-00914,retail,Tue,14,6081.8,15.7,44.9,216.0,361.62,620.78
BLD-00915,clinic,Sun,11,2647.4,33.8,63.4,6.0,32.34,152.12
BLD-00916,office,Mon,13,1786.9,8.4,51.7,55.0,114.12,215.83
BLD-00917,retail,Mon,18,1432.9,26.5,77.3,55.0,124.76,243.04
BLD-00918,office,Mon,6,1976.4,24.6,40.3,27.0,55.78,131.08
BLD-00919,school,Sat,15,860.6,20.3,47.3,0.0,28.76,64.07
BLD-00920,retail,Tue,20,1802.4,14.6,44.8,5.0,34.7,82.69
BLD-00921,retail,Thu,13,1939.2,5.5,86.2,76.0,152.3,309.37
BLD-00922,office,Thu,10,1313.6,17.7,51.8,55.0,116.04,214.94
BLD-00923,school,Sat,3,3150.1,17.9,45.7,0.0,35.09,67.29
BLD-00924,office,Wed,5,1980.7,30.9,19.5,8.0,46.8,98.32
BLD-00925,office,Mon,22,1621.4,15.7,39.5,0.0,21.9,67.51
BLD-00926,office,Wed,12,1881.9,25.6,64.0,60.0,127.53,239.08
BLD-00927,clinic,Wed,7,2608.8,11.7,63.9,105.0,203.8,357.14
BLD-00928,office,Sat,10,2278.7,25.8,43.9,9.0,45.62,104.56
BLD-00929,clinic,Sat,13,1571.4,4.1,44.9,0.0,24.21,108.57
BLD-00930,office,Mon,12,2336.8,38.8,86.6,83.0,154.4,348.57
BLD-00931,retail,Sat,16,2147.1,20.9,98.0,0.0,38.49,119.41
BLD-00932,school,Mon,6,1273.2,-0.4,74.5,0.0,26.67,92.89
BLD-00933,retail,Fri,15,1915.5,16.3,81.5,79.0,136.17,291.67
BLD-00934,school,Wed,10,2905.3,15.0,85.1,114.0,214.14,371.26
BLD-00935,retail,Wed,22,2895.3,16.8,92.6,1.0,25.25,109.03
BLD-00936,clinic,Thu,3,1970.1,19.1,49.9,4.0,40.13,98.16
BLD-00937,school,Wed,3,3044.4,16.7,40.1,5.0,23.01,64.25
BLD-00938,office,Sat,11,1374.5,15.5,86.2,6.0,37.58,118.52
BLD-00939,office,Sun,12,1395.1,12.7,38.6,0.0,26.9,75.56
BLD-00940,retail,Sat,16,1950.0,28.6,37.5,8.0,22.13,112.58
BLD-00941,school,Thu,9,4514.5,31.6,37.9,156.0,277.39,474.41
BLD-00942,school,Thu,21,2379.3,20.0,52.8,9.0,34.0,91.29
BLD-00943,school,Thu,11,1927.6,21.9,21.3,64.0,126.56,202.46
BLD-00944,office,Sat,3,4616.5,13.0,30.6,0.0,36.35,80.84
BLD-00945,retail,Thu,2,1916.9,22.6,44.4,4.0,20.86,74.39
BLD-00946,retail,Thu,23,6431.0,23.8,34.7,4.0,43.27,136.33
BLD-00947,retail,Wed,3,1721.2,20.2,73.1,5.0,26.73,101.72
BLD-00948,retail,Wed,22,1353.7,25.2,55.1,0.0,37.24,96.73
BLD-00949,clinic,Thu,6,2031.2,24.5,64.8,6.0,47.48,115.39
BLD-00950,school,Fri,2,1952.1,13.6,62.9,6.0,60.75,102.37
BLD-00951,clinic,Thu,7,1492.9,31.5,51.5,67.0,123.35,272.39
BLD-00952,office,Sat,14,7670.7,20.3,71.8,5.0,54.74,131.37
BLD-00953,school,Sat,10,2563.6,35.4,62.7,0.0,33.6,123.35
BLD-00954,retail,Thu,18,2749.2,25.4,49.6,91.0,165.94,315.08
BLD-00955,school,Sun,14,1762.5,37.8,26.4,0.0,23.22,112.37
BLD-00956,office,Tue,9,1667.3,31.4,63.9,66.0,128.21,261.72
BLD-00957,school,Sun,15,3599.2,23.8,33.6,10.0,58.43,103.39
BLD-00958,office,Wed,23,984.2,16.2,61.5,0.0,5.0,58.8
BLD-00959,clinic,Thu,9,1271.1,16.4,56.3,51.0,97.86,194.01
BLD-00960,office,Tue,3,1953.7,26.3,31.9,3.0,20.29,65.67
BLD-00961,office,Thu,9,4207.9,23.1,59.4,160.0,277.29,475.33
BLD-00962,school,Wed,20,1838.0,17.3,58.3,11.0,50.18,104.21
BLD-00963,office,Fri,5,2686.4,28.7,58.3,0.0,43.92,120.17
BLD-00964,office,Mon,22,2229.5,22.3,57.5,12.0,44.58,106.34
BLD-00965,school,Sat,14,4098.7,28.7,43.9,6.0,48.46,111.49
BLD-00966,school,Sun,14,1028.2,14.2,65.1,0.0,9.29,73.62
BLD-00967,office,Thu,7,3132.2,30.0,43.3,112.0,193.92,364.21
BLD-00968,school,Thu,22,1999.7,26.0,36.7,4.0,38.07,87.69
BLD-00969,school,Fri,0,3429.5,31.6,66.5,0.0,22.13,115.65
BLD-00970,retail,Tue,7,1484.7,29.8,70.9,50.0,115.31,234.1
BLD-00971,office,Sat,10,2225.9,21.3,65.3,0.0,36.14,90.24
BLD-00972,office,Tue,11,2094.4,20.7,51.5,70.0,126.33,247.82
BLD-00973,clinic,Fri,11,1359.7,36.3,22.0,63.0,107.12,256.01
BLD-00974,school,Wed,3,1189.9,19.7,80.2,4.0,25.57,75.32
BLD-00975,office,Sat,5,1665.1,28.0,21.8,22.0,52.67,133.56
BLD-00976,retail,Sat,2,2341.6,18.9,65.0,7.0,29.7,100.87
BLD-00977,office,Tue,13,1529.8,7.1,90.9,63.0,108.55,261.04
BLD-00978,retail,Fri,8,1877.7,12.2,57.5,63.0,121.71,217.67
BLD-00979,retail,Thu,13,889.8,25.2,60.0,34.0,83.88,185.46
BLD-00980,clinic,Wed,14,1841.4,27.6,61.4,70.0,127.25,284.05
BLD-00981,clinic,Fri,16,3595.8,25.3,58.4,127.0,231.33,407.81
BLD-00982,office,Sun,13,3086.2,31.2,95.0,0.0,31.07,136.86
BLD-00983,retail,Mon,15,2110.1,25.1,40.7,83.0,161.06,289.87
BLD-00984,office,Sun,14,2472.9,15.8,38.5,8.0,36.03,86.83
BLD-00985,school,Sat,15,1478.3,26.8,49.4,0.0,30.72,89.11
BLD-00986,school,Thu,14,4797.9,23.4,84.6,178.0,309.39,543.85
BLD-00987,office,Fri,7,5935.7,17.4,45.2,220.0,389.37,621.4
BLD-00988,office,Wed,5,2381.1,25.8,62.3,0.0,37.11,84.65
BLD-00989,office,Mon,18,7629.2,22.6,73.2,271.0,461.58,762.54
BLD-00990,office,Fri,8,1587.2,17.2,68.2,64.0,109.65,226.8
BLD-00991,office,Sat,13,1206.8,20.6,72.3,0.0,21.57,85.63
BLD-00992,clinic,Tue,4,1564.9,33.3,79.1,4.0,26.26,139.61
BLD-00993,school,Sat,10,1980.0,33.0,60.2,17.0,47.2,148.23
BLD-00994,retail,Sat,12,6674.2,23.5,47.2,0.0,48.85,104.51
BLD-00995,retail,Sat,15,1922.3,22.5,57.5,11.0,48.6,122.75
BLD-00996,retail,Wed,12,1456.2,10.5,49.2,60.0,120.62,235.59
BLD-00997,office,Wed,8,1429.3,35.8,97.9,44.0,106.33,254.03
BLD-00998,retail,Wed,23,3802.5,30.3,45.9,8.0,54.05,134.81
BLD-00999,retail,Sat,12,3550.8,28.0,63.2,12.0,41.92,140.52
BLD-01000,retail,Sun,19,1742.7,3.8,29.5,0.0,31.0,84.29
BLD-01001,clinic,Wed,17,894.1,22.3,57.3,30.0,76.42,156.53
BLD-01002,school,Sun,13,1279.8,21.0,50.1,4.0,45.74,95.89
BLD-01003,school,Thu,21,5026.2,27.5,66.5,12.0,58.56,138.11
BLD-01004,clinic,Wed,3,3062.1,18.4,66.9,0.0,32.8,91.09
BLD-01005,school,Mon,22,2270.2,20.1,79.1,4.0,47.87,99.93
BLD-01006,retail,Fri,20,5395.1,27.0,77.7,0.0,45.37,115.34
BLD-01007,office,Fri,12,5631.9,15.8,53.9,205.0,336.04,586.09
BLD-01008,office,Sun,17,2162.4,17.4,38.9,12.0,30.52,96.86
BLD-01009,school,Sat,12,2181.5,23.5,40.9,5.0,56.63,90.46
BLD-01010,office,Mon,6,1663.8,32.7,60.1,1.0,13.02,100.61
BLD-01011,clinic,Thu,19,1919.1,28.5,57.7,,136.0,282.62
BLD-01012,office,Sat,5,1077.9,30.6,59.4,0.0,35.14,101.42
BLD-01013,retail,Thu,7,1075.8,22.5,45.9,34.0,59.66,131.96
BLD-01014,office,Thu,12,962.3,34.0,79.4,48.0,87.03,245.46
BLD-01015,clinic,Sat,20,3702.2,8.1,30.0,17.0,49.84,125.84
BLD-01016,office,Fri,9,1039.8,38.2,45.0,27.0,84.67,185.5
BLD-01017,office,Fri,11,5609.4,39.2,36.7,209.0,378.12,664.72
BLD-01018,office,Thu,0,1549.4,25.7,51.4,11.0,37.36,110.21
BLD-01019,school,Tue,2,5065.2,28.7,76.2,0.0,48.06,119.62
BLD-01020,clinic,Thu,1,1846.4,21.7,50.1,0.0,32.47,78.69
BLD-01021,clinic,Sun,1,1037.4,20.3,56.7,0.0,23.34,77.28
BLD-01022,office,Fri,20,4074.2,17.1,66.3,19.0,50.53,131.57
BLD-01023,school,Fri,20,4311.8,21.6,49.3,17.0,87.82,138.79
BLD-01024,office,Mon,19,1424.1,26.4,61.5,47.0,80.04,202.07
BLD-01025,school,Sun,1,1876.2,25.4,59.3,0.0,31.63,82.78
BLD-01026,school,Tue,1,1424.3,37.9,35.8,10.0,36.22,136.7
BLD-01027,office,Sun,6,2076.3,22.8,47.1,8.0,52.39,95.59
BLD-01028,school,Thu,13,2316.9,10.1,61.0,97.0,185.23,319.66
BLD-01029,clinic,Sun,8,1858.5,35.2,76.8,0.0,19.65,129.65
BLD-01030,office,Sun,11,918.9,12.2,76.8,10.0,32.77,114.07
BLD-01031,office,Sat,4,1664.7,17.5,90.6,0.0,13.16,93.74
BLD-01032,office,Sun,17,3083.7,24.2,63.3,9.0,49.78,116.86
BLD-01033,office,Fri,7,1990.1,25.3,48.0,75.0,149.57,265.9
BLD-01034,office,Sat,1,1880.0,10.4,53.9,19.0,53.6,122.97
BLD-01035,school,Tue,17,1407.3,16.0,53.1,58.0,112.18,209.71
BLD-01036,office,Mon,21,1641.5,10.2,48.1,1.0,49.14,86.05
BLD-01037,retail,Thu,0,4326.5,27.0,61.5,5.0,56.17,134.69
BLD-01038,clinic,Sat,10,1273.0,31.5,62.3,3.0,45.07,135.71
BLD-01039,clinic,Sat,19,3109.5,12.2,35.0,0.0,12.02,81.22
BLD-01040,retail,Thu,16,2250.3,30.0,73.5,100.0,186.47,362.55
BLD-01041,office,Thu,20,2474.3,29.4,23.8,17.0,59.91,117.35
BLD-01042,office,Fri,9,1547.9,16.7,51.2,58.0,102.67,193.22
BLD-01043,office,Sun,8,1858.2,6.1,74.5,10.0,33.99,117.52
BLD-01044,clinic,Sat,17,2194.0,13.4,65.3,20.0,58.59,148.43
BLD-01045,clinic,Mon,3,1713.5,17.2,48.9,14.0,36.43,114.86
BLD-01046,office,Fri,5,2579.4,34.3,88.5,2.0,27.33,138.56
BLD-01047,office,Wed,14,2740.2,21.1,47.5,101.0,179.84,319.79
BLD-01048,school,Sat,16,6242.3,13.9,21.0,0.0,52.7,71.06
BLD-01049,office,Thu,2,2514.3,23.2,62.7,10.0,39.99,110.25
BLD-01050,clinic,Sun,12,878.6,11.6,24.8,14.0,42.04,109.55
BLD-01051,office,Thu,8,3844.7,26.1,40.9,151.0,274.12,456.59
BLD-01052,office,Fri,12,1994.9,14.2,65.6,81.0,133.84,275.67
BLD-01053,office,Mon,23,5778.7,15.3,47.2,7.0,57.89,119.42
BLD-01054,office,Sun,1,4457.1,25.0,64.9,0.0,43.72,101.77
BLD-01055,office,Tue,23,1726.2,36.0,35.3,7.0,43.57,128.15
BLD-01056,retail,Wed,10,3111.1,39.6,69.6,110.0,194.43,421.81
BLD-01057,office,Sat,18,1654.3,13.7,26.3,8.0,29.97,83.16
BLD-01058,school,Sun,10,2202.8,17.2,77.4,0.0,46.01,97.47
BLD-01059,office,Thu,7,3043.3,26.1,46.9,117.0,201.11,363.31
BLD-01060,office,Thu,18,3753.5,31.4,81.0,149.0,249.34,483.82
BLD-01061,office,Mon,16,3380.9,4.7,40.7,128.0,227.73,403.58
BLD-01062,office,Sun,3,2280.6,22.7,87.7,7.0,34.23,116.61
BLD-01063,office,Mon,16,7246.4,18.1,38.7,270.0,466.49,740.05
BLD-01064,office,Mon,18,1846.4,6.6,24.5,84.0,152.73,270.79
BLD-01065,retail,Thu,9,1017.1,11.3,55.7,39.0,96.37,189.82
BLD-01066,retail,Mon,22,1115.6,17.5,76.0,8.0,42.95,104.49
BLD-01067,clinic,Tue,15,4463.7,22.5,68.4,176.0,299.97,534.44
BLD-01068,office,Fri,8,2120.5,30.1,74.8,85.0,169.12,325.36
BLD-01069,retail,Fri,0,2374.5,24.8,68.8,0.0,24.99,94.51
BLD-01070,retail,Wed,16,1695.6,29.6,41.1,59.0,114.08,234.07
BLD-01071,office,Sat,5,1770.3,22.2,68.0,10.0,49.37,115.58
BLD-01072,office,Fri,18,1507.8,16.4,56.6,55.0,112.8,208.03
BLD-01073,school,Tue,12,2758.3,20.5,42.9,114.0,197.3,342.8
BLD-01074,retail,Fri,11,2099.5,27.6,58.0,94.0,156.03,309.17
BLD-01075,school,Fri,3,2710.8,30.3,54.0,0.0,32.66,98.37
BLD-01076,office,Sat,17,2589.3,20.8,79.1,0.0,25.09,100.43
BLD-01077,clinic,Tue,3,1793.3,14.6,46.2,1.0,30.97,82.9
BLD-01078,office,Tue,10,1092.3,24.7,45.5,40.0,82.16,161.29
BLD-01079,clinic,Wed,20,1047.6,25.8,43.1,16.0,43.01,117.78
BLD-01080,retail,Wed,22,9405.1,31.9,87.2,0.0,56.94,168.96
BLD-01081,retail,Sun,23,4472.6,16.6,44.1,10.0,54.16,112.43
BLD-01082,retail,Sat,22,4186.0,16.7,77.0,,68.19,142.02
BLD-01083,office,Thu,13,1591.5,28.0,37.5,67.0,133.1,258.79
BLD-01084,school,Thu,4,2210.1,18.7,63.6,7.0,62.28,104.01
BLD-01085,retail,Sun,20,1487.5,18.4,59.5,3.0,33.86,78.23
BLD-01086,retail,Thu,19,1171.9,32.0,76.0,61.0,111.46,263.07
BLD-01087,office,Tue,23,1658.4,11.0,73.5,2.0,29.97,94.23
BLD-01088,office,Mon,15,4158.0,38.4,56.4,160.0,284.32,542.98
BLD-01089,office,Wed,3,3293.7,17.1,45.9,3.0,49.71,89.4
BLD-01090,school,Fri,12,1381.0,28.9,82.6,39.0,99.44,205.59
BLD-01091,school,Thu,10,1891.5,21.1,44.2,69.0,122.9,239.88
BLD-01092,retail,Wed,20,3152.0,24.2,16.4,3.0,51.91,77.43
BLD-01093,retail,Thu,9,1672.6,19.9,23.4,63.0,122.73,218.29
BLD-01094,retail,Sun,7,2285.7,28.9,27.5,0.0,21.87,81.91
BLD-01095,office,Sun,1,2668.0,19.2,65.1,9.0,44.13,103.79
BLD-01096,school,Tue,20,2654.1,17.4,92.6,10.0,59.72,120.71
BLD-01097,office,Mon,18,2485.4,36.5,20.3,90.0,171.51,335.82
BLD-01098,office,Tue,0,1607.5,22.2,41.7,1.0,17.81,67.8
BLD-01099,office,Sat,10,1688.8,16.6,56.5,0.0,16.71,78.64
BLD-01100,office,Thu,11,1276.7,10.1,81.3,52.0,92.78,223.51
BLD-01101,office,Sun,11,1039.8,36.9,41.6,15.0,41.34,153.85
BLD-01102,school,Fri,22,2082.1,17.6,65.0,15.0,53.6,107.15
BLD-01103,office,Thu,3,3255.2,38.5,50.7,0.0,23.76,124.67
BLD-01104,office,Tue,7,1134.2,25.2,98.0,60.0,112.25,250.08
BLD-01105,office,Wed,4,2508.0,23.1,57.5,1.0,47.55,92.01
BLD-01106,school,Tue,5,3206.2,23.4,61.0,0.0,51.0,91.35
BLD-01107,school,Thu,21,911.0,39.7,56.4,0.0,41.15,144.44
BLD-01108,office,Tue,22,1932.0,4.5,48.0,0.0,11.78,76.87
BLD-01109,office,Wed,1,4848.3,23.7,71.1,7.0,68.63,113.82
BLD-01110,clinic,Mon,15,2867.4,19.9,35.3,104.0,190.39,326.72
BLD-01111,school,Sat,5,896.4,20.3,21.0,0.0,26.37,43.4
BLD-01112,retail,Sun,4,3017.6,23.2,52.4,0.0,44.36,93.11
BLD-01113,school,Thu,7,1536.6,19.9,68.9,50.0,110.18,203.94
BLD-01114,retail,Thu,4,3065.7,23.5,45.1,0.0,15.58,83.43
BLD-01115,clinic,Sun,11,1579.7,21.8,58.2,12.0,40.19,104.26
BLD-01116,office,Thu,23,2144.7,11.5,34.2,18.0,53.92,129.02
BLD-01117,retail,Fri,14,1699.7,25.1,73.1,80.0,135.5,286.71
BLD-01118,office,Wed,17,2203.3,27.7,,88.0,172.78,324.41
BLD-01119,retail,Thu,11,1675.6,17.7,55.3,60.0,133.09,236.48
BLD-01120,office,Thu,0,1976.2,36.9,57.9,0.0,29.8,128.02
BLD-01121,office,Fri,2,1251.3,32.7,31.3,10.0,44.99,115.36
BLD-01122,clinic,Fri,6,2784.2,28.8,32.1,2.0,36.02,97.28
BLD-01123,retail,Thu,5,2393.1,28.7,52.9,7.0,43.06,110.29
BLD-01124,office,Mon,20,1012.6,22.2,63.7,19.0,65.73,124.08
BLD-01125,clinic,Sun,20,3543.3,31.1,64.6,6.0,27.52,129.38
BLD-01126,office,Sun,20,2021.5,34.6,48.8,22.0,67.95,177.48
BLD-01127,school,Tue,15,2377.6,28.5,67.7,80.0,151.63,296.37
BLD-01128,retail,Wed,13,3175.4,17.4,79.2,121.0,209.07,406.35
BLD-01129,office,Sun,15,2575.4,21.7,53.5,,37.77,99.08
BLD-01130,school,Wed,9,3848.8,26.6,60.3,134.0,256.72,420.16
BLD-01131,retail,Sat,16,1911.1,28.7,51.5,10.0,31.37,126.63
BLD-01132,office,Sat,19,3614.6,21.4,52.9,16.0,58.77,122.98
BLD-01133,office,Sun,18,2333.7,17.5,57.9,22.0,80.63,148.41
BLD-01134,office,Mon,14,2807.0,34.7,84.0,108.0,182.53,405.85
BLD-01135,retail,Thu,1,2670.3,13.4,70.6,0.0,28.12,100.99
BLD-01136,office,Thu,17,3990.9,14.5,69.0,150.0,263.39,466.38
BLD-01137,office,Sat,8,3110.4,11.4,47.3,10.0,53.57,114.28
BLD-01138,retail,Tue,17,1778.6,14.5,39.7,66.0,127.31,230.94
BLD-01139,office,Wed,12,1617.1,32.0,61.6,63.0,114.01,267.81
BLD-01140,office,Tue,21,2148.1,32.2,76.1,0.0,35.07,126.22
BLD-01141,retail,Sat,8,1527.5,21.4,84.3,3.0,31.6,97.94
BLD-01142,retail,Sun,22,1327.6,26.0,15.0,12.0,51.59,93.01
BLD-01143,office,Mon,20,792.1,21.9,96.6,15.0,56.91,130.76
BLD-01144,retail,Tue,7,1045.8,12.5,62.1,31.0,57.82,155.52
BLD-01145,retail,Wed,11,5705.6,39.7,70.5,204.0,361.15,668.13
BLD-01146,office,Sun,12,1605.3,33.0,25.4,0.0,25.87,97.98
BLD-01147,retail,Thu,18,5485.6,24.8,51.0,215.0,374.69,622.4
BLD-01148,retail,Tue,16,2669.7,15.2,69.0,106.0,196.62,351.28
BLD-01149,school,Wed,20,2148.1,20.2,35.0,0.0,49.13,61.62
BLD-01150,school,Fri,8,1070.5,16.5,15.0,42.0,89.34,148.39
BLD-01151,retail,Wed,12,2204.9,22.8,60.7,80.0,146.79,276.16
BLD-01152,clinic,Mon,10,5455.9,24.5,54.2,193.0,328.19,574.14
BLD-01153,school,Sat,21,4646.5,19.3,79.5,12.0,48.22,123.1
BLD-01154,retail,Wed,7,2509.5,10.4,52.3,102.0,193.12,337.28
BLD-01155,retail,Tue,14,1267.6,39.1,53.5,51.0,92.56,257.99
BLD-01156,retail,Sat,2,1389.6,23.9,66.9,0.0,35.55,85.29
BLD-01157,clinic,Sat,20,1461.1,25.7,72.6,0.0,25.61,108.74
BLD-01158,office,Tue,9,4063.2,18.6,43.0,149.0,244.12,425.99
BLD-01159,office,Mon,8,4814.7,9.5,71.1,172.0,314.14,524.86
BLD-01160,school,Mon,13,2416.9,21.3,46.1,90.0,132.91,285.12
BLD-01161,office,Sat,11,1902.1,19.4,55.3,8.0,40.79,96.14
BLD-01162,school,Fri,20,4626.7,27.7,66.4,0.0,42.85,108.9
BLD-01163,retail,Sat,12,1375.4,29.2,69.4,0.0,5.0,101.8
BLD-01164,clinic,Fri,12,2255.4,28.1,60.4,84.0,161.43,318.0
BLD-01165,office,Wed,2,2747.5,29.9,36.6,17.0,51.79,130.92
BLD-01166,retail,Fri,0,1454.0,36.4,23.2,11.0,41.83,139.33
BLD-01167,office,Sat,9,1621.3,25.1,51.8,4.0,47.92,92.59
BLD-01168,school,Wed,23,1561.8,30.8,71.5,7.0,40.17,128.61
BLD-01169,office,Sun,22,4342.7,26.0,62.6,3.0,40.37,119.83
BLD-01170,school,Sun,15,5514.3,6.8,59.1,13.0,61.85,147.67
BLD-01171,school,Sat,15,2324.6,20.8,54.9,7.0,59.56,99.86
BLD-01172,retail,Sun,9,1934.2,15.1,60.3,14.0,54.78,120.69
BLD-01173,school,Wed,4,1649.6,23.9,38.1,0.0,19.76,59.81
BLD-01174,office,Mon,0,2201.8,15.7,68.3,0.0,25.92,93.94
BLD-01175,office,Thu,8,1689.4,26.8,69.4,67.0,117.36,248.56
BLD-01176,office,Sat,7,2099.9,29.8,49.0,8.0,37.88,119.73
BLD-01177,clinic,Sat,4,2682.7,31.6,62.4,23.0,83.31,186.97
BLD-01178,clinic,Wed,6,1811.1,35.0,25.8,0.0,27.58,112.88
BLD-01179,office,Wed,0,2008.6,8.6,58.1,4.0,22.66,90.51
BLD-01180,office,Thu,14,2012.6,12.4,52.7,75.0,146.86,264.69
BLD-01181,office,Sat,22,1889.0,43.0,76.4,6.0,34.63,182.24
BLD-01182,retail,Mon,16,1779.9,30.1,51.6,81.0,156.23,298.26
BLD-01183,office,Wed,10,3171.8,23.8,69.8,124.0,218.26,398.08
BLD-01184,office,Tue,10,940.4,22.3,48.4,25.0,77.71,144.31
BLD-01185,office,Sat,7,4683.8,21.5,16.1,16.0,55.63,100.27
BLD-01186,office,Thu,3,2347.9,6.5,51.2,16.0,43.74,131.06
BLD-01187,office,Mon,14,2948.4,15.8,58.3,111.0,209.67,365.12
BLD-01188,office,Tue,13,3115.8,21.1,57.6,102.0,167.43,331.85
BLD-01189,retail,Mon,0,1566.1,16.3,57.8,3.0,31.05,83.23
BLD-01190,school,Thu,9,1418.5,17.3,46.4,58.0,122.68,205.27
BLD-01191,office,Sun,6,1340.4,42.5,49.5,12.0,23.42,163.05
BLD-01192,school,Thu,4,1954.0,20.0,35.9,0.0,30.46,73.63
BLD-01193,school,Sun,16,3077.4,24.2,21.1,0.0,19.35,65.27
BLD-01194,retail,Sat,12,1662.4,23.9,53.2,13.0,29.7,112.14
BLD-01195,clinic,Sun,15,2945.5,26.7,42.3,16.0,47.12,133.9
BLD-01196,office,Wed,17,706.0,18.2,73.4,33.0,72.49,156.3
BLD-01197,clinic,Sun,23,1828.3,32.0,17.9,13.0,41.75,121.38
BLD-01198,retail,Tue,19,3852.3,25.5,59.9,145.0,265.98,455.9
BLD-01199,retail,Thu,14,2026.7,11.7,91.1,84.0,156.93,304.99
BLD-01200,office,Fri,21,1477.7,21.1,51.9,5.0,30.52,77.79
BLD-01201,office,Wed,11,1605.1,20.6,55.0,65.0,112.82,217.81
BLD-01202,office,Tue,23,514.3,20.3,62.2,0.0,26.3,80.96
BLD-01203,clinic,Mon,18,1353.6,26.1,63.6,58.0,135.0,249.24
BLD-01204,school,Mon,15,3654.4,27.1,48.1,124.0,215.59,391.55
BLD-01205,office,Thu,21,1663.3,26.1,37.9,10.0,37.8,90.15
BLD-01206,school,Sun,12,1760.3,24.7,66.1,0.0,18.43,92.09
BLD-01207,office,Tue,17,718.3,22.7,22.6,33.0,86.21,149.54
BLD-01208,office,Thu,6,1005.7,4.8,69.1,0.0,35.29,99.43
BLD-01209,school,Sun,23,3895.0,28.2,48.3,0.0,33.12,91.53
BLD-01210,school,Sat,14,2958.7,25.9,55.1,7.0,38.34,112.41
BLD-01211,retail,Mon,18,1180.2,14.1,46.1,52.0,95.28,200.81
BLD-01212,retail,Thu,11,1625.4,24.2,79.3,71.0,132.11,275.49
BLD-01213,school,Tue,20,2169.4,27.2,59.2,0.0,40.88,96.15
BLD-01214,retail,Tue,1,1239.0,31.4,49.5,0.0,27.37,107.87
BLD-01215,office,Tue,2,840.7,26.1,49.1,0.0,38.24,77.0
BLD-01216,retail,Fri,12,2038.1,24.6,52.5,68.0,124.95,256.86
BLD-01217,retail,Tue,17,2895.9,29.6,95.7,120.0,190.46,409.36
BLD-01218,office,Tue,19,2922.8,19.5,32.6,119.0,238.24,348.83
BLD-01219,office,Tue,10,3348.7,25.3,73.4,116.0,211.54,379.4
BLD-01220,office,Wed,15,1043.7,17.0,64.7,55.0,116.46,213.92
BLD-01221,office,Fri,13,2262.0,30.9,81.2,95.0,165.67,350.02
BLD-01222,school,Wed,23,1934.0,9.1,65.7,0.0,16.11,85.88
BLD-01223,office,Wed,15,2109.8,28.5,55.1,71.0,138.49,272.84
BLD-01224,retail,Thu,10,1987.4,22.1,72.3,62.0,103.03,246.68
BLD-01225,office,Fri,23,1602.3,29.7,58.9,3.0,30.24,101.24
BLD-01226,office,Mon,2,516.8,15.8,67.8,4.0,40.29,76.22
BLD-01227,office,Sun,23,3842.5,22.7,79.3,4.0,47.85,115.08
BLD-01228,office,Sun,3,2577.6,22.5,56.6,0.0,34.86,79.38
BLD-01229,clinic,Fri,6,1079.0,25.5,47.8,0.0,43.75,87.3
BLD-01230,office,Fri,19,2760.9,13.6,44.1,105.0,194.3,327.38
BLD-01231,office,Fri,17,1774.9,27.1,62.7,72.0,118.06,256.86
BLD-01232,office,Thu,23,1799.2,7.2,40.1,0.0,27.71,74.91
BLD-01233,office,Wed,17,1521.4,16.7,49.1,48.0,119.34,206.37
BLD-01234,school,Wed,15,2846.8,9.5,38.6,114.0,201.29,353.4
BLD-01235,retail,Tue,8,1498.6,28.6,63.6,48.0,118.64,220.71
BLD-01236,office,Sat,0,1299.5,25.2,42.2,4.0,43.43,95.63
BLD-01237,school,Wed,2,3787.5,25.6,33.1,0.0,33.07,75.63
BLD-01238,school,Tue,7,2019.0,33.8,36.1,83.0,143.77,281.65
BLD-01239,retail,Sun,0,2049.6,19.5,45.3,0.0,33.6,69.94
BLD-01240,school,Thu,12,3067.4,26.9,46.8,111.0,213.47,360.25
BLD-01241,office,Fri,18,1596.8,22.5,59.3,69.0,116.1,229.02
BLD-01242,retail,Tue,23,1757.2,21.3,52.3,9.0,43.73,93.43
BLD-01243,retail,Tue,11,2547.7,32.5,61.3,91.0,148.28,331.64
BLD-01244,school,Sat,21,1049.8,38.7,62.7,0.0,22.8,132.84
BLD-01245,clinic,Thu,23,2446.3,18.5,67.6,2.0,18.24,104.46
BLD-01246,clinic,Tue,20,1530.7,28.7,22.6,0.0,33.75,92.3
BLD-01247,office,Sat,11,3317.1,24.6,35.8,3.0,32.88,89.65
BLD-01248,retail,Wed,7,2860.1,24.6,64.4,105.0,202.52,345.52
BLD-01249,school,Fri,23,2684.4,24.0,58.6,1.0,28.83,84.38
BLD-01250,school,Wed,5,1017.3,19.3,71.6,12.0,37.75,111.6
BLD-01251,school,Thu,9,2093.5,-5.0,28.8,70.0,119.22,258.18
BLD-01252,retail,Sat,1,1250.3,34.3,46.9,0.0,30.91,110.48
BLD-01253,school,Sun,19,2161.4,16.4,50.0,0.0,35.57,72.85
BLD-01254,school,Tue,15,724.1,20.1,57.8,31.0,80.79,148.69
BLD-01255,office,Fri,2,1050.1,20.2,55.6,3.0,37.25,84.16
BLD-01256,office,Sun,5,3893.1,15.7,63.0,3.0,46.09,96.49
BLD-01257,clinic,Fri,13,2626.4,23.9,53.1,89.0,171.96,318.55
BLD-01258,retail,Tue,12,1856.4,21.6,78.3,62.0,129.39,253.54
BLD-01259,office,Tue,19,1422.3,16.3,83.8,51.0,113.27,217.44
BLD-01260,clinic,Tue,6,1307.4,23.2,36.0,0.0,11.95,63.83
BLD-01261,retail,Mon,22,2421.9,21.7,55.8,13.0,46.57,112.77
BLD-01262,school,Sat,10,1865.5,29.4,68.6,6.0,22.23,108.02
BLD-01263,office,Sun,19,4622.1,11.3,65.0,0.0,43.81,105.99
BLD-01264,school,Thu,5,2013.3,15.6,48.1,13.0,65.85,100.92
BLD-01265,office,Fri,0,2262.9,27.8,59.3,8.0,52.02,125.75
BLD-01266,office,Sat,1,1129.7,16.9,28.1,0.0,20.45,55.42
BLD-01267,school,Wed,8,1850.3,14.8,54.7,44.0,100.46,167.25
BLD-01268,clinic,Thu,22,2395.1,17.3,30.2,0.0,35.07,70.72
BLD-01269,office,Fri,1,1839.5,21.2,63.6,9.0,45.19,109.88
BLD-01270,retail,Wed,8,1742.6,21.2,36.0,73.0,125.44,236.64
BLD-01271,clinic,Mon,2,2573.8,20.3,57.8,0.0,45.45,96.29
BLD-01272,office,Thu,22,4552.0,13.8,60.4,9.0,41.93,120.02
BLD-01273,office,Sat,16,2358.5,28.2,56.3,9.0,41.27,122.06
BLD-01274,retail,Mon,18,3810.1,32.6,44.3,151.0,273.33,477.53
BLD-01275,retail,Tue,17,2964.9,6.7,51.4,117.0,205.63,373.59
BLD-01276,office,Tue,15,3702.3,9.6,75.1,147.0,258.1,466.22
BLD-01277,retail,Sat,18,1641.8,30.0,47.8,8.0,41.76,134.07
BLD-01278,school,Thu,0,1992.0,34.6,55.4,8.0,42.63,136.24
BLD-01279,retail,Thu,20,1996.0,5.0,45.5,1.0,32.63,93.65
BLD-01280,retail,Fri,17,2859.6,28.5,72.3,113.0,205.08,387.01
BLD-01281,office,Tue,17,3218.2,35.1,56.3,108.0,197.62,389.28
BLD-01282,office,Fri,9,2336.1,15.1,42.0,86.0,151.39,261.9
BLD-01283,office,Mon,19,3351.1,34.6,55.1,128.0,211.9,425.04
BLD-01284,clinic,Mon,9,1678.8,20.6,50.9,75.0,151.2,271.58
BLD-01285,clinic,Sat,1,3365.0,24.5,78.7,0.0,45.9,129.88
BLD-01286,retail,Fri,21,3582.4,16.2,54.2,12.0,57.7,127.03
BLD-01287,office,Tue,5,3045.5,30.0,31.5,2.0,40.47,110.49
BLD-01288,school,Thu,2,2346.3,28.7,63.5,12.0,40.23,131.68
BLD-01289,office,Mon,14,3098.3,35.8,85.4,108.0,172.01,408.23
BLD-01290,office,Fri,5,1432.4,33.5,75.3,10.0,40.24,143.44
BLD-01291,office,Sat,20,2419.8,21.9,36.3,3.0,17.21,70.83
BLD-01292,retail,Tue,10,2541.4,43.0,50.4,85.0,161.51,354.95
BLD-01293,office,Wed,0,1162.2,32.8,54.5,3.0,44.19,117.48
BLD-01294,school,Tue,22,2762.8,26.3,54.7,15.0,49.39,123.27
BLD-01295,clinic,Wed,12,1208.1,14.0,61.5,39.0,79.75,184.05
BLD-01296,retail,Tue,6,1791.5,9.8,49.2,0.0,19.11,71.87
BLD-01297,office,Tue,16,2242.4,10.4,39.4,87.0,161.91,298.92
BLD-01298,clinic,Thu,12,1549.1,14.5,71.2,46.0,96.86,213.54
BLD-01299,school,Sun,0,2288.9,33.0,35.9,17.0,46.46,143.75
BLD-01300,school,Sat,18,2271.4,25.9,41.4,16.0,64.21,124.93
BLD-01301,retail,Wed,9,1484.0,17.1,35.8,65.0,152.46,242.58
BLD-01302,clinic,Sun,16,2889.5,20.9,65.4,4.0,51.46,127.64
BLD-01303,school,Tue,21,1524.5,19.9,56.8,17.0,52.49,105.58
BLD-01304,school,Sun,14,6597.5,28.4,70.0,15.0,69.66,164.92
BLD-01305,school,Wed,16,2087.4,15.0,41.7,74.0,136.21,242.64
BLD-01306,office,Thu,6,1253.9,24.8,33.7,16.0,45.67,96.69
BLD-01307,retail,Tue,5,1371.6,24.4,47.5,0.0,37.07,93.03
BLD-01308,office,Sat,9,3816.4,15.2,51.9,2.0,50.28,96.75
BLD-01309,office,Wed,20,1807.7,34.7,58.6,0.0,17.54,116.53
BLD-01310,office,Sun,12,1143.2,19.6,26.4,5.0,37.74,67.95
BLD-01311,office,Mon,8,3314.3,14.1,63.1,120.0,226.37,383.6
BLD-01312,office,Thu,18,1802.2,28.8,39.8,65.0,123.21,240.11
BLD-01313,school,Tue,20,3010.5,22.4,44.0,3.0,36.43,86.15
BLD-01314,office,Sun,21,3447.1,25.3,75.0,,42.75,102.34
BLD-01315,office,Wed,7,2509.8,12.5,17.9,94.0,180.28,293.97
BLD-01316,retail,Fri,17,6948.3,28.5,60.5,262.0,447.08,765.97
BLD-01317,clinic,Sun,14,961.3,39.4,60.4,0.0,28.39,151.87
BLD-01318,school,Thu,10,1485.6,11.9,41.1,64.0,127.83,230.75
BLD-01319,office,Mon,9,1945.7,24.8,47.4,75.0,139.51,264.05
BLD-01320,office,Tue,2,6513.1,15.7,75.8,7.0,47.38,130.52
BLD-01321,office,Tue,6,5214.8,43.0,88.4,4.0,33.29,188.38
BLD-01322,office,Sun,13,4083.8,31.9,73.1,0.0,44.29,143.86
BLD-01323,clinic,Sun,21,1502.7,24.3,87.1,8.0,41.09,127.76
BLD-01324,retail,Thu,20,1589.2,12.2,43.2,8.0,44.91,97.44
BLD-01325,office,Sun,4,1478.1,14.1,28.1,0.0,19.62,56.98
BLD-01326,clinic,Tue,16,1510.5,28.0,54.1,47.0,99.57,219.6
BLD-01327,office,Fri,2,4504.0,11.1,68.7,5.0,48.3,111.69
BLD-01328,office,Wed,16,1957.1,11.4,23.5,80.0,162.62,256.41
BLD-01329,office,Tue,8,2085.4,22.1,39.3,87.0,169.36,267.66
BLD-01330,office,Tue,10,3190.5,23.1,41.1,128.0,219.36,384.38
BLD-01331,clinic,Wed,17,990.0,25.0,61.1,42.0,94.01,185.3
BLD-01332,office,Wed,10,2256.3,18.5,58.9,82.0,146.56,280.18
BLD-01333,retail,Tue,19,1299.5,29.4,41.8,50.0,76.07,204.48
BLD-01334,office,Wed,12,1910.1,15.1,58.1,62.0,139.9,236.4
BLD-01335,clinic,Mon,23,1660.3,27.0,35.5,0.0,24.89,93.39
BLD-01336,school,Sun,15,1619.7,23.7,47.8,4.0,44.87,88.3
BLD-01337,school,Wed,7,2451.6,26.8,33.5,89.0,158.69,283.5
BLD-01338,office,Mon,18,2446.5,31.5,52.4,92.0,161.71,313.35
BLD-01339,clinic,Fri,9,1979.7,18.4,41.4,64.0,120.45,219.27
BLD-01340,school,Sun,12,2628.4,16.7,66.7,0.0,35.04,88.36
BLD-01341,office,Wed,3,1449.9,8.5,54.6,10.0,44.56,110.03
BLD-01342,clinic,Sat,2,3051.5,5.8,51.1,0.0,39.18,115.45
BLD-01343,office,Fri,13,1992.7,20.6,85.1,70.0,130.01,263.82
BLD-01344,office,Sat,4,1744.2,21.1,61.5,5.0,36.88,92.18
BLD-01345,school,Wed,23,1502.3,13.3,48.7,0.0,19.58,68.77
BLD-01346,office,Mon,20,1959.3,15.0,45.1,13.0,64.03,106.57
BLD-01347,school,Wed,16,5399.8,34.2,34.9,187.0,310.96,568.43
BLD-01348,office,Sun,17,2134.1,29.0,53.9,4.0,28.32,101.46
BLD-01349,office,Sat,14,1270.2,11.9,60.2,0.0,22.85,75.75
BLD-01350,office,Sat,1,3419.5,18.5,22.5,5.0,67.07,85.02
BLD-01351,office,Sun,9,1754.1,25.2,31.8,0.0,36.68,79.46
BLD-01352,clinic,Wed,11,2521.0,17.0,46.2,94.0,164.55,307.89
BLD-01353,school,Wed,21,1645.0,15.5,36.3,14.0,57.8,99.45
BLD-01354,school,Sun,5,4068.3,19.3,55.7,0.0,43.43,80.3
BLD-01355,office,Fri,11,1656.8,30.7,58.1,58.0,118.36,242.44
BLD-01356,retail,Wed,8,4303.5,31.5,52.9,155.0,278.67,493.99
BLD-01357,office,Tue,3,1329.5,16.1,64.4,16.0,51.9,111.89
BLD-01358,office,Sun,2,1911.5,25.7,45.1,3.0,35.85,84.1
BLD-01359,retail,Mon,8,4307.9,21.9,54.2,168.0,275.7,471.72
BLD-01360,school,Mon,1,2385.0,13.9,37.9,3.0,50.47,83.4
BLD-01361,retail,Sat,1,6545.4,19.6,59.8,14.0,64.71,142.44
BLD-01362,clinic,Mon,8,1933.4,11.9,56.3,76.0,131.36,262.91
BLD-01363,retail,Tue,4,2488.9,31.3,34.6,8.0,38.91,129.05
BLD-01364,office,Sun,13,5490.0,34.4,52.4,0.0,39.32,137.08
BLD-01365,office,Wed,0,1063.7,18.7,54.4,0.0,18.24,64.52
BLD-01366,office,Sat,7,1002.3,16.8,59.8,13.0,53.29,99.2
BLD-01367,retail,Thu,10,1501.7,30.4,60.4,66.0,136.75,276.81
BLD-01368,clinic,Mon,23,3250.7,31.7,42.7,23.0,49.91,174.31
BLD-01369,clinic,Tue,15,1015.9,13.1,68.0,28.0,62.92,172.37
BLD-01370,office,Sat,21,2930.1,20.8,63.9,8.0,41.29,112.36
BLD-01371,retail,Mon,8,2832.8,21.5,42.7,97.0,177.11,305.54
BLD-01372,school,Fri,10,5785.6,15.8,35.6,205.0,369.71,590.12
BLD-01373,retail,Wed,10,3633.8,25.1,44.0,130.0,223.4,400.22
BLD-01374,school,Wed,21,2620.1,16.4,30.0,7.0,58.6,74.89
BLD-01375,office,Sun,23,4224.2,17.7,58.5,0.0,37.43,88.87
BLD-01376,office,Fri,23,2849.5,21.2,75.1,4.0,55.12,110.24
BLD-01377,clinic,Fri,18,1764.1,10.1,79.2,74.0,136.95,282.05
BLD-01378,office,Wed,12,1270.0,5.5,36.5,58.0,109.8,221.29
BLD-01379,office,Wed,12,1673.9,29.3,68.4,69.0,131.97,276.2
BLD-01380,office,Fri,23,2158.1,16.1,56.4,8.0,55.55,104.73
BLD-01381,office,Mon,6,2392.8,39.1,15.0,3.0,37.65,127.68
BLD-01382,clinic,Tue,8,789.4,37.8,49.3,28.0,69.25,197.77
BLD-01383,office,Fri,21,1979.9,17.9,47.5,8.0,48.29,89.4
BLD-01384,office,Fri,9,2230.4,40.7,75.6,75.0,134.62,323.18
BLD-01385,retail,Mon,5,2861.3,29.5,40.2,5.0,44.31,112.39
BLD-01386,school,Sat,13,4803.4,16.8,64.6,0.0,34.93,95.91
BLD-01387,office,Thu,7,2405.1,1.3,53.2,90.0,181.33,318.24
BLD-01388,office,Tue,21,1421.7,27.5,30.4,0.0,31.87,63.15
BLD-01389,office,Sat,21,919.2,22.3,45.6,1.0,34.1,61.17
BLD-01390,office,Sun,7,3059.4,25.5,81.0,0.0,13.84,98.58
BLD-01391,office,Wed,12,1449.6,20.2,52.1,49.0,108.37,187.65
BLD-01392,office,Tue,23,3335.2,12.8,70.4,3.0,38.07,101.17
BLD-01393,retail,Wed,17,4302.6,18.6,69.5,138.0,231.84,425.74
BLD-01394,retail,Fri,5,1048.4,27.7,,0.0,27.14,81.54
BLD-01395,clinic,Mon,14,2870.0,19.2,33.2,113.0,187.8,352.44
BLD-01396,office,Thu,14,4091.5,19.1,35.4,151.0,270.98,446.83
BLD-01397,office,Mon,15,3588.0,9.8,79.7,126.0,239.69,422.47
BLD-01398,clinic,Mon,0,804.3,22.7,57.6,12.0,25.31,99.04
BLD-01399,retail,Thu,7,1460.4,13.1,25.5,51.0,104.04,177.91
BLD-01400,school,Sat,20,1190.0,29.3,69.2,0.0,25.11,101.25
BLD-01401,office,Sun,5,2828.4,16.1,24.6,0.0,13.42,56.02
BLD-01402,office,Mon,7,2682.8,19.6,41.0,115.0,214.4,349.19
BLD-01403,school,Tue,7,602.6,39.3,56.4,27.0,71.17,185.34
BLD-01404,school,Wed,4,1904.2,19.5,97.8,6.0,58.88,119.29
BLD-01405,office,Fri,3,3231.0,18.5,68.9,8.0,51.89,97.6
BLD-01406,clinic,Sun,8,2361.9,26.7,46.8,0.0,22.66,101.6
BLD-01407,school,Fri,20,2360.0,7.7,55.5,0.0,36.58,84.76
BLD-01408,school,Thu,0,1846.4,32.0,70.6,8.0,54.23,125.93
BLD-01409,office,Mon,6,1323.3,30.0,79.2,4.0,28.64,109.91
BLD-01410,retail,Mon,1,2182.1,26.2,50.8,22.0,72.25,144.44
BLD-01411,retail,Tue,13,2255.7,-5.0,51.3,80.0,127.47,306.58
BLD-01412,office,Fri,6,2955.8,19.9,40.9,12.0,66.57,109.54
BLD-01413,school,Wed,19,3073.4,11.8,66.3,120.0,222.3,371.0
BLD-01414,retail,Tue,14,2292.6,31.0,72.4,87.0,136.23,329.23
BLD-01415,retail,Fri,18,3721.1,30.4,22.0,139.0,249.21,430.01
BLD-01416,office,Sat,15,1837.7,25.1,48.3,2.0,12.49,80.44
BLD-01417,clinic,Thu,10,1100.0,12.4,34.4,28.0,62.29,142.0
BLD-01418,school,Sun,20,2766.1,34.0,57.6,7.0,50.35,138.61
BLD-01419,office,Sat,11,2337.6,19.9,34.0,,40.49,88.63
BLD-01420,office,Sat,22,2792.6,36.4,32.6,9.0,59.24,139.79
BLD-01421,office,Sun,23,1199.0,24.1,74.1,5.0,34.93,96.84
BLD-01422,office,Tue,14,5196.8,26.1,52.2,197.0,337.91,586.19
BLD-01423,school,Sat,16,3094.1,18.3,54.0,0.0,45.36,95.11
BLD-01424,retail,Sun,6,1916.0,33.3,62.3,16.0,50.29,159.06
BLD-01425,office,Sun,19,1404.2,26.9,71.5,0.0,27.37,97.3
BLD-01426,clinic,Fri,16,3689.5,33.5,47.9,135.0,240.32,472.24
BLD-01427,office,Sat,21,1296.4,23.4,48.3,9.0,40.01,95.2
BLD-01428,school,Sun,6,6513.7,21.6,48.3,0.0,59.66,100.65
BLD-01429,clinic,Sat,18,1639.1,26.8,73.4,10.0,36.89,132.5
BLD-01430,retail,Sun,11,5024.4,33.5,53.8,1.0,35.29,142.39
BLD-01431,school,Sat,4,2013.6,30.1,50.1,5.0,26.94,81.91
BLD-01432,retail,Wed,4,4698.4,23.1,61.6,3.0,23.88,108.61
BLD-01433,office,Sat,13,1546.1,7.1,86.1,0.0,43.02,109.3
BLD-01434,office,Wed,7,2220.0,28.5,56.3,101.0,173.37,325.82
BLD-01435,office,Sat,2,3237.3,10.5,50.4,0.0,32.56,78.78
BLD-01436,office,Sat,10,3023.0,22.3,88.0,0.0,49.67,106.82
BLD-01437,office,Sun,15,3731.5,21.1,77.6,0.0,35.51,104.65
BLD-01438,office,Fri,7,1741.0,10.7,75.1,67.0,134.61,256.4
BLD-01439,clinic,Thu,22,2291.4,25.0,46.5,1.0,18.46,97.09
BLD-01440,clinic,Tue,18,4005.6,39.2,,155.0,284.51,543.12
BLD-01441,retail,Fri,12,1568.2,19.5,23.8,68.0,129.06,230.14
BLD-01442,retail,Thu,22,2895.8,28.1,71.4,1.0,24.9,109.64
BLD-01443,office,Thu,10,1980.3,40.8,56.3,61.0,111.23,293.38
BLD-01444,office,Fri,3,2428.5,28.9,24.4,0.0,48.61,82.7
BLD-01445,retail,Sat,0,2291.1,16.8,75.4,4.0,31.3,96.1
BLD-01446,school,Tue,22,1506.9,23.9,49.3,0.0,18.06,63.32
BLD-01447,office,Thu,23,1941.2,25.8,51.4,1.0,26.93,83.97
BLD-01448,school,Sat,17,2358.5,33.5,29.3,15.0,54.39,124.53
BLD-01449,school,Sat,2,2094.2,31.7,63.4,7.0,42.39,129.54
BLD-01450,office,Sat,7,4680.3,-0.2,63.5,4.0,51.16,135.22
BLD-01451,office,Sat,0,3572.4,15.2,54.2,0.0,38.64,91.35
BLD-01452,office,Sat,1,2528.6,21.4,47.9,5.0,46.09,80.81
BLD-01453,school,Sun,5,1525.2,13.9,98.0,2.0,28.37,93.42
BLD-01454,clinic,Fri,13,1481.3,-5.0,34.5,59.0,137.15,263.14
BLD-01455,school,Tue,1,5674.0,16.2,42.7,10.0,54.81,107.65
BLD-01456,retail,Thu,23,1354.9,22.0,67.0,11.0,57.44,115.4
BLD-01457,retail,Fri,10,2323.6,17.8,37.8,88.0,157.3,289.61
BLD-01458,office,Mon,6,2616.2,14.0,36.5,8.0,30.19,85.38
BLD-01459,retail,Sat,12,1894.6,22.3,74.2,0.0,12.91,88.17
BLD-01460,school,Thu,18,1359.9,24.7,65.3,62.0,123.48,244.68
BLD-01461,school,Sun,7,1509.4,18.3,63.2,0.0,39.66,73.97
BLD-01462,office,Tue,1,1692.4,33.0,58.1,2.0,20.26,105.38
BLD-01463,clinic,Sun,1,1565.0,22.5,43.2,14.0,40.49,98.74
BLD-01464,clinic,Thu,20,4161.0,15.0,50.7,0.0,42.51,101.31
BLD-01465,office,Fri,2,2190.4,13.0,53.7,0.0,30.74,83.68
BLD-01466,office,Fri,15,1710.9,20.3,69.4,62.0,115.99,228.42
BLD-01467,office,Fri,9,2315.9,30.9,62.2,98.0,165.47,341.91
BLD-01468,retail,Sun,18,3031.6,15.4,39.2,0.0,37.22,84.86
BLD-01469,school,Tue,1,1864.6,26.8,68.4,5.0,43.49,93.88
BLD-01470,office,Sat,21,3392.0,22.8,26.5,0.0,40.49,76.16
BLD-01471,retail,Sun,16,1195.2,37.9,49.6,3.0,31.55,140.53
BLD-01472,office,Tue,10,3860.1,25.1,35.6,139.0,235.38,406.89
BLD-01473,school,Tue,4,2190.6,16.4,40.4,12.0,51.91,100.16
BLD-01474,office,Thu,23,2149.9,27.9,87.8,4.0,39.0,127.19
BLD-01475,school,Sat,7,1577.5,28.2,30.0,12.0,33.18,86.35
BLD-01476,school,Sun,11,1220.3,18.8,41.1,14.0,44.86,98.75
BLD-01477,office,Sat,9,988.5,12.7,63.7,4.0,35.62,92.45
BLD-01478,office,Sat,5,1525.5,26.3,47.0,1.0,28.82,81.55
BLD-01479,clinic,Thu,9,2917.0,22.5,57.6,111.0,180.56,350.95
BLD-01480,school,Fri,3,1386.9,9.9,79.3,9.0,34.64,106.91
BLD-01481,clinic,Tue,0,1046.2,24.0,66.1,0.0,19.12,96.11
BLD-01482,school,Thu,6,1422.1,16.9,47.0,6.0,42.28,82.59
BLD-01483,retail,Tue,2,1828.9,9.9,52.7,2.0,58.3,89.98
BLD-01484,office,Mon,9,1863.8,19.2,64.0,67.0,131.29,229.3
BLD-01485,retail,Sat,20,2068.0,32.3,65.8,0.0,18.29,103.53
BLD-01486,office,Sat,3,3611.4,31.7,55.4,0.0,34.84,106.75
BLD-01487,office,Thu,0,4007.2,29.6,61.1,14.0,59.14,142.15
BLD-01488,office,Mon,2,5760.8,24.2,61.1,1.0,54.11,109.64
BLD-01489,office,Mon,12,1008.5,26.8,53.4,49.0,111.96,209.18
BLD-01490,clinic,Mon,6,1458.8,22.8,44.7,5.0,49.25,97.93
BLD-01491,clinic,Sat,11,3076.3,13.2,67.6,0.0,39.68,111.74
BLD-01492,retail,Tue,0,1769.2,14.8,60.0,6.0,38.07,104.28
BLD-01493,office,Tue,7,3325.5,17.1,19.6,113.0,219.64,326.49
BLD-01494,clinic,Sun,9,2430.0,33.2,41.0,9.0,41.74,142.47
BLD-01495,retail,Sun,10,4694.9,30.6,46.8,2.0,44.32,129.39
BLD-01496,office,Sat,13,3629.0,13.4,51.6,11.0,50.58,111.84
BLD-01497,school,Wed,18,3661.0,22.4,75.5,146.0,234.33,438.62
BLD-01498,retail,Fri,11,1805.4,18.8,98.0,55.0,124.44,247.2
BLD-01499,office,Tue,20,2099.5,20.8,15.0,0.0,37.15,57.56
BLD-01500,school,Sun,12,1900.2,17.7,60.2,0.0,5.9,57.31
BLD-01501,retail,Mon,6,1067.8,33.2,56.2,21.0,67.79,171.06
BLD-01502,office,Sat,5,4458.9,21.8,51.9,0.0,36.8,89.97
BLD-01503,office,Thu,7,3146.4,23.7,64.2,106.0,203.47,347.33
BLD-01504,school,Sat,14,1864.2,23.8,57.5,22.0,63.21,115.85
BLD-01505,retail,Thu,5,4115.1,13.8,48.9,0.0,24.89,84.05
BLD-01506,clinic,Tue,21,1625.6,22.9,55.5,0.0,28.77,79.59
BLD-01507,retail,Sat,11,910.4,30.5,64.5,0.0,16.66,114.97
BLD-01508,school,Fri,20,3568.0,33.8,62.8,5.0,31.54,123.08
BLD-01509,school,Thu,16,1190.9,12.8,58.2,47.0,105.93,201.79
BLD-01510,school,Wed,8,2002.7,9.9,45.1,69.0,137.43,244.55
BLD-01511,school,Wed,5,2428.8,22.5,98.0,0.0,46.69,105.61
BLD-01512,office,Thu,17,2647.1,30.9,61.1,99.0,177.14,355.54
BLD-01513,retail,Tue,7,3305.8,24.9,68.0,133.0,225.09,406.82
BLD-01514,retail,Tue,5,2907.4,27.4,46.4,7.0,50.52,110.92
BLD-01515,school,Tue,22,2864.5,11.1,58.2,0.0,25.12,86.44
BLD-01516,clinic,Mon,11,1505.2,17.4,58.1,56.0,108.92,218.93
BLD-01517,retail,Sun,1,2533.7,4.4,22.5,10.0,52.39,102.5
BLD-01518,office,Tue,11,1068.0,20.9,42.8,56.0,109.01,200.31
BLD-01519,office,Tue,11,4656.6,4.7,42.5,161.0,277.24,483.11
BLD-01520,office,Tue,20,1122.1,32.7,44.8,13.0,31.96,135.17
BLD-01521,office,Sun,17,1863.0,34.4,36.8,1.0,40.32,121.77
BLD-01522,school,Thu,4,1168.1,23.1,55.7,0.0,22.99,64.17
BLD-01523,office,Wed,3,1549.6,9.9,78.8,0.0,34.38,90.87
BLD-01524,office,Wed,14,2214.2,25.0,57.2,94.0,176.72,320.55
BLD-01525,office,Mon,1,1706.9,36.9,34.9,16.0,63.74,162.69
BLD-01526,retail,Wed,7,3810.3,25.8,37.5,136.0,238.89,413.05
BLD-01527,retail,Tue,3,2453.1,31.5,48.6,2.0,31.34,106.84
BLD-01528,office,Sat,0,1761.7,18.1,30.9,0.0,17.96,49.15
BLD-01529,office,Mon,22,2063.4,15.0,60.2,10.0,39.83,99.25
BLD-01530,office,Wed,2,3950.8,21.4,78.0,4.0,47.21,113.72
BLD-01531,office,Sat,0,3403.2,6.6,45.2,0.0,27.44,87.36
BLD-01532,office,Sat,22,1273.6,40.1,56.3,6.0,39.25,157.98
BLD-01533,office,Thu,4,1586.8,23.1,47.7,0.0,43.02,80.84
BLD-01534,office,Tue,19,2763.1,28.9,44.3,107.0,189.1,349.88
BLD-01535,clinic,Wed,0,2606.7,18.3,58.2,0.0,19.28,92.12
BLD-01536,school,Tue,3,1328.8,9.7,43.7,7.0,33.68,76.04
BLD-01537,retail,Fri,2,3152.0,33.4,41.3,0.0,20.38,108.27
BLD-01538,office,Wed,16,1434.5,13.0,27.5,36.0,95.08,151.66
BLD-01539,office,Fri,14,4113.6,24.8,56.1,159.0,277.8,483.57
BLD-01540,clinic,Fri,11,2836.6,25.5,73.1,114.0,197.06,378.85
BLD-01541,office,Sun,5,1277.8,22.6,67.0,0.0,21.51,78.16
BLD-01542,school,Wed,2,1706.6,15.7,80.4,6.0,26.01,92.57
BLD-01543,clinic,Sun,13,1692.4,20.8,43.5,8.0,50.88,114.62
BLD-01544,school,Wed,5,2375.5,14.4,69.5,8.0,61.87,101.23
BLD-01545,office,Fri,14,1994.8,28.5,36.3,89.0,148.54,299.83
BLD-01546,school,Fri,16,1269.5,26.6,67.1,53.0,117.01,215.34
BLD-01547,office,Sat,20,1126.6,21.8,83.0,1.0,25.55,82.42
BLD-01548,office,Thu,11,2863.3,17.5,63.5,110.0,211.13,356.82
BLD-01549,office,Sat,0,2524.0,38.9,83.3,1.0,15.26,155.98
BLD-01550,clinic,Wed,6,2314.3,11.6,44.8,0.0,33.51,85.44
BLD-01551,retail,Thu,20,2505.3,9.6,52.7,14.0,48.94,112.37
BLD-01552,office,Thu,12,1634.6,21.3,39.4,67.0,135.63,228.44
BLD-01553,office,Fri,14,2403.1,19.9,55.6,75.0,144.72,263.07
BLD-01554,retail,Fri,10,7440.5,30.8,59.6,264.0,447.98,783.6
BLD-01555,clinic,Mon,3,3866.1,27.2,55.4,10.0,51.4,139.0
BLD-01556,office,Sat,21,1915.6,22.2,46.9,0.0,45.29,73.41
BLD-01557,office,Sat,18,1711.3,26.0,46.7,0.0,27.1,82.44
BLD-01558,retail,Mon,23,557.4,25.9,60.9,25.0,70.37,157.34
BLD-01559,clinic,Sun,20,3674.5,38.8,52.3,1.0,44.48,158.5
BLD-01560,clinic,Fri,6,3209.2,24.0,35.4,13.0,63.22,122.09
BLD-01561,office,Mon,6,1694.6,16.6,22.7,16.0,42.63,88.7
BLD-01562,office,Thu,5,1106.5,23.6,44.9,0.0,33.5,75.6
BLD-01563,office,Sat,22,1263.6,1.1,31.5,6.0,39.42,96.3
BLD-01564,office,Tue,13,2723.1,21.7,40.8,118.0,198.0,361.29
BLD-01565,clinic,Sun,10,2107.7,30.7,47.8,8.0,40.31,139.43
BLD-01566,office,Wed,23,3066.1,26.8,52.5,23.0,91.71,160.74
BLD-01567,school,Tue,14,2293.2,24.4,43.7,81.0,148.75,269.37
BLD-01568,clinic,Wed,21,3499.1,27.2,92.3,18.0,59.32,164.36
BLD-01569,clinic,Thu,23,2627.0,30.8,33.6,4.0,43.02,116.34
BLD-01570,retail,Fri,1,3274.9,33.4,75.6,1.0,31.19,132.55
BLD-01571,clinic,Sun,8,806.9,25.6,52.2,9.0,40.13,105.51
BLD-01572,office,Tue,17,1216.5,19.5,43.8,47.0,92.88,179.69
BLD-01573,office,Sun,19,1847.0,3.5,65.0,3.0,37.91,114.46
BLD-01574,office,Thu,3,3693.8,29.8,47.3,8.0,48.16,119.85
BLD-01575,clinic,Mon,7,5425.5,26.1,41.3,183.0,337.72,542.52
BLD-01576,clinic,Sun,13,2033.2,23.2,85.4,0.0,30.59,109.92
BLD-01577,office,Wed,19,1640.3,16.5,,68.0,128.34,226.49
BLD-01578,office,Fri,2,860.8,29.7,50.8,12.0,53.74,125.03
BLD-01579,office,Fri,14,3330.0,19.9,58.2,126.0,210.41,382.02
BLD-01580,office,Mon,7,1689.4,21.7,78.9,67.0,146.17,258.83
BLD-01581,retail,Tue,5,9101.7,21.6,48.2,7.0,59.02,132.07
BLD-01582,office,Fri,12,1542.7,25.6,98.0,67.0,140.6,289.89
BLD-01583,retail,Wed,9,6043.5,12.8,67.9,208.0,372.74,618.0
BLD-01584,school,Mon,15,3150.9,26.5,15.0,112.0,197.35,342.28
BLD-01585,office,Mon,7,1343.0,16.2,30.3,51.0,99.57,181.29
BLD-01586,office,Sat,19,2459.3,16.5,59.0,6.0,39.75,106.42
BLD-01587,clinic,Tue,1,3185.9,29.1,35.6,0.0,40.96,104.46
BLD-01588,school,Mon,20,1974.5,14.0,64.3,0.0,19.92,82.27
BLD-01589,office,Thu,0,3289.3,29.1,47.3,4.0,40.06,105.08
BLD-01590,office,Mon,17,3254.8,22.8,34.7,128.0,223.88,379.99
BLD-01591,clinic,Fri,8,2929.1,8.8,38.6,105.0,179.7,339.2
BLD-01592,retail,Thu,9,2182.7,32.9,69.5,77.0,135.78,310.56
BLD-01593,retail,Fri,0,1251.7,24.5,20.6,8.0,40.29,80.99
BLD-01594,school,Thu,16,2120.4,25.2,72.8,77.0,147.09,289.03
BLD-01595,clinic,Sat,3,2394.0,30.1,73.3,11.0,40.44,155.27
BLD-01596,office,Fri,15,894.0,34.0,49.4,34.0,77.37,193.68
BLD-01597,retail,Wed,17,2386.2,23.6,31.1,80.0,145.08,260.92
BLD-01598,office,Mon,20,2100.1,26.9,64.4,15.0,65.97,141.49
BLD-01599,school,Tue,16,1180.7,25.0,46.7,56.0,109.69,195.48
BLD-01600,clinic,Mon,7,1875.0,19.3,29.2,63.0,134.98,229.59
BLD-01601,clinic,Mon,17,1894.2,9.3,87.5,,125.15,286.41
BLD-01602,school,Tue,19,5556.1,23.7,40.0,200.0,347.45,572.97
BLD-01603,school,Tue,7,2445.2,33.0,30.0,96.0,181.74,314.14
BLD-01604,clinic,Mon,2,3617.4,26.7,59.8,0.0,35.09,108.22
BLD-01605,clinic,Wed,21,2079.0,13.5,53.8,11.0,41.43,116.97
BLD-01606,retail,Thu,3,894.9,30.8,80.3,14.0,45.04,150.79
BLD-01607,office,Tue,14,3037.9,19.5,48.5,105.0,199.08,335.26
BLD-01608,office,Tue,5,1604.0,5.3,48.7,5.0,23.81,92.2
BLD-01609,clinic,Mon,3,1872.7,30.1,60.7,14.0,57.5,155.96
BLD-01610,retail,Mon,18,1327.1,14.4,58.4,43.0,94.99,193.18
BLD-01611,retail,Tue,3,2278.2,36.2,58.9,0.0,28.5,129.42
BLD-01612,retail,Thu,16,3668.4,31.2,59.6,140.0,244.49,455.67
BLD-01613,office,Fri,16,3442.4,20.2,57.8,126.0,225.39,384.44
BLD-01614,office,Sat,1,4710.7,25.7,47.9,0.0,57.43,105.55
BLD-01615,retail,Fri,4,5042.4,41.4,69.2,1.0,47.15,185.5
BLD-01616,office,Fri,19,824.0,30.0,48.9,47.0,86.37,199.86
BLD-01617,retail,Sun,12,1240.5,23.9,68.7,21.0,54.11,137.9
BLD-01618,retail,Tue,2,923.6,43.0,78.6,0.0,14.25,170.94
BLD-01619,retail,Sat,23,2979.6,22.9,43.5,0.0,15.02,62.99
BLD-01620,office,Sun,6,1577.4,26.7,,0.0,16.69,109.06
BLD-01621,retail,Thu,0,1739.6,14.5,42.9,18.0,57.16,118.31
BLD-01622,office,Sat,22,1982.8,8.6,43.0,11.0,59.17,113.5
BLD-01623,office,Mon,0,2643.5,19.7,64.2,16.0,66.53,122.56
BLD-01624,office,Sun,13,1078.4,22.3,62.5,12.0,32.76,106.48
BLD-01625,office,Thu,23,1202.3,24.6,56.2,0.0,18.83,76.95
BLD-01626,clinic,Tue,13,2201.4,10.6,68.9,75.0,133.92,285.16
BLD-01627,clinic,Mon,14,3911.2,27.3,59.3,138.0,218.83,430.63
BLD-01628,office,Sat,9,2173.3,15.4,90.1,0.0,29.02,108.72
BLD-01629,retail,Thu,3,1504.5,26.9,54.1,0.0,36.05,97.42
BLD-01630,school,Wed,13,784.5,29.5,40.5,28.0,64.61,150.71
BLD-01631,retail,Wed,21,3475.5,18.8,45.6,9.0,36.72,102.48
BLD-01632,clinic,Sun,2,1545.3,14.3,63.0,5.0,27.23,109.8
BLD-01633,school,Wed,21,1268.3,34.3,63.3,14.0,44.78,138.62
BLD-01634,office,Mon,9,965.7,29.0,58.5,41.0,95.07,188.01
BLD-01635,office,Tue,12,1102.6,23.2,40.6,38.0,81.58,166.87
BLD-01636,school,Tue,3,1386.9,33.7,73.8,6.0,42.9,134.71
BLD-01637,clinic,Fri,14,1961.7,22.7,87.9,62.0,122.03,256.12
BLD-01638,school,Sat,4,1231.5,17.0,55.5,0.0,29.29,74.73
BLD-01639,office,Sat,6,2405.1,14.0,85.8,9.0,35.72,116.66
BLD-01640,office,Fri,17,1954.6,21.1,69.7,82.0,145.96,276.48
BLD-01641,clinic,Sat,1,6391.8,28.2,92.7,5.0,42.51,162.4
BLD-01642,office,Wed,10,970.8,33.1,63.0,36.0,85.9,203.04
BLD-01643,retail,Fri,14,2377.3,22.2,57.3,78.0,145.6,276.63
BLD-01644,retail,Mon,3,2391.6,31.7,69.3,13.0,15.09,140.45
BLD-01645,office,Thu,7,1341.5,20.3,47.6,56.0,116.18,204.87
BLD-01646,office,Thu,8,2302.9,15.7,61.9,89.0,174.45,302.4
BLD-01647,office,Mon,15,3183.1,11.5,77.6,118.0,203.62,385.9
BLD-01648,office,Thu,23,2304.3,18.0,68.9,0.0,36.02,86.35
BLD-01649,retail,Sat,20,4275.9,11.9,54.5,0.0,37.01,99.96
BLD-01650,retail,Wed,4,773.5,38.1,58.4,,12.92,144.18
BLD-01651,office,Thu,0,1468.4,25.5,67.9,0.0,47.4,99.92
BLD-01652,school,Wed,1,4466.0,21.2,67.3,1.0,39.33,92.9
BLD-01653,office,Tue,14,3408.4,35.8,67.8,139.0,246.15,475.79
BLD-01654,office,Mon,3,2851.7,11.6,60.8,4.0,33.16,106.74
BLD-01655,retail,Wed,5,3976.5,20.9,41.0,0.0,34.95,89.21
BLD-01656,retail,Sat,20,876.8,38.0,43.7,0.0,27.12,124.58
BLD-01657,retail,Sun,20,3223.1,20.8,62.8,0.0,24.47,96.21
BLD-01658,office,Fri,20,3666.9,41.6,69.1,3.0,58.11,174.74
BLD-01659,school,Fri,6,1603.6,28.3,66.9,0.0,36.8,97.9
BLD-01660,office,Fri,14,7771.7,32.4,43.5,285.0,485.76,833.68
BLD-01661,clinic,Thu,14,2417.4,32.7,52.4,88.0,162.25,342.51
BLD-01662,retail,Wed,4,767.9,22.0,35.0,0.0,17.46,70.09
BLD-01663,clinic,Fri,13,2641.8,18.1,31.3,100.0,192.87,327.64
BLD-01664,office,Sat,12,1557.3,21.1,56.4,3.0,38.84,88.25
BLD-01665,school,Wed,9,3848.4,14.1,78.1,140.0,243.4,435.76
BLD-01666,retail,Thu,18,2861.9,21.5,56.7,104.0,178.6,323.16
BLD-01667,office,Thu,16,1651.1,22.0,87.4,63.0,107.35,243.72
BLD-01668,school,Tue,12,4525.1,35.5,52.2,168.0,292.39,540.75
BLD-01669,school,Wed,17,3453.5,26.7,55.5,129.0,226.82,406.42
BLD-01670,clinic,Mon,18,1478.5,40.9,38.2,66.0,138.77,295.55
BLD-01671,office,Thu,13,2045.2,4.7,49.1,73.0,149.6,267.3
BLD-01672,clinic,Fri,6,2819.6,12.3,34.8,6.0,42.67,99.75
BLD-01673,office,Fri,18,1847.1,19.2,28.7,90.0,163.58,281.12
BLD-01674,school,Sun,17,1873.8,33.9,35.1,4.0,23.97,111.5
BLD-01675,school,Mon,23,2239.1,21.1,56.4,4.0,47.57,87.36
BLD-01676,office,Sat,3,1319.0,10.3,42.5,0.0,26.71,76.73
BLD-01677,clinic,Sat,10,753.3,20.0,46.5,0.0,31.07,85.39
BLD-01678,clinic,Thu,22,2467.6,12.4,62.0,3.0,48.14,109.47
BLD-01679,clinic,Tue,12,846.9,10.9,28.7,39.0,78.23,173.56
BLD-01680,clinic,Wed,22,1365.9,38.0,56.4,9.0,32.68,154.25
BLD-01681,retail,Fri,0,940.0,19.2,69.4,7.0,60.95,112.99
BLD-01682,school,Sun,0,997.2,23.4,70.9,10.0,46.93,97.78
BLD-01683,retail,Fri,19,2699.6,21.3,63.8,92.0,168.01,312.67
BLD-01684,office,Thu,8,1977.3,20.0,54.1,79.0,160.81,270.74
BLD-01685,retail,Fri,12,1943.4,15.3,44.4,74.0,137.69,254.82
BLD-01686,school,Mon,10,1169.8,19.5,53.6,47.0,100.43,186.32
BLD-01687,retail,Fri,9,1605.8,24.7,83.1,58.0,109.74,247.24
BLD-01688,office,Mon,22,2635.7,33.3,59.6,0.0,32.37,112.26
BLD-01689,office,Sun,2,2145.7,29.6,53.2,0.0,27.84,102.59
BLD-01690,office,Sun,18,3265.3,12.2,64.6,7.0,38.04,117.42
BLD-01691,office,Thu,21,3496.3,29.9,55.8,8.0,50.41,127.31
BLD-01692,office,Wed,15,1949.1,25.8,58.8,73.0,132.91,270.6
BLD-01693,office,Sat,9,904.3,17.0,50.8,4.0,37.38,79.96
BLD-01694,office,Fri,3,1530.0,23.5,47.9,0.0,25.07,79.04
BLD-01695,school,Fri,16,2099.2,26.6,71.9,83.0,137.7,273.61
BLD-01696,office,Thu,11,1515.5,22.4,21.8,59.0,122.77,212.51
BLD-01697,retail,Tue,3,1326.1,25.8,63.1,1.0,35.18,89.33
BLD-01698,office,Mon,8,2274.9,15.1,46.9,92.0,191.64,300.99
BLD-01699,school,Tue,23,7063.9,37.9,22.6,9.0,63.93,154.99
BLD-01700,office,Thu,6,1740.4,6.6,38.4,0.0,30.79,89.27
BLD-01701,school,Wed,4,2197.0,26.6,54.4,4.0,41.57,93.95
BLD-01702,school,Thu,16,1172.0,24.9,56.7,38.0,93.89,171.75
BLD-01703,school,Tue,4,3996.0,27.1,67.6,5.0,55.06,125.96
BLD-01704,office,Sun,22,3347.9,16.3,68.7,0.0,38.58,97.92
BLD-01705,school,Wed,20,3238.8,31.4,28.7,6.0,43.63,104.55
BLD-01706,office,Sat,23,4225.6,21.1,61.4,10.0,62.33,114.53
BLD-01707,school,Wed,21,1792.0,12.5,67.4,3.0,32.92,80.51
BLD-01708,office,Thu,5,1902.7,13.2,58.7,0.0,16.72,83.0
BLD-01709,retail,Fri,5,4998.8,23.0,63.5,20.0,56.98,150.3
BLD-01710,office,Tue,8,2980.7,9.2,22.1,120.0,210.99,357.52
BLD-01711,retail,Tue,11,758.2,36.4,38.2,27.0,66.73,185.68
BLD-01712,office,Wed,21,2736.8,30.4,78.2,2.0,60.67,120.58
BLD-01713,office,Sat,17,1664.0,36.6,50.2,0.0,27.46,123.84
BLD-01714,office,Tue,15,3385.8,35.8,92.8,129.0,229.51,462.72
BLD-01715,office,Thu,21,2676.2,19.2,33.3,0.0,28.66,73.12
BLD-01716,school,Fri,15,954.1,15.0,81.6,43.0,96.5,183.15
BLD-01717,retail,Fri,9,2503.0,0.6,44.6,102.0,187.82,355.81
BLD-01718,retail,Thu,9,2434.1,18.8,69.7,90.0,160.35,316.04
BLD-01719,office,Mon,12,2619.3,36.1,50.0,89.0,155.86,327.87
BLD-01720,office,Mon,2,2900.0,15.4,57.0,14.0,50.58,114.9
BLD-01721,retail,Thu,17,4511.0,20.3,65.1,,279.11,498.83
BLD-01722,office,Sat,15,2683.5,17.6,44.6,5.0,37.92,98.97
BLD-01723,office,Mon,17,2224.3,25.0,68.6,76.0,146.31,265.53
BLD-01724,retail,Sun,12,3817.1,32.3,50.5,6.0,41.26,142.7
BLD-01725,office,Fri,18,6455.8,9.7,58.0,233.0,411.87,673.46
BLD-01726,office,Mon,22,3413.3,11.2,15.0,0.0,47.25,71.15
BLD-01727,office,Wed,13,2428.9,33.9,49.3,101.0,180.92,372.26
BLD-01728,school,Tue,10,2707.6,27.9,76.5,115.0,195.69,374.83
BLD-01729,office,Sun,2,2487.7,19.9,66.8,12.0,49.65,117.11
BLD-01730,retail,Thu,18,2219.6,35.7,70.1,90.0,164.54,351.96
BLD-01731,office,Wed,21,6219.8,11.1,55.9,18.0,73.25,151.93
BLD-01732,office,Tue,16,1535.6,29.4,83.5,50.0,99.16,237.68
BLD-01733,office,Thu,20,3829.8,21.5,59.9,0.0,26.83,91.73
BLD-01734,retail,Mon,20,2071.0,26.9,43.8,1.0,32.13,85.99
BLD-01735,office,Tue,19,1081.0,2.9,69.5,45.0,90.32,208.26
BLD-01736,retail,Tue,12,2009.9,19.9,70.7,73.0,136.92,270.41
BLD-01737,office,Fri,2,1692.2,27.9,65.7,0.0,29.71,86.77
BLD-01738,office,Fri,0,2902.9,21.5,48.2,4.0,38.92,81.81
BLD-01739,office,Thu,4,2298.6,32.0,59.8,3.0,36.42,124.2
BLD-01740,school,Mon,10,1347.0,31.8,78.7,59.0,111.92,249.68
BLD-01741,school,Wed,17,4457.3,14.3,63.1,164.0,289.43,502.97
BLD-01742,retail,Sat,10,3712.6,28.6,29.9,0.0,29.67,103.15
BLD-01743,clinic,Tue,0,4710.4,14.1,44.3,7.0,40.46,115.28
BLD-01744,retail,Tue,5,2465.0,22.4,43.5,17.0,48.46,124.7
BLD-01745,school,Mon,23,2162.6,27.2,42.2,4.0,29.88,90.63
BLD-01746,school,Sat,23,3083.8,15.3,19.1,12.0,39.46,83.09
BLD-01747,school,Mon,9,1667.4,28.3,87.1,60.0,101.74,233.63
BLD-01748,office,Fri,19,2341.7,18.0,40.1,92.0,174.4,296.53
BLD-01749,retail,Sun,17,2022.1,17.4,41.3,0.0,42.83,93.15
BLD-01750,retail,Fri,22,1091.1,27.7,22.0,2.0,34.94,76.14
BLD-01751,office,Wed,21,2338.8,15.3,69.7,2.0,29.52,78.74
BLD-01752,clinic,Tue,15,1780.3,14.9,53.5,71.0,118.46,249.61
BLD-01753,retail,Mon,9,1958.2,30.3,49.0,67.0,132.25,274.32
BLD-01754,office,Tue,15,2619.7,22.9,49.9,86.0,145.41,284.94
BLD-01755,clinic,Sun,7,4052.3,10.4,65.0,8.0,49.34,138.54
BLD-01756,office,Tue,8,1463.8,28.8,46.8,60.0,109.86,227.03
BLD-01757,office,Mon,14,1871.8,18.7,21.2,72.0,114.68,224.28
BLD-01758,office,Sat,13,1523.8,10.8,33.0,11.0,59.4,119.96
BLD-01759,school,Wed,13,1476.9,1.9,32.2,55.0,97.85,209.83
BLD-01760,office,Wed,9,1653.8,29.2,59.7,65.0,122.56,250.56
BLD-01761,clinic,Sat,9,2002.0,15.1,70.8,1.0,30.22,104.07
BLD-01762,office,Thu,0,2914.4,12.0,79.9,2.0,31.95,101.02
BLD-01763,office,Sun,14,2565.8,27.1,27.2,7.0,47.41,108.87
BLD-01764,school,Thu,13,1324.7,28.4,65.5,69.0,123.39,261.96
BLD-01765,office,Fri,22,4094.5,15.7,44.5,10.0,57.2,111.57
BLD-01766,retail,Sun,12,3461.8,29.3,98.0,,51.03,157.9
BLD-01767,office,Thu,11,1427.4,38.4,,61.0,105.43,277.43
BLD-01768,clinic,Tue,1,3959.2,32.8,83.9,0.0,40.2,145.44
BLD-01769,retail,Sun,4,2573.8,31.5,68.6,7.0,32.26,129.19
BLD-01770,office,Tue,8,2040.8,24.5,61.5,84.0,144.51,282.25
BLD-01771,office,Mon,9,2612.6,18.5,48.2,98.0,182.36,307.12
BLD-01772,office,Fri,8,2173.0,21.6,44.8,81.0,148.11,253.71
BLD-01773,clinic,Sun,9,2857.9,25.5,41.4,0.0,37.16,91.16
BLD-01774,retail,Mon,18,2407.0,11.9,65.5,86.0,164.45,305.59
BLD-01775,office,Sat,3,1871.0,15.8,81.5,0.0,15.2,89.16
BLD-01776,office,Sat,7,832.0,10.6,48.9,12.0,50.73,98.78
BLD-01777,clinic,Sun,3,2833.5,23.9,42.7,16.0,60.18,127.26
BLD-01778,office,Wed,7,1838.8,22.7,29.8,85.0,150.99,263.66
BLD-01779,retail,Tue,16,3195.9,16.8,59.2,111.0,199.92,361.61
BLD-01780,retail,Thu,1,2772.3,28.6,75.9,0.0,40.78,125.69
BLD-01781,office,Mon,8,1861.9,13.6,76.7,64.0,122.25,238.88
BLD-01782,school,Sat,0,3594.8,16.5,78.4,0.0,57.53,97.19
BLD-01783,office,Fri,22,2427.3,28.2,62.1,0.0,46.62,112.07
BLD-01784,office,Thu,17,2379.8,29.4,56.5,85.0,160.19,306.32
BLD-01785,clinic,Thu,5,2058.9,15.6,76.8,11.0,44.46,121.46
BLD-01786,retail,Fri,4,4936.0,23.9,36.1,0.0,39.9,97.28
BLD-01787,retail,Thu,2,1562.2,15.8,47.5,12.0,40.24,109.75
BLD-01788,school,Sat,11,1884.3,20.4,84.1,15.0,53.29,129.73
BLD-01789,office,Sun,18,1214.7,23.2,36.7,6.0,42.73,78.71
BLD-01790,retail,Sun,14,3118.3,26.5,54.4,14.0,41.98,144.41
BLD-01791,school,Fri,21,1663.7,24.5,65.7,0.0,35.08,85.68
BLD-01792,office,Sat,8,1755.7,24.2,56.4,0.0,38.36,85.34
BLD-01793,office,Wed,6,1716.6,13.4,74.5,6.0,43.59,101.62
BLD-01794,school,Mon,11,2267.2,25.1,80.9,87.0,160.27,312.67
BLD-01795,retail,Wed,4,1206.9,26.4,63.2,15.0,54.63,123.14
BLD-01796,office,Sun,23,749.5,27.5,78.6,0.0,37.99,94.19
BLD-01797,clinic,Mon,4,2740.5,16.2,39.2,0.0,32.38,95.57
BLD-01798,office,Thu,11,797.7,29.3,52.3,32.0,73.43,164.84
BLD-01799,office,Tue,12,3315.0,11.5,95.9,118.0,233.59,412.39
BLD-01800,office,Thu,1,4648.5,18.6,88.0,0.0,43.67,120.2
BLD-01801,retail,Tue,11,2033.2,19.8,33.3,73.0,129.56,246.01
BLD-01802,office,Sat,10,4105.0,11.9,54.8,2.0,50.15,100.15
BLD-01803,school,Sat,6,2174.5,19.7,57.3,16.0,58.72,117.2
BLD-01804,office,Sat,3,4740.3,23.8,62.1,0.0,34.41,106.38
BLD-01805,retail,Fri,1,1767.3,7.4,76.7,11.0,34.53,128.15
BLD-01806,retail,Tue,0,707.0,18.8,86.3,14.0,48.21,120.67
BLD-01807,office,Thu,11,2117.2,8.0,55.6,76.0,143.87,276.0
BLD-01808,clinic,Mon,2,4994.2,38.3,74.1,6.0,38.53,174.17
BLD-01809,office,Wed,23,2844.1,23.7,66.0,9.0,45.99,106.24
BLD-01810,office,Thu,5,1717.9,23.0,54.6,7.0,37.86,90.93
BLD-01811,school,Fri,15,2576.2,23.9,26.1,97.0,177.18,300.67
BLD-01812,retail,Mon,16,3506.4,26.8,72.3,124.0,226.94,407.9
BLD-01813,office,Sat,11,2111.4,29.8,65.3,9.0,26.33,127.02
BLD-01814,school,Thu,21,7761.1,9.5,61.6,1.0,43.42,119.49
BLD-01815,office,Sun,2,1716.2,32.5,38.3,4.0,30.0,104.17
BLD-01816,school,Thu,5,3559.7,32.0,88.3,5.0,57.0,133.4
BLD-01817,retail,Thu,6,3171.4,21.5,57.6,11.0,74.86,125.82
BLD-01818,clinic,Fri,3,1572.3,21.1,35.6,19.0,56.84,131.34
BLD-01819,school,Sat,7,1794.5,-2.8,32.9,0.0,29.63,92.01
BLD-01820,school,Tue,7,3586.4,12.0,66.5,133.0,211.41,395.43
BLD-01821,school,Thu,18,2358.3,26.2,67.0,76.0,154.48,275.81
BLD-01822,office,Mon,7,2587.6,31.6,47.1,108.0,198.85,363.66
BLD-01823,office,Thu,21,1003.2,27.8,62.9,4.0,34.84,102.18
BLD-01824,clinic,Sat,18,3014.2,21.4,66.3,2.0,24.59,109.25
BLD-01825,office,Sun,21,2525.3,37.4,57.4,4.0,57.9,143.44
BLD-01826,retail,Tue,2,2133.5,30.0,43.1,5.0,53.24,117.27
BLD-01827,office,Wed,23,2616.1,18.8,71.3,0.0,35.41,87.7
BLD-01828,retail,Thu,14,1807.7,39.5,69.2,78.0,156.15,347.84
BLD-01829,office,Wed,23,1655.9,13.2,64.7,9.0,42.63,91.89
BLD-01830,clinic,Tue,8,1958.8,10.2,40.8,80.0,158.05,277.93
BLD-01831,retail,Wed,22,1760.6,18.6,32.4,0.0,15.97,66.05
BLD-01832,office,Wed,14,6265.8,15.9,56.3,222.0,357.33,632.77
BLD-01833,retail,Thu,1,3408.1,19.1,70.8,3.0,27.44,100.92
BLD-01834,school,Sun,9,1382.1,28.4,72.7,10.0,34.46,104.65
BLD-01835,office,Thu,3,5846.7,21.7,64.9,8.0,50.95,125.63
BLD-01836,office,Wed,22,1787.3,21.9,47.3,0.0,33.63,82.37
BLD-01837,retail,Fri,7,2231.3,22.5,41.3,89.0,161.85,279.03
BLD-01838,retail,Sat,5,3384.5,3.5,54.7,0.0,35.25,106.79
BLD-01839,office,Thu,13,854.6,9.9,54.9,,57.07,154.04
BLD-01840,clinic,Thu,10,1963.4,18.9,73.8,75.0,129.64,280.7
BLD-01841,office,Tue,2,1670.7,15.3,46.8,0.0,29.09,76.92
BLD-01842,office,Sun,19,2427.6,20.1,48.3,0.0,26.29,81.61
BLD-01843,school,Sun,20,2627.6,33.2,89.9,16.0,56.56,158.35
BLD-01844,office,Tue,17,2119.9,21.4,81.4,91.0,172.42,312.4
BLD-01845,office,Wed,14,2073.2,11.4,40.0,96.0,190.69,319.3
BLD-01846,school,Tue,9,3668.3,15.7,80.0,139.0,244.97,426.33
BLD-01847,office,Sun,13,2542.6,35.7,35.9,9.0,63.8,152.31
BLD-01848,office,Mon,12,2244.2,34.3,47.6,83.0,159.54,317.46
BLD-01849,retail,Tue,3,2361.8,26.8,49.6,1.0,39.84,95.18
BLD-01850,school,Wed,1,5310.5,9.5,53.7,11.0,70.27,127.7
BLD-01851,retail,Thu,6,2390.1,24.5,65.5,,61.26,126.57
BLD-01852,school,Tue,10,1718.6,25.1,56.8,72.0,128.86,245.11
BLD-01853,school,Thu,3,880.0,22.2,65.5,0.0,36.35,74.6
BLD-01854,office,Sat,2,1105.4,17.4,48.2,7.0,33.18,82.38
BLD-01855,retail,Sat,20,1758.2,19.1,61.4,0.0,32.05,88.25
BLD-01856,office,Mon,8,2088.5,16.9,56.3,76.0,145.68,256.83
BLD-01857,office,Mon,14,1685.0,12.8,31.4,77.0,155.68,269.4
BLD-01858,retail,Mon,12,2603.9,32.9,63.2,87.0,166.85,345.57
BLD-01859,retail,Sun,17,1674.6,29.1,56.6,,46.34,147.29
BLD-01860,school,Fri,17,1418.4,19.7,42.9,59.0,137.09,216.1
BLD-01861,office,Thu,7,2952.1,24.8,47.8,106.0,201.16,344.21
BLD-01862,office,Sat,20,4245.1,25.1,48.2,5.0,40.98,99.38
BLD-01863,school,Fri,8,1293.1,40.7,50.8,45.0,83.3,229.24
BLD-01864,retail,Tue,20,2473.0,29.0,84.9,0.0,41.38,131.64
BLD-01865,school,Thu,9,881.7,28.7,90.5,36.0,69.34,190.38
BLD-01866,office,Fri,2,1084.0,22.3,15.0,,35.84,61.37
BLD-01867,office,Mon,18,1658.4,18.5,63.3,56.0,123.32,221.83
BLD-01868,school,Fri,0,3793.2,33.1,71.2,2.0,33.68,126.41
BLD-01869,retail,Thu,18,1513.9,27.2,51.3,48.0,92.67,197.01
BLD-01870,office,Mon,1,1487.0,15.4,70.8,0.0,23.25,81.27
BLD-01871,office,Tue,4,2238.4,25.6,83.1,0.0,21.06,105.71
BLD-01872,office,Thu,14,2239.5,28.7,31.7,97.0,178.75,329.81
BLD-01873,office,Wed,22,1509.2,5.2,57.3,7.0,42.26,115.57
BLD-01874,school,Wed,9,5707.9,14.6,88.3,213.0,371.61,626.99
BLD-01875,office,Fri,2,1936.9,24.9,34.0,4.0,27.41,90.72
BLD-01876,school,Wed,5,2323.3,6.6,53.0,8.0,51.69,98.91
BLD-01877,retail,Thu,21,1814.1,7.9,47.4,13.0,38.88,115.95
BLD-01878,clinic,Sat,17,2717.3,19.8,72.9,7.0,51.76,122.62
BLD-01879,clinic,Mon,2,3979.8,25.9,75.3,17.0,48.55,165.08
BLD-01880,office,Wed,9,4889.1,26.3,57.8,178.0,324.23,532.67
BLD-01881,office,Mon,6,1525.9,34.7,55.5,9.0,36.39,140.09
BLD-01882,office,Sun,4,3731.6,22.7,25.8,10.0,57.92,95.29
BLD-01883,retail,Tue,20,2864.2,19.0,79.2,0.0,40.24,105.26
BLD-01884,office,Sat,14,3512.2,11.5,49.0,4.0,29.35,99.21
BLD-01885,office,Tue,4,2105.1,18.9,52.6,0.0,38.77,79.04
BLD-01886,office,Wed,15,2011.1,27.7,71.5,75.0,137.04,286.03
BLD-01887,office,Fri,9,3447.3,28.0,58.4,125.0,220.23,405.92
BLD-01888,retail,Sat,1,3478.9,24.1,72.1,1.0,30.71,103.45
BLD-01889,retail,Tue,10,4664.6,26.4,65.3,167.0,307.3,525.37
BLD-01890,school,Tue,4,2420.0,32.2,58.5,8.0,31.98,127.86
BLD-01891,clinic,Sun,5,2089.9,22.6,60.3,0.0,34.66,92.13
BLD-01892,office,Wed,21,675.5,32.9,35.9,19.0,46.97,145.97
BLD-01893,office,Tue,17,1015.2,16.2,52.5,45.0,104.47,190.25
BLD-01894,office,Sat,3,1820.7,21.4,73.4,0.0,52.5,91.94
BLD-01895,retail,Mon,20,1296.9,18.2,39.7,9.0,34.38,91.63
BLD-01896,school,Sun,13,3251.9,28.3,42.8,12.0,54.41,132.54
BLD-01897,office,Sun,20,1173.1,13.9,40.0,7.0,33.34,83.36
BLD-01898,clinic,Sat,17,1729.5,19.4,57.6,0.0,39.3,99.27
BLD-01899,office,Wed,8,1762.4,7.1,78.8,85.0,154.06,280.69
BLD-01900,office,Mon,12,3922.5,26.8,64.3,149.0,270.25,462.97
BLD-01901,school,Wed,12,1643.0,32.0,18.0,53.0,104.09,214.38
BLD-01902,clinic,Wed,17,2733.6,29.3,66.0,103.0,209.87,371.85
BLD-01903,retail,Sun,5,2416.7,28.5,,2.0,12.75,97.17
BLD-01904,clinic,Fri,7,3394.1,28.7,63.7,125.0,226.85,421.1
BLD-01905,office,Sun,5,3308.7,27.6,52.5,0.0,35.13,97.05
BLD-01906,school,Sat,7,2165.0,26.9,40.4,4.0,36.19,73.68
BLD-01907,retail,Sat,3,974.6,27.4,53.8,0.0,28.75,85.57
BLD-01908,school,Mon,0,1968.4,16.8,47.5,1.0,31.96,74.03
BLD-01909,office,Mon,22,2179.0,20.4,60.2,7.0,43.41,105.57
BLD-01910,clinic,Mon,1,2523.7,22.6,39.9,0.0,36.18,73.41
BLD-01911,office,Fri,21,1544.1,19.3,35.9,2.0,48.67,75.26
BLD-01912,office,Tue,0,3804.1,9.5,67.4,11.0,26.06,109.39
BLD-01913,clinic,Sun,18,2214.4,12.1,73.9,0.0,49.33,115.7
BLD-01914,clinic,Mon,7,1414.3,23.8,64.9,49.0,126.76,217.03
BLD-01915,clinic,Sun,12,1765.6,29.2,44.0,0.0,11.55,115.82
BLD-01916,clinic,Fri,6,5552.0,22.1,42.4,0.0,44.69,100.13
BLD-01917,office,Mon,11,3026.4,43.0,43.4,113.0,217.32,437.84
BLD-01918,clinic,Mon,10,3639.0,14.6,70.1,139.0,254.24,450.14
BLD-01919,office,Wed,12,1334.4,25.6,41.0,45.0,111.6,192.02
BLD-01920,retail,Wed,9,1580.6,32.3,70.0,65.0,129.54,277.12
BLD-01921,office,Wed,12,1586.3,30.5,65.8,61.0,99.52,248.66
BLD-01922,retail,Thu,19,2403.6,27.2,76.0,79.0,163.16,298.93
BLD-01923,school,Mon,10,2023.7,30.6,73.1,78.0,153.45,292.92
BLD-01924,retail,Mon,8,1739.3,22.4,64.2,76.0,157.62,269.0
BLD-01925,office,Fri,3,1847.3,35.3,30.0,0.0,14.05,92.53
BLD-01926,office,Sun,8,1502.8,32.3,65.4,20.0,45.85,150.37
BLD-01927,office,Tue,3,2018.1,15.2,57.0,0.0,30.24,76.73
BLD-01928,office,Sun,4,3753.9,24.6,48.7,0.0,50.35,95.29
BLD-01929,retail,Wed,22,1064.1,9.6,78.2,5.0,49.87,117.4
BLD-01930,office,Wed,2,2598.1,34.2,52.4,11.0,41.63,139.63
BLD-01931,school,Mon,11,4267.0,23.8,46.0,154.0,266.0,448.35
BLD-01932,office,Wed,20,2014.8,32.8,74.1,6.0,67.78,148.18
BLD-01933,office,Thu,22,1706.8,21.1,48.1,21.0,54.8,123.51
BLD-01934,school,Fri,3,3428.4,7.1,45.1,6.0,51.47,101.21
BLD-01935,office,Tue,3,1371.7,43.0,35.8,28.0,64.97,197.5
BLD-01936,office,Tue,8,2176.2,23.0,41.1,92.0,173.45,289.01
BLD-01937,office,Thu,13,1335.5,14.0,42.5,52.0,96.68,193.47
BLD-01938,office,Mon,23,896.6,31.2,65.6,6.0,26.21,120.83
BLD-01939,school,Tue,4,2045.2,38.3,37.7,1.0,27.97,123.14
BLD-01940,office,Fri,3,1199.6,20.4,23.4,6.0,30.35,66.59
BLD-01941,office,Sun,6,2187.7,21.2,60.2,8.0,39.71,109.82
BLD-01942,retail,Fri,20,3757.2,23.9,44.2,1.0,43.79,94.26
BLD-01943,school,Tue,0,5357.5,13.1,54.7,0.0,62.33,109.7
BLD-01944,school,Sun,9,2301.0,16.5,76.8,15.0,47.8,128.16
BLD-01945,office,Thu,2,3588.3,36.3,56.2,12.0,44.47,165.56
BLD-01946,clinic,Sat,3,2664.3,20.9,80.7,0.0,32.75,108.73
BLD-01947,office,Tue,22,1830.5,15.3,53.8,5.0,28.31,84.31
BLD-01948,office,Fri,0,873.3,18.4,72.1,12.0,27.14,101.54
BLD-01949,clinic,Mon,7,4802.7,30.6,45.7,183.0,326.35,566.16
BLD-01950,retail,Fri,21,1329.6,6.2,56.8,0.0,28.12,88.52
BLD-01951,school,Tue,14,4272.4,24.0,39.1,164.0,286.87,476.52
BLD-01952,clinic,Sun,1,2846.6,41.7,41.2,4.0,20.11,168.84
BLD-01953,office,Mon,11,1377.1,38.2,51.2,56.0,105.66,266.15
BLD-01954,retail,Fri,23,2555.4,26.6,32.4,0.0,18.06,84.32
BLD-01955,retail,Mon,9,6124.2,32.5,57.7,189.0,329.79,582.82
BLD-01956,office,Fri,12,4597.8,32.5,49.9,162.0,284.73,510.2
BLD-01957,office,Thu,12,1720.1,21.0,59.0,70.0,135.22,252.5
BLD-01958,office,Sun,15,1563.2,29.4,32.7,2.0,24.58,92.17
BLD-01959,clinic,Fri,4,2308.4,36.3,66.9,9.0,36.2,155.11
BLD-01960,office,Wed,20,2032.0,11.9,83.9,13.0,47.7,131.55
BLD-01961,office,Mon,23,3913.1,26.6,80.3,1.0,42.72,123.75
BLD-01962,retail,Fri,3,3137.6,24.9,87.4,1.0,30.26,111.17
BLD-01963,retail,Thu,19,976.5,22.8,55.7,21.0,48.03,130.28
BLD-01964,office,Mon,19,2741.8,22.1,49.0,90.0,159.02,302.08
BLD-01965,retail,Fri,17,2018.8,23.9,63.3,65.0,120.99,256.36
BLD-01966,school,Tue,8,2239.5,24.5,51.0,88.0,158.43,281.67
BLD-01967,retail,Tue,11,2479.2,30.9,25.4,90.0,155.93,302.74
BLD-01968,office,Mon,20,3911.2,25.8,68.9,0.0,33.19,104.56
BLD-01969,office,Wed,3,3517.7,20.6,51.0,0.0,48.43,102.37
BLD-01970,school,Tue,19,1535.1,15.3,30.1,53.0,104.7,189.72
BLD-01971,office,Mon,22,2139.0,18.2,46.4,11.0,34.67,94.06
BLD-01972,school,Thu,16,1773.9,24.1,51.4,68.0,108.51,241.46
BLD-01973,office,Tue,8,981.3,16.4,55.2,47.0,114.79,196.01
BLD-01974,retail,Mon,13,2087.5,29.6,55.4,61.0,133.24,248.97
BLD-01975,clinic,Thu,1,5333.1,25.4,78.3,8.0,58.18,155.89
BLD-01976,retail,Mon,22,967.2,31.1,33.1,0.0,37.5,95.56
BLD-01977,clinic,Sun,8,2174.7,16.9,52.4,2.0,38.97,89.82
BLD-01978,clinic,Thu,1,2141.5,15.4,40.1,15.0,52.31,117.09
BLD-01979,office,Sun,19,2525.8,31.1,76.4,1.0,21.2,120.6
BLD-01980,office,Sun,15,1385.9,23.0,45.5,8.0,58.63,98.66
BLD-01981,clinic,Sun,14,1110.0,20.4,49.2,0.0,22.07,85.7
BLD-01982,clinic,Thu,1,1135.1,27.6,72.8,4.0,28.72,113.91
BLD-01983,clinic,Wed,18,4167.5,27.3,77.5,140.0,249.04,468.44
BLD-01984,retail,Sat,15,1372.7,12.0,80.0,4.0,34.04,111.34
BLD-01985,office,Mon,19,1730.9,33.1,27.1,69.0,138.17,251.61
BLD-01986,clinic,Sat,19,6041.7,18.7,63.2,13.0,70.26,149.44
BLD-01987,clinic,Wed,5,1546.5,35.6,59.6,0.0,22.42,124.97
BLD-01988,retail,Mon,5,2593.0,11.3,54.1,0.0,32.63,82.17
BLD-01989,retail,Tue,22,3665.9,24.5,56.1,0.0,42.09,106.9
BLD-01990,school,Tue,12,3582.3,20.5,76.9,130.0,224.71,410.53
BLD-01991,clinic,Mon,10,1161.0,6.2,72.7,38.0,98.11,201.39
BLD-01992,office,Fri,6,1562.1,27.3,70.2,0.0,28.05,88.27
BLD-01993,retail,Mon,15,2543.6,6.6,58.5,87.0,178.66,319.77
BLD-01994,office,Sat,18,5553.3,19.7,93.6,4.0,36.29,119.52
BLD-01995,office,Thu,0,1526.4,30.8,48.2,3.0,39.15,104.09
BLD-01996,office,Sat,13,1735.9,17.8,27.5,8.0,32.04,83.68
BLD-01997,school,Wed,23,2690.8,14.8,50.5,11.0,42.92,99.01
BLD-01998,office,Mon,6,2962.1,28.4,56.0,0.0,42.9,105.78
BLD-01999,clinic,Tue,6,3049.5,20.0,77.2,0.0,31.91,101.6
BLD-02000,school,Fri,21,1465.5,18.8,46.3,7.0,64.34,90.54
BLD-02001,clinic,Sat,1,1704.2,32.2,63.4,4.0,40.0,141.58
BLD-02002,office,Tue,9,2439.8,12.7,29.9,89.0,158.3,266.26
BLD-02003,office,Wed,10,4032.4,18.3,73.4,158.0,280.33,481.39
BLD-02004,retail,Sun,19,1962.0,28.9,56.2,8.0,39.48,114.24
BLD-02005,retail,Sat,3,2176.6,12.1,50.2,5.0,46.53,107.32
BLD-02006,school,Wed,10,1344.5,36.2,91.2,53.0,103.92,267.89
BLD-02007,retail,Tue,3,5380.6,20.3,73.2,11.0,64.09,144.33
BLD-02008,retail,Wed,18,2369.1,29.0,37.3,83.0,157.96,289.84
BLD-02009,school,Thu,15,3690.6,29.0,53.1,129.0,231.05,415.43
BLD-02010,clinic,Thu,11,2231.8,20.8,98.0,82.0,164.35,319.9
BLD-02011,retail,Tue,9,2291.9,18.2,88.6,76.0,127.14,263.02
BLD-02012,retail,Mon,3,1070.7,21.7,70.7,4.0,33.26,95.41
BLD-02013,office,Thu,22,783.6,27.7,23.6,5.0,25.62,79.9
BLD-02014,office,Sat,15,4012.3,14.1,77.6,3.0,29.06,103.41
BLD-02015,office,Tue,7,2284.0,12.4,44.2,83.0,147.26,270.93
BLD-02016,retail,Wed,9,2429.2,33.9,77.5,104.0,181.52,380.87
BLD-02017,retail,Tue,17,1207.9,16.1,42.7,55.0,106.98,213.52
BLD-02018,office,Tue,17,1426.2,24.8,63.3,54.0,112.08,216.45
BLD-02019,school,Fri,11,3663.3,20.4,44.1,136.0,246.08,406.78
BLD-02020,office,Wed,7,5072.0,20.7,48.8,196.0,332.2,554.69
BLD-02021,office,Tue,15,1632.7,33.4,65.6,58.0,131.38,250.4
BLD-02022,clinic,Sun,15,3036.7,21.3,32.6,0.0,30.43,86.75
BLD-02023,office,Tue,14,2410.1,19.1,95.3,92.0,150.18,320.46
BLD-02024,office,Tue,1,2076.3,19.8,37.5,7.0,37.36,68.65
BLD-02025,school,Sun,11,5351.6,18.0,36.6,8.0,55.88,110.54
BLD-02026,office,Thu,14,1769.9,16.6,65.6,74.0,107.35,252.57
BLD-02027,retail,Mon,22,3990.8,18.0,77.0,0.0,50.04,110.78
BLD-02028,clinic,Wed,12,2642.0,35.3,49.5,87.0,162.08,349.76
BLD-02029,school,Thu,8,2182.2,27.7,36.8,77.0,134.7,253.32
BLD-02030,school,Tue,13,4250.5,19.2,39.3,160.0,269.4,460.11
BLD-02031,office,Thu,4,2528.7,29.9,37.5,0.0,39.73,100.64
BLD-02032,school,Fri,2,2100.5,9.3,60.2,0.0,39.24,87.4
BLD-02033,office,Tue,16,4265.6,33.0,53.8,157.0,268.07,489.2
BLD-02034,office,Sat,23,4007.2,32.4,62.2,0.0,24.48,119.48
BLD-02035,retail,Thu,20,3917.3,39.9,61.2,0.0,38.98,160.04
BLD-02036,office,Sun,14,340.4,30.1,69.0,5.0,34.01,124.02
BLD-02037,school,Mon,0,2717.6,25.5,48.0,1.0,40.02,82.73
BLD-02038,office,Wed,23,2435.8,32.3,42.5,17.0,51.61,136.13
BLD-02039,retail,Sat,10,2163.5,17.0,57.7,5.0,36.93,93.63
BLD-02040,office,Sun,6,2948.1,18.8,54.1,9.0,47.49,111.91
BLD-02041,office,Tue,21,2493.1,21.5,59.3,4.0,47.64,96.87
BLD-02042,retail,Sun,17,3045.9,33.0,42.9,0.0,47.48,134.22
BLD-02043,school,Tue,17,1934.5,15.2,65.9,,149.24,261.75
BLD-02044,clinic,Wed,6,4515.8,14.3,35.0,13.0,72.59,124.79
BLD-02045,office,Wed,23,3197.4,23.9,47.5,10.0,67.92,109.19
BLD-02046,retail,Wed,10,2854.4,27.7,74.2,94.0,184.55,342.32
BLD-02047,clinic,Sun,12,2788.3,16.4,35.8,0.0,27.26,91.19
BLD-02048,school,Sat,18,3834.2,27.4,72.9,0.0,52.67,107.8
BLD-02049,retail,Sat,15,3592.6,32.9,31.0,12.0,40.61,145.58
BLD-02050,office,Tue,4,2084.1,31.6,28.1,0.0,53.98,102.49
BLD-02051,retail,Sun,7,3538.9,24.8,29.6,10.0,41.4,94.35
BLD-02052,clinic,Thu,8,2391.7,21.3,57.0,93.0,179.94,309.34
BLD-02053,retail,Fri,22,5521.1,35.9,67.4,5.0,66.03,175.24
BLD-02054,clinic,Fri,17,3726.1,22.1,77.0,133.0,241.0,446.3
BLD-02055,school,Fri,8,1629.3,29.5,75.6,72.0,116.01,263.02
BLD-02056,school,Fri,17,6734.2,37.7,69.7,245.0,406.96,745.88
BLD-02057,office,Thu,17,802.1,28.7,40.9,21.0,60.28,133.08
BLD-02058,retail,Fri,9,2987.4,14.0,40.7,101.0,191.81,326.08
BLD-02059,clinic,Sun,9,1575.0,12.1,68.4,0.0,26.51,94.98
BLD-02060,school,Wed,21,5429.8,19.6,79.2,14.0,65.46,137.5
BLD-02061,office,Thu,13,2483.8,27.7,37.5,104.0,173.25,348.14
BLD-02062,school,Tue,3,1503.0,25.6,77.0,13.0,65.26,127.26
BLD-02063,retail,Wed,17,1935.8,39.7,22.4,72.0,133.96,290.31
BLD-02064,clinic,Sat,14,1561.7,25.5,61.6,0.0,36.13,112.59
BLD-02065,office,Fri,12,1899.7,19.4,53.2,63.0,138.13,243.42
BLD-02066,office,Tue,17,1878.9,12.9,51.5,63.0,112.47,231.23
BLD-02067,office,Thu,21,1534.0,31.4,,4.0,35.42,111.19
BLD-02068,office,Sat,7,2504.5,22.0,40.5,15.0,57.3,100.74
BLD-02069,clinic,Mon,10,2654.5,10.0,62.6,110.0,195.04,362.56
BLD-02070,office,Mon,4,1363.7,22.2,56.0,0.0,36.73,75.97
BLD-02071,school,Wed,15,992.5,14.0,70.9,22.0,52.3,130.52
BLD-02072,office,Fri,9,2554.1,18.6,82.0,86.0,161.77,297.61
BLD-02073,office,Wed,8,2839.9,22.0,57.2,115.0,202.15,361.37
BLD-02074,clinic,Sat,16,3123.5,14.8,41.1,6.0,66.75,123.48
BLD-02075,school,Sat,9,2866.3,18.1,35.7,1.0,28.34,75.75
BLD-02076,office,Thu,11,4680.3,16.0,83.9,168.0,300.17,510.58
BLD-02077,office,Wed,10,3550.4,16.3,81.7,125.0,241.67,402.22
BLD-02078,clinic,Mon,6,7962.8,13.9,70.1,0.0,44.67,131.0
BLD-02079,clinic,Sat,3,9745.1,18.1,56.0,21.0,93.43,188.46
BLD-02080,office,Sun,19,946.1,14.8,68.9,18.0,42.92,119.46
BLD-02081,school,Thu,2,766.3,26.7,77.2,0.0,5.0,82.62
BLD-02082,office,Thu,7,2192.2,23.6,44.5,68.0,124.92,240.72
BLD-02083,school,Sat,16,2802.4,31.6,55.5,5.0,35.01,120.63
BLD-02084,office,Fri,3,2121.3,37.1,36.2,3.0,29.88,127.62
BLD-02085,retail,Mon,15,3083.8,27.4,52.8,119.0,209.84,392.75
BLD-02086,clinic,Fri,17,1932.4,25.6,81.3,80.0,149.79,306.95
BLD-02087,office,Sun,15,1576.7,27.9,73.3,0.0,16.34,107.64
BLD-02088,school,Sat,7,1695.3,25.7,57.3,14.0,53.3,107.74
BLD-02089,office,Thu,0,1998.5,22.4,15.0,1.0,43.63,56.35
BLD-02090,office,Thu,21,3298.1,21.8,43.9,9.0,62.0,107.32
BLD-02091,office,Tue,7,1741.6,13.8,56.7,64.0,122.36,216.17
BLD-02092,office,Fri,19,1915.1,28.7,51.3,80.0,158.6,290.62
BLD-02093,clinic,Tue,4,2892.6,21.7,55.6,0.0,26.76,84.97
BLD-02094,office,Wed,3,1999.8,33.6,59.1,10.0,41.57,146.8
BLD-02095,retail,Tue,18,3760.2,29.3,45.9,132.0,239.03,423.71
BLD-02096,office,Wed,22,1415.0,17.0,54.9,5.0,31.81,92.36
BLD-02097,school,Wed,20,1275.1,32.0,52.5,14.0,35.46,123.13
BLD-02098,school,Mon,18,2546.4,1.5,43.0,89.0,174.02,308.63
BLD-02099,clinic,Sat,5,2671.2,37.4,86.4,0.0,24.4,164.04
BLD-02100,office,Thu,21,1452.5,11.3,46.9,1.0,24.11,76.21
BLD-02101,office,Sun,16,4192.9,26.0,16.7,1.0,50.85,91.19
BLD-02102,retail,Tue,4,5542.4,25.4,85.3,0.0,49.54,127.17
BLD-02103,retail,Fri,3,1627.6,31.0,40.6,5.0,37.77,108.11
BLD-02104,retail,Tue,20,4492.3,19.4,,5.0,32.78,125.48
BLD-02105,office,Thu,6,701.2,4.8,43.4,8.0,25.17,83.92
BLD-02106,office,Thu,18,3687.7,19.4,64.7,129.0,234.22,396.16
BLD-02107,retail,Thu,3,1457.5,20.2,54.2,0.0,34.13,87.39
BLD-02108,school,Fri,6,3514.8,5.6,72.0,3.0,43.09,120.27
BLD-02109,school,Sat,6,1386.9,22.4,51.4,2.0,25.81,63.84
BLD-02110,office,Wed,6,2128.9,13.4,43.9,2.0,28.45,65.52
BLD-02111,office,Sat,16,1491.2,27.2,59.4,0.0,30.12,104.7
BLD-02112,clinic,Tue,21,1985.3,20.0,48.5,7.0,27.92,90.54
BLD-02113,retail,Wed,21,5295.3,37.7,22.2,0.0,44.1,133.93
BLD-02114,office,Wed,17,2088.9,20.0,44.8,78.0,133.47,257.38
BLD-02115,clinic,Sun,4,6058.1,25.4,98.0,2.0,38.71,139.01
BLD-02116,school,Mon,23,1828.1,20.3,24.0,4.0,37.09,69.29
BLD-02117,office,Wed,13,4501.9,9.0,59.1,174.0,306.84,525.5
BLD-02118,office,Wed,13,1008.2,20.4,50.9,29.0,72.95,140.87
BLD-02119,retail,Sat,16,1917.3,28.0,86.2,0.0,18.52,112.31
BLD-02120,office,Thu,18,1700.8,26.8,36.1,60.0,100.09,223.46
BLD-02121,school,Sun,22,4602.3,19.7,56.7,0.0,40.33,86.56
BLD-02122,retail,Sat,13,2404.6,10.3,66.7,0.0,12.62,101.45
BLD-02123,office,Fri,14,807.5,27.2,52.0,47.0,105.17,203.92
BLD-02124,clinic,Sat,17,1173.0,25.4,42.0,8.0,27.88,94.2
BLD-02125,office,Tue,6,1353.1,28.7,54.6,9.0,63.25,125.34
BLD-02126,office,Thu,7,3444.6,19.8,49.7,125.0,213.66,379.42
BLD-02127,retail,Fri,15,3237.7,8.5,49.7,123.0,224.08,408.2
BLD-02128,school,Tue,1,1904.6,26.3,70.8,1.0,23.75,78.38
BLD-02129,office,Mon,7,1690.8,21.9,61.9,71.0,133.58,225.17
BLD-02130,school,Mon,17,3102.9,33.1,64.4,116.0,210.25,403.13
BLD-02131,clinic,Sat,23,1279.3,22.2,60.6,4.0,41.72,96.82
BLD-02132,retail,Fri,12,2740.5,21.6,71.3,102.0,196.16,339.05
BLD-02133,retail,Tue,9,2630.7,25.3,77.2,110.0,204.8,371.49
BLD-02134,office,Sat,10,1928.3,17.2,50.1,5.0,47.59,90.63
BLD-02135,office,Fri,16,2662.7,16.8,68.9,91.0,162.99,300.9
BLD-02136,school,Sat,13,2310.5,21.2,33.0,7.0,48.23,87.69
BLD-02137,office,Sun,0,2793.3,14.6,16.7,8.0,41.76,81.76
BLD-02138,retail,Sun,12,1159.6,20.2,86.0,3.0,41.0,112.5
BLD-02139,office,Tue,9,2954.8,37.5,49.3,109.0,198.47,393.57
BLD-02140,office,Sat,16,3601.1,30.3,59.3,0.0,42.61,124.69
BLD-02141,office,Wed,21,2566.4,24.5,34.2,5.0,42.68,76.66
BLD-02142,office,Wed,23,2936.0,34.4,33.4,0.0,41.35,112.59
BLD-02143,office,Fri,14,2086.9,15.4,42.9,77.0,137.77,259.37
BLD-02144,school,Fri,8,3374.7,41.9,65.9,119.0,198.28,431.28
BLD-02145,school,Wed,10,2270.0,18.3,46.2,93.0,180.47,291.64
BLD-02146,office,Sun,4,1268.0,38.0,49.3,16.0,64.52,162.19
BLD-02147,office,Tue,22,3261.4,38.0,42.3,0.0,33.89,129.46
BLD-02148,retail,Mon,20,1004.1,8.0,74.8,4.0,40.13,115.58
BLD-02149,office,Mon,20,2519.8,33.7,69.8,2.0,18.79,132.54
BLD-02150,school,Sat,7,1829.5,19.7,46.8,8.0,35.1,88.57
BLD-02151,school,Wed,7,1774.2,17.5,66.6,68.0,131.92,226.72
BLD-02152,school,Thu,20,2389.3,26.2,50.8,1.0,15.7,72.05
BLD-02153,clinic,Fri,13,1565.2,13.9,49.3,61.0,104.47,234.49
BLD-02154,school,Thu,16,2813.2,26.0,54.2,103.0,189.33,345.19
BLD-02155,clinic,Fri,11,2260.8,14.5,65.9,97.0,170.49,324.19
BLD-02156,clinic,Mon,10,1635.8,23.4,39.8,56.0,109.08,217.25
BLD-02157,office,Tue,15,4182.0,32.7,63.5,155.0,267.16,494.06
BLD-02158,office,Sun,19,2427.2,25.1,97.5,8.0,30.87,127.36
BLD-02159,office,Thu,8,2978.0,19.1,58.1,114.0,202.74,349.74
BLD-02160,office,Tue,19,4342.4,26.3,55.6,157.0,274.73,476.91
BLD-02161,school,Wed,5,4308.3,10.7,53.6,15.0,55.91,116.89
BLD-02162,office,Wed,9,2905.9,15.3,63.1,91.0,165.11,292.61
BLD-02163,office,Tue,21,1902.5,18.6,27.6,0.0,27.57,78.82
BLD-02164,office,Wed,22,1107.6,28.3,83.9,9.0,48.13,128.99
BLD-02165,retail,Sat,22,2429.5,25.2,71.7,0.0,30.77,113.27
BLD-02166,retail,Mon,7,3720.5,26.3,44.0,129.0,211.12,401.84
BLD-02167,clinic,Wed,20,2607.9,21.8,,0.0,20.49,78.25
BLD-02168,office,Thu,22,421.1,15.7,45.5,0.0,33.0,67.65
BLD-02169,office,Thu,23,3340.4,33.9,60.1,9.0,42.01,136.07
BLD-02170,clinic,Sun,0,3440.4,16.4,56.0,11.0,51.38,121.85
BLD-02171,retail,Sun,17,1903.8,25.4,58.9,5.0,56.36,104.43
BLD-02172,school,Wed,23,3535.6,21.1,37.5,12.0,60.46,92.68
BLD-02173,school,Thu,18,2973.9,26.5,46.8,99.0,160.91,309.5
BLD-02174,office,Mon,5,1583.1,17.2,74.5,5.0,50.28,98.92
BLD-02175,clinic,Fri,18,4049.9,30.4,45.9,159.0,278.2,502.02
BLD-02176,school,Tue,2,1197.3,33.0,15.0,12.0,48.48,102.6
BLD-02177,school,Mon,11,2140.4,29.9,52.4,92.0,171.6,319.46
BLD-02178,school,Fri,15,2040.3,23.3,96.0,72.0,147.29,285.36
BLD-02179,office,Tue,10,1480.3,18.5,69.4,64.0,123.12,238.48
BLD-02180,office,Thu,16,2545.4,43.0,45.1,91.0,153.87,367.46
BLD-02181,retail,Mon,5,4126.5,14.1,54.1,9.0,55.24,119.6
BLD-02182,school,Sat,14,4004.3,29.0,66.6,14.0,45.2,136.92
BLD-02183,office,Sat,15,3113.7,24.7,25.1,0.0,52.62,93.06
BLD-02184,office,Fri,15,974.7,21.5,40.4,24.0,58.28,118.52
BLD-02185,clinic,Sat,6,1158.6,23.5,61.8,19.0,54.62,144.23
BLD-02186,office,Thu,7,2382.7,17.9,82.1,93.0,164.27,314.26
BLD-02187,office,Tue,6,2164.1,25.4,47.5,3.0,38.55,93.16
BLD-02188,school,Tue,11,1732.2,24.5,81.6,65.0,130.97,255.16
BLD-02189,retail,Tue,14,5490.5,43.0,42.2,183.0,311.67,611.15
BLD-02190,retail,Tue,8,2314.7,30.6,15.0,88.0,167.79,292.02
BLD-02191,retail,Wed,9,2854.3,26.1,67.6,102.0,187.09,342.16
BLD-02192,office,Tue,6,3534.8,26.6,64.2,4.0,41.18,122.03
BLD-02193,clinic,Fri,5,2258.8,36.7,67.5,4.0,29.52,153.34
BLD-02194,clinic,Tue,15,7630.6,14.2,66.9,249.0,449.17,729.83
BLD-02195,school,Fri,19,1400.8,20.5,58.3,58.0,126.43,216.96
BLD-02196,school,Wed,6,1644.7,6.7,50.6,6.0,44.86,99.42
BLD-02197,office,Fri,20,1399.2,26.5,51.2,7.0,49.36,100.91
BLD-02198,office,Thu,13,4657.8,28.8,47.2,169.0,297.13,510.97
BLD-02199,office,Sun,4,3233.2,14.0,48.2,4.0,37.44,93.95
BLD-02200,office,Thu,8,1694.3,33.5,24.2,66.0,101.35,245.85
BLD-02201,clinic,Wed,0,1453.2,16.2,34.4,6.0,24.62,85.53
BLD-02202,office,Fri,0,4276.8,19.3,52.2,8.0,72.76,116.44
BLD-02203,school,Fri,8,2617.1,23.0,16.9,100.0,194.07,292.74
BLD-02204,office,Thu,10,4329.5,34.8,20.9,173.0,300.84,530.53
BLD-02205,office,Thu,19,2137.4,15.1,49.3,75.0,127.27,244.37
BLD-02206,office,Thu,3,2812.3,24.3,52.8,1.0,41.1,82.38
BLD-02207,office,Wed,20,2541.0,28.2,49.7,18.0,56.38,141.96
BLD-02208,school,Wed,5,1630.5,26.5,15.0,3.0,40.0,62.3
BLD-02209,clinic,Sun,3,2052.9,26.8,81.4,11.0,35.59,126.16
BLD-02210,office,Fri,16,1246.1,28.1,30.6,50.0,97.08,206.37
BLD-02211,clinic,Mon,18,2788.8,17.6,41.1,102.0,195.01,324.39
BLD-02212,retail,Sun,14,3170.4,35.5,33.5,12.0,71.96,162.33
BLD-02213,school,Fri,2,3538.6,21.1,77.1,8.0,41.57,102.94
BLD-02214,office,Mon,2,3029.5,20.0,62.2,0.0,24.12,78.65
BLD-02215,office,Sat,9,2068.7,32.8,47.0,5.0,48.0,137.0
BLD-02216,retail,Fri,10,4633.9,17.0,45.8,162.0,270.94,474.97
BLD-02217,school,Sun,23,3376.2,24.6,58.1,14.0,44.62,117.95
BLD-02218,office,Thu,6,4284.3,16.2,33.8,18.0,68.8,127.16
BLD-02219,retail,Thu,4,4415.3,42.2,61.5,19.0,89.02,221.42
BLD-02220,office,Wed,22,2071.3,40.5,45.7,7.0,32.3,156.85
BLD-02221,retail,Wed,3,2650.2,21.1,63.8,0.0,28.9,91.27
BLD-02222,office,Fri,0,3190.7,26.2,63.3,7.0,46.38,119.99
BLD-02223,clinic,Sat,10,1267.3,22.0,44.9,0.0,22.34,76.58
BLD-02224,office,Sun,9,1280.8,19.2,20.1,23.0,43.95,105.66
BLD-02225,office,Sat,14,1179.1,23.0,50.8,14.0,55.74,115.18
BLD-02226,retail,Fri,21,2088.8,21.7,30.4,6.0,41.22,90.34
BLD-02227,office,Thu,22,1874.7,9.8,56.3,12.0,51.17,110.86
BLD-02228,clinic,Wed,6,1104.4,24.1,50.6,0.0,25.0,96.82
BLD-02229,retail,Sat,23,2363.5,21.7,45.0,0.0,46.59,86.12
BLD-02230,office,Wed,15,2101.3,24.5,33.0,61.0,116.86,220.11
BLD-02231,office,Tue,1,3880.4,21.4,75.2,5.0,34.25,105.37
BLD-02232,clinic,Sun,22,5781.6,19.1,47.3,2.0,64.76,118.19
BLD-02233,school,Fri,3,2738.9,29.0,95.0,8.0,22.97,124.29
BLD-02234,clinic,Wed,14,1574.7,26.3,55.6,60.0,116.76,250.45
BLD-02235,office,Sun,18,3000.8,33.2,61.0,8.0,45.25,143.27
BLD-02236,clinic,Sun,5,2209.8,26.0,55.7,10.0,44.69,134.7
BLD-02237,school,Wed,6,1960.5,20.4,60.8,0.0,14.33,66.11
BLD-02238,retail,Thu,11,1454.8,26.9,73.6,63.0,110.47,250.83
BLD-02239,office,Thu,21,1760.6,6.2,73.8,,40.12,103.34
BLD-02240,office,Fri,5,2020.0,38.8,25.0,8.0,55.93,153.64
BLD-02241,clinic,Sun,15,3236.3,24.2,69.5,12.0,48.77,134.54
BLD-02242,clinic,Thu,10,2811.6,39.5,63.5,113.0,193.44,427.76
BLD-02243,office,Sat,2,5284.3,15.0,55.6,5.0,32.79,103.7
BLD-02244,clinic,Fri,17,3040.9,13.1,84.1,114.0,214.57,385.98
BLD-02245,office,Sun,19,2696.9,24.9,84.8,11.0,59.28,151.54
BLD-02246,office,Wed,13,1899.3,24.9,70.4,60.0,91.49,224.6
BLD-02247,office,Wed,4,1337.1,24.7,45.8,0.0,5.0,65.19
BLD-02248,office,Wed,3,1673.5,23.5,34.7,2.0,33.06,81.69
BLD-02249,office,Sun,10,1572.3,17.0,67.8,0.0,30.95,83.89
BLD-02250,office,Fri,12,643.5,10.1,78.1,25.0,57.3,153.57
BLD-02251,office,Tue,13,1355.7,24.3,20.5,50.0,102.09,182.56
BLD-02252,retail,Mon,5,4747.0,11.7,73.5,5.0,46.02,123.37
BLD-02253,retail,Thu,12,2625.8,11.0,50.7,97.0,178.27,332.12
BLD-02254,retail,Sat,7,1836.3,19.0,24.2,13.0,39.84,86.54
BLD-02255,office,Thu,16,2663.7,25.4,63.0,104.0,188.53,330.45
BLD-02256,retail,Thu,19,861.4,37.9,70.5,34.0,69.7,217.17
BLD-02257,office,Sat,15,2519.0,29.8,49.0,1.0,26.0,106.37
BLD-02258,retail,Thu,0,4061.9,33.5,37.0,4.0,25.58,123.6
BLD-02259,school,Sun,23,2075.7,27.2,84.1,4.0,34.55,109.27
BLD-02260,office,Fri,0,939.8,24.9,43.6,24.0,69.79,125.3
BLD-02261,office,Sat,23,1803.6,42.0,74.7,0.0,25.96,155.71
BLD-02262,retail,Sat,0,4065.4,11.4,29.3,0.0,34.73,94.14
BLD-02263,clinic,Fri,12,2490.8,18.7,62.1,84.0,170.52,306.02
BLD-02264,retail,Mon,2,1113.7,19.3,61.6,6.0,45.7,101.97
BLD-02265,clinic,Wed,2,6854.6,29.1,69.8,6.0,75.76,160.52
BLD-02266,clinic,Mon,16,1205.2,14.2,80.4,42.0,112.39,212.0
BLD-02267,office,Thu,17,1957.9,28.1,41.2,81.0,151.93,276.96
BLD-02268,retail,Tue,2,1337.1,26.6,63.9,7.0,26.28,114.05
BLD-02269,office,Thu,23,1338.0,28.5,31.8,12.0,40.14,94.68
BLD-02270,school,Wed,7,1770.8,28.4,31.6,77.0,150.31,259.39
BLD-02271,office,Mon,7,2985.6,34.3,45.2,94.0,189.34,344.59
BLD-02272,clinic,Mon,7,4087.4,21.6,62.0,155.0,260.36,467.99
BLD-02273,retail,Thu,11,1827.8,26.2,83.5,59.0,120.36,239.03
BLD-02274,office,Mon,4,1354.7,16.1,86.6,6.0,28.49,89.22
BLD-02275,office,Sat,10,2768.2,14.3,49.0,3.0,36.11,89.96
BLD-02276,office,Sat,5,2807.5,36.1,60.2,4.0,37.61,134.22
BLD-02277,retail,Fri,1,2469.1,15.5,71.0,0.0,35.69,90.88
BLD-02278,clinic,Tue,8,2511.3,27.1,68.0,102.0,205.37,358.93
BLD-02279,office,Sat,16,2084.3,26.2,52.1,0.0,35.09,88.36
BLD-02280,school,Fri,18,2306.1,31.4,56.3,92.0,164.93,315.24
BLD-02281,school,Wed,8,2016.3,8.7,53.1,65.0,121.62,232.1
BLD-02282,office,Mon,7,3677.3,29.1,51.5,135.0,237.3,410.32
BLD-02283,school,Thu,18,6411.7,21.5,49.2,247.0,409.43,678.06
BLD-02284,office,Sat,16,2398.1,17.2,53.0,23.0,67.49,135.89
BLD-02285,office,Mon,19,2193.1,20.0,48.1,69.0,110.16,230.31
BLD-02286,office,Mon,21,2487.5,30.3,35.7,0.0,29.84,106.42
BLD-02287,clinic,Wed,19,1604.2,27.8,69.7,57.0,112.6,240.57
BLD-02288,office,Thu,22,3176.1,21.0,63.8,22.0,56.1,138.72
BLD-02289,office,Thu,9,2718.9,12.9,86.9,101.0,180.55,342.5
BLD-02290,retail,Wed,9,1797.9,13.5,61.3,77.0,155.89,277.91
BLD-02291,clinic,Tue,7,3392.1,28.0,47.9,128.0,239.49,413.72
BLD-02292,school,Mon,5,2220.1,11.8,44.4,0.0,25.55,78.12
BLD-02293,office,Mon,17,1381.0,21.1,55.8,38.0,89.76,175.18
BLD-02294,retail,Mon,17,2604.5,43.0,64.4,92.0,155.43,389.09
BLD-02295,office,Fri,19,2465.1,25.7,50.8,111.0,195.4,341.35
BLD-02296,retail,Sat,4,3488.5,27.9,30.0,6.0,47.26,108.3
BLD-02297,office,Thu,11,3279.2,13.5,42.4,130.0,245.39,395.7
BLD-02298,office,Mon,5,2087.6,12.2,55.3,0.0,42.28,80.44
BLD-02299,office,Wed,21,1753.9,28.4,67.6,1.0,32.6,98.69
BLD-02300,retail,Sun,6,2201.8,19.7,29.7,10.0,36.69,88.87
BLD-02301,office,Tue,3,2619.1,31.4,59.5,0.0,46.06,118.7
BLD-02302,office,Thu,13,2775.0,23.1,58.8,103.0,184.2,341.83
BLD-02303,school,Thu,21,2542.5,43.0,47.3,0.0,36.65,154.43
BLD-02304,retail,Wed,21,2106.2,18.2,45.0,11.0,45.7,104.16
BLD-02305,office,Thu,2,3549.9,25.1,42.5,7.0,66.62,110.62
BLD-02306,retail,Thu,7,1591.7,15.6,57.4,66.0,121.27,230.59
BLD-02307,retail,Thu,3,7232.4,31.1,74.2,11.0,76.59,178.46
BLD-02308,office,Sat,7,3173.2,26.3,75.4,2.0,36.83,103.17
BLD-02309,clinic,Fri,12,1280.5,15.1,35.9,58.0,119.81,217.79
BLD-02310,clinic,Mon,6,2404.6,20.3,51.8,0.0,47.82,97.62
BLD-02311,office,Mon,1,3187.8,33.8,17.7,9.0,28.21,123.33
BLD-02312,office,Wed,12,1860.3,32.8,56.9,55.0,111.29,246.3
BLD-02313,office,Sun,1,1073.4,11.5,,0.0,17.35,73.26
BLD-02314,office,Mon,5,1336.0,19.1,81.7,23.0,66.3,149.36
BLD-02315,school,Mon,0,2853.8,37.4,24.6,9.0,53.83,123.77
BLD-02316,clinic,Fri,2,947.7,21.5,36.5,9.0,34.59,97.94
BLD-02317,clinic,Thu,10,1097.2,24.3,57.5,37.0,76.67,170.4
BLD-02318,office,Tue,20,2846.6,31.0,27.5,0.0,35.42,97.89
BLD-02319,office,Tue,18,1977.1,12.1,57.9,72.0,125.18,248.86
BLD-02320,office,Fri,2,1575.4,15.3,65.6,3.0,36.13,90.22
BLD-02321,school,Thu,0,1735.0,20.2,33.2,19.0,49.26,112.5
BLD-02322,office,Fri,8,1086.0,32.4,57.3,51.0,110.18,222.91
BLD-02323,clinic,Tue,15,2776.0,31.0,34.4,104.0,175.93,351.53
BLD-02324,retail,Thu,17,1493.8,28.6,78.4,58.0,109.3,250.73
BLD-02325,office,Sun,19,1701.1,21.7,58.5,10.0,36.29,108.85
BLD-02326,retail,Wed,8,2598.4,31.8,44.1,86.0,158.41,312.64
BLD-02327,school,Wed,4,1945.0,21.6,34.0,0.0,43.54,65.24
BLD-02328,retail,Tue,0,1568.7,27.4,61.6,10.0,51.73,124.69
BLD-02329,school,Fri,3,846.6,30.1,78.1,5.0,28.09,104.62
BLD-02330,office,Mon,1,2624.3,36.4,41.9,0.0,27.69,120.03
BLD-02331,school,Tue,20,2285.0,22.3,47.5,0.0,39.99,70.72
BLD-02332,office,Fri,6,1716.2,19.9,42.2,11.0,33.73,97.49
BLD-02333,school,Mon,19,1337.1,33.2,81.4,48.0,99.57,237.59
BLD-02334,office,Sun,13,2213.5,33.8,22.6,7.0,35.3,111.24
BLD-02335,retail,Wed,12,2770.7,18.5,76.9,101.0,182.87,342.26
BLD-02336,retail,Wed,10,2305.7,14.0,48.6,86.0,168.31,295.18
BLD-02337,office,Thu,19,4829.4,32.6,53.8,172.0,292.63,526.62
BLD-02338,office,Fri,1,3085.6,9.7,49.2,3.0,48.58,92.27
BLD-02339,retail,Thu,2,2089.6,9.3,59.1,9.0,65.85,120.0
BLD-02340,office,Sun,10,3135.6,20.7,42.6,2.0,43.58,89.76
BLD-02341,school,Sun,9,2252.0,22.8,73.0,1.0,31.67,94.73
BLD-02342,retail,Tue,13,2248.2,13.5,73.7,89.0,176.06,319.61
BLD-02343,office,Fri,17,4098.9,23.8,38.3,156.0,261.31,469.51
BLD-02344,retail,Wed,14,1429.6,24.1,66.3,46.0,111.93,207.58
BLD-02345,school,Sun,6,2224.8,18.2,48.9,4.0,29.37,80.73
BLD-02346,school,Tue,7,3894.3,38.3,55.9,139.0,267.76,468.02
BLD-02347,office,Wed,18,2551.7,25.4,80.9,95.0,167.54,338.28
BLD-02348,office,Fri,4,1842.8,31.0,43.5,15.0,58.49,142.23
BLD-02349,office,Sat,12,970.0,10.4,70.8,7.0,20.78,107.72
BLD-02350,clinic,Mon,12,739.8,10.3,62.8,48.0,94.83,201.66
BLD-02351,clinic,Thu,18,5959.7,25.7,51.7,219.0,363.54,642.48
BLD-02352,retail,Wed,17,2551.1,36.8,61.2,94.0,158.79,355.96
BLD-02353,office,Fri,11,1662.1,13.9,59.2,63.0,135.2,240.41
BLD-02354,school,Thu,7,2601.8,23.1,35.3,98.0,167.13,283.26
BLD-02355,retail,Sun,8,1395.9,12.1,44.7,7.0,30.73,91.59
BLD-02356,retail,Sun,9,1876.6,16.3,37.2,0.0,20.99,67.85
BLD-02357,office,Fri,5,1400.5,23.5,50.3,2.0,42.0,77.78
BLD-02358,clinic,Fri,15,1116.4,18.1,77.9,38.0,93.64,201.12
BLD-02359,office,Sun,5,801.0,11.6,64.9,12.0,55.91,112.56
BLD-02360,office,Tue,15,1021.8,11.4,30.6,25.0,55.72,125.15
BLD-02361,clinic,Sat,18,3591.9,6.9,50.4,5.0,57.36,134.04
BLD-02362,school,Sat,23,1369.9,25.8,59.0,0.0,19.53,87.5
BLD-02363,office,Mon,2,2844.0,26.8,67.6,7.0,36.33,116.08
BLD-02364,school,Sun,18,3482.1,26.7,43.9,1.0,30.44,79.26
BLD-02365,clinic,Fri,2,2217.6,14.7,34.0,0.0,24.25,66.76
BLD-02366,office,Wed,8,1906.3,30.0,54.0,80.0,148.72,288.27
BLD-02367,retail,Thu,4,2345.1,27.7,64.7,0.0,22.99,106.84
BLD-02368,office,Thu,3,1801.2,22.1,59.0,4.0,37.52,88.87
BLD-02369,office,Sun,4,3920.9,20.7,40.0,10.0,26.59,96.8
BLD-02370,office,Sun,1,5415.1,16.8,84.8,15.0,68.44,149.68
BLD-02371,school,Sat,19,4412.2,23.5,53.3,0.0,28.75,91.86
BLD-02372,office,Fri,1,783.3,34.9,58.3,0.0,18.44,114.01
BLD-02373,office,Mon,9,1783.7,31.1,43.7,76.0,136.68,269.66
BLD-02374,school,Sun,16,2204.4,20.0,73.8,13.0,59.75,127.24
BLD-02375,school,Mon,23,2747.6,26.3,64.7,14.0,59.04,117.89
BLD-02376,retail,Tue,20,960.2,13.2,60.3,24.0,60.19,139.49
BLD-02377,retail,Mon,3,952.8,27.8,35.4,0.0,18.66,75.6
BLD-02378,office,Sun,23,4119.4,15.4,73.6,7.0,56.81,120.17
BLD-02379,office,Thu,15,1682.2,27.5,67.9,61.0,138.18,257.27
BLD-02380,school,Tue,4,1077.3,43.0,,0.0,26.03,153.59
BLD-02381,school,Mon,10,1295.3,17.4,55.6,50.0,86.2,192.69
BLD-02382,office,Wed,22,2653.5,43.0,53.7,0.0,25.59,153.84
BLD-02383,office,Sat,9,1482.4,25.9,51.9,0.0,33.52,86.55
BLD-02384,office,Sun,4,2470.5,16.0,93.7,0.0,27.45,107.09
BLD-02385,office,Thu,21,1375.3,15.6,45.8,8.0,30.91,94.9
BLD-02386,clinic,Fri,22,952.4,40.9,34.8,0.0,16.79,134.8
BLD-02387,school,Sat,23,4358.6,25.9,48.7,,40.35,89.08
BLD-02388,office,Sun,22,2663.4,17.5,45.9,11.0,33.82,93.13
BLD-02389,school,Tue,20,1874.3,20.4,76.4,0.0,29.15,85.25
BLD-02390,retail,Sun,10,1712.9,25.4,31.9,1.0,31.24,80.71
BLD-02391,office,Thu,4,4444.2,21.9,45.5,0.0,35.28,73.91
BLD-02392,office,Sun,14,2922.4,24.8,58.2,13.0,42.76,131.64
BLD-02393,retail,Mon,5,3815.0,36.2,76.6,6.0,56.44,174.23
BLD-02394,office,Mon,11,1662.4,13.0,67.1,58.0,102.32,228.74
BLD-02395,school,Sun,15,2254.2,27.2,82.5,0.0,32.74,117.98
BLD-02396,school,Fri,22,2668.5,21.4,60.9,24.0,75.95,139.7
BLD-02397,retail,Tue,6,1689.5,18.0,51.5,20.0,60.35,127.45
BLD-02398,clinic,Sun,6,2101.4,30.6,69.5,16.0,66.72,170.85
BLD-02399,retail,Mon,17,1662.5,10.3,31.8,58.0,104.3,205.16
BLD-02400,school,Fri,0,2664.5,3.1,25.9,0.0,24.75,75.05
BLD-02401,office,Tue,13,1166.7,23.8,71.6,49.0,95.55,206.05
BLD-02402,school,Mon,17,2895.1,20.9,58.6,100.0,216.49,339.7
BLD-02403,retail,Sat,13,2553.8,11.2,71.4,0.0,37.29,105.78
BLD-02404,clinic,Sat,9,1995.4,8.3,40.5,16.0,60.93,129.36
BLD-02405,retail,Mon,19,2729.8,37.4,76.8,101.0,190.95,391.45
BLD-02406,office,Mon,8,1846.5,25.7,66.4,61.0,121.67,238.42
BLD-02407,retail,Fri,17,1594.9,22.2,54.5,69.0,142.37,251.85
BLD-02408,clinic,Mon,11,2856.1,39.6,58.5,101.0,166.22,386.08
BLD-02409,retail,Sat,0,2916.0,30.2,60.9,0.0,36.43,107.44
BLD-02410,retail,Sun,12,1724.6,36.2,40.4,0.0,33.18,128.03
BLD-02411,school,Sat,1,1655.0,12.6,48.5,0.0,38.81,74.01
BLD-02412,school,Tue,22,2015.0,12.3,60.6,6.0,27.5,88.44
BLD-02413,office,Tue,14,1687.9,26.9,47.8,66.0,116.93,240.79
BLD-02414,office,Fri,8,4574.6,25.3,30.0,177.0,295.61,506.36
BLD-02415,retail,Mon,11,2560.9,32.0,60.0,94.0,178.47,350.64
BLD-02416,clinic,Thu,14,2215.5,9.0,69.2,79.0,154.73,306.24
BLD-02417,retail,Thu,6,1406.0,27.6,73.2,14.0,39.13,134.6
BLD-02418,office,Sat,6,3136.7,29.9,64.0,12.0,71.69,156.33
BLD-02419,office,Tue,10,1640.3,29.5,68.9,61.0,122.92,246.71
BLD-02420,office,Sat,6,1608.2,18.7,71.8,6.0,38.67,95.69
BLD-02421,retail,Fri,18,3187.7,26.1,56.4,114.0,203.67,370.98
BLD-02422,retail,Tue,2,2649.5,15.8,19.0,0.0,41.9,76.83
BLD-02423,clinic,Wed,19,661.5,19.7,74.7,45.0,96.04,199.39
BLD-02424,office,Mon,8,2039.5,13.7,39.8,73.0,158.56,245.53
BLD-02425,school,Thu,13,2336.6,15.9,35.8,90.0,154.21,278.88
BLD-02426,retail,Tue,3,1869.1,20.1,36.2,0.0,14.02,65.3
BLD-02427,office,Mon,9,2376.0,18.1,97.2,95.0,166.6,333.73
BLD-02428,clinic,Thu,18,922.9,15.9,62.5,27.0,71.73,154.1
BLD-02429,school,Thu,6,565.3,11.6,37.3,17.0,45.48,92.47
BLD-02430,office,Mon,3,1377.4,37.7,43.4,18.0,67.22,161.62
BLD-02431,office,Tue,12,2519.2,18.0,55.0,98.0,175.14,315.4
BLD-02432,clinic,Mon,3,467.9,24.6,64.2,5.0,42.19,121.56
BLD-02433,school,Fri,7,1467.5,7.9,59.7,55.0,102.06,209.53
BLD-02434,retail,Wed,10,874.2,32.9,39.2,35.0,89.83,194.74
BLD-02435,retail,Mon,13,1958.1,23.3,60.4,77.0,159.02,282.23
BLD-02436,office,Tue,15,5630.8,18.4,44.6,206.0,347.88,587.42
BLD-02437,retail,Sun,16,1982.2,18.5,72.8,12.0,52.82,133.28
BLD-02438,clinic,Tue,20,2089.4,29.0,56.0,0.0,33.03,113.31
BLD-02439,office,Fri,1,3291.3,-1.6,42.1,16.0,64.33,149.63
BLD-02440,retail,Thu,8,2222.6,15.4,66.7,80.0,163.73,284.01
BLD-02441,office,Tue,0,1984.3,21.0,61.5,0.0,39.67,81.72
BLD-02442,office,Wed,0,3432.4,21.0,46.9,7.0,51.37,101.92
BLD-02443,office,Mon,5,2759.3,42.0,67.4,7.0,50.17,179.75
BLD-02444,retail,Sat,14,2526.9,19.3,65.7,0.0,19.41,106.68
BLD-02445,office,Wed,21,2058.2,29.9,75.4,0.0,29.82,116.98
BLD-02446,office,Thu,18,1863.3,36.5,67.1,53.0,97.94,251.92
BLD-02447,retail,Tue,15,3416.8,27.4,51.4,121.0,216.99,389.47
BLD-02448,office,Sat,18,1871.9,16.6,26.3,0.0,40.66,65.93
BLD-02449,retail,Tue,4,3972.8,11.7,58.2,,46.82,107.43
BLD-02450,clinic,Thu,20,1330.9,28.0,60.8,0.0,5.0,92.43
BLD-02451,office,Sun,21,4378.4,35.2,55.9,0.0,29.05,124.26
BLD-02452,office,Fri,2,2759.5,26.4,15.0,,59.85,103.38
BLD-02453,clinic,Fri,11,1382.0,31.9,66.5,70.0,127.14,288.63
BLD-02454,office,Sun,19,2808.8,42.7,39.5,0.0,41.07,154.15
BLD-02455,office,Tue,11,1610.1,28.7,66.7,70.0,121.37,264.76
BLD-02456,clinic,Sun,20,2235.6,13.2,83.9,7.0,45.26,120.8
BLD-02457,clinic,Thu,22,1741.7,22.4,50.7,0.0,33.29,94.22
BLD-02458,retail,Wed,11,2064.0,33.0,62.5,71.0,144.66,299.39
BLD-02459,school,Tue,1,3456.8,20.0,55.6,0.0,29.28,74.97
BLD-02460,clinic,Sat,8,2821.7,34.0,63.9,7.0,51.58,150.9
BLD-02461,retail,Sun,5,1281.8,21.5,56.8,0.0,42.19,75.22
BLD-02462,retail,Fri,11,1317.5,24.7,46.2,52.0,82.54,189.54
BLD-02463,retail,Mon,14,2505.4,19.2,39.6,114.0,203.54,360.89
BLD-02464,retail,Thu,11,2594.0,23.3,82.0,109.0,177.81,365.17
BLD-02465,school,Sat,4,1591.6,23.7,62.5,0.0,19.76,69.82
BLD-02466,office,Wed,7,4722.3,9.1,69.1,165.0,280.6,503.9
BLD-02467,school,Sat,16,3250.9,18.5,61.8,14.0,55.34,126.47
BLD-02468,school,Fri,0,1629.3,12.1,71.6,0.0,32.29,85.01
BLD-02469,office,Mon,5,1555.5,18.7,39.8,12.0,55.27,102.65
BLD-02470,office,Thu,21,1972.1,15.6,56.4,26.0,71.53,143.59
BLD-02471,retail,Tue,2,1876.0,30.1,63.6,9.0,49.74,133.65
BLD-02472,office,Thu,9,4020.5,30.2,77.0,157.0,262.8,493.07
BLD-02473,office,Wed,4,3529.0,26.5,98.0,13.0,66.18,154.77
BLD-02474,office,Sat,2,2237.3,11.9,61.9,0.0,5.0,66.63
BLD-02475,office,Sun,10,3046.1,21.2,43.8,6.0,58.45,95.98
BLD-02476,retail,Thu,12,3265.7,11.2,34.7,113.0,218.03,374.03
BLD-02477,office,Thu,4,2262.4,20.8,39.6,14.0,59.55,100.84
BLD-02478,office,Fri,1,2669.0,27.2,41.8,0.0,54.97,84.09
BLD-02479,retail,Fri,3,2926.1,29.9,15.0,10.0,30.67,110.14
BLD-02480,office,Fri,15,2780.2,25.8,43.5,112.0,208.92,361.62
BLD-02481,office,Sat,20,1513.8,32.1,67.2,0.0,29.41,113.25
BLD-02482,retail,Sun,4,1589.1,24.1,56.3,0.0,30.8,84.11
BLD-02483,school,Sat,7,1915.4,20.1,50.6,3.0,22.53,74.81
BLD-02484,retail,Mon,8,1567.1,29.0,27.4,53.0,111.72,219.49
BLD-02485,retail,Thu,8,1084.8,29.3,72.9,44.0,95.82,208.67
BLD-02486,clinic,Thu,5,3043.2,17.8,63.7,0.0,27.28,100.89
BLD-02487,office,Thu,1,2598.0,25.0,54.8,0.0,31.71,93.38
BLD-02488,retail,Thu,12,1156.7,19.6,17.6,50.0,88.48,172.95
BLD-02489,retail,Sat,8,1959.8,5.9,46.7,9.0,39.39,120.54
BLD-02490,office,Wed,8,2013.8,25.5,62.4,74.0,150.66,274.71
BLD-02491,clinic,Tue,6,2400.8,11.6,54.5,0.0,41.41,91.66
BLD-02492,office,Thu,22,1308.8,24.6,58.3,13.0,54.42,123.27
BLD-02493,clinic,Sat,14,1148.6,9.7,66.7,0.0,36.2,102.29
BLD-02494,school,Wed,10,2823.4,16.2,57.6,121.0,224.53,368.4
BLD-02495,school,Mon,4,1053.5,18.5,66.0,3.0,24.28,80.79
BLD-02496,office,Sun,19,1967.5,31.6,40.7,,40.77,118.81
BLD-02497,clinic,Tue,21,1881.3,17.7,34.2,1.0,41.89,83.59
BLD-02498,school,Fri,0,2073.6,13.4,63.1,6.0,25.5,83.67
BLD-02499,office,Sat,22,2483.7,24.9,66.6,32.0,66.08,161.43
BLD-02500,office,Tue,16,4738.7,20.3,63.8,170.0,281.55,500.07
BLD-02501,retail,Wed,2,1020.9,28.3,57.2,14.0,29.23,125.48
BLD-02502,office,Tue,18,3350.9,13.9,49.5,124.0,210.9,374.43
BLD-02503,school,Tue,2,658.8,23.7,58.6,13.0,38.88,93.72
BLD-02504,retail,Tue,1,4294.9,41.8,61.4,0.0,54.3,166.7
BLD-02505,office,Tue,2,825.2,20.1,62.5,20.0,50.93,115.86
BLD-02506,school,Thu,11,7084.6,23.5,98.0,260.0,425.17,744.1
BLD-02507,office,Thu,14,1824.6,8.7,39.3,67.0,131.46,237.25
BLD-02508,clinic,Mon,9,4087.1,15.2,98.0,157.0,271.96,487.84
BLD-02509,retail,Sat,2,3701.9,25.7,33.6,5.0,36.49,103.56
BLD-02510,office,Fri,4,1784.2,19.4,61.6,0.0,23.25,70.72
BLD-02511,school,Mon,20,1851.1,26.9,34.7,0.0,40.08,68.22
BLD-02512,school,Sat,23,1472.0,25.4,60.2,19.0,42.29,128.27
BLD-02513,clinic,Mon,18,3210.4,11.5,71.7,117.0,193.68,390.07
BLD-02514,office,Thu,2,1795.3,30.1,55.6,0.0,33.85,106.96
BLD-02515,school,Thu,19,1484.9,12.1,71.5,53.0,101.3,209.96
BLD-02516,clinic,Thu,16,2847.2,15.9,47.8,117.0,224.41,387.77
BLD-02517,office,Sun,12,1430.2,23.8,20.2,0.0,26.18,69.33
BLD-02518,school,Sun,3,1878.6,34.5,65.7,9.0,42.01,135.76
BLD-02519,office,Tue,23,2316.1,14.0,55.5,1.0,40.63,78.95
BLD-02520,school,Fri,10,1616.2,23.2,46.8,52.0,89.74,180.14
BLD-02521,office,Sun,1,1737.6,23.2,48.0,11.0,48.83,99.99
BLD-02522,clinic,Sat,5,4596.3,27.3,61.9,13.0,56.23,144.44
BLD-02523,office,Sun,9,1994.6,31.5,41.2,0.0,40.25,98.44
BLD-02524,office,Thu,1,1851.2,18.8,61.4,4.0,28.94,85.37
BLD-02525,retail,Tue,7,2022.6,30.1,75.2,77.0,147.36,305.59
BLD-02526,retail,Thu,11,2736.3,32.6,90.0,105.0,186.86,382.1
BLD-02527,retail,Sat,22,1339.4,36.3,78.9,20.0,61.49,187.11
BLD-02528,retail,Sun,2,2700.7,26.0,57.7,1.0,31.79,90.95
BLD-02529,office,Fri,13,2487.4,23.3,59.4,90.0,169.57,302.95
BLD-02530,school,Fri,21,932.3,18.2,48.2,3.0,47.76,80.83
BLD-02531,office,Thu,19,5205.4,10.3,47.1,182.0,312.96,525.61
BLD-02532,office,Wed,22,4435.5,19.8,69.8,0.0,43.77,99.42
BLD-02533,clinic,Wed,4,1498.1,22.9,49.8,5.0,58.36,105.63
BLD-02534,retail,Thu,19,1283.6,21.1,61.2,54.0,112.03,216.5
BLD-02535,office,Sat,23,2454.5,26.8,38.6,4.0,13.48,79.35
BLD-02536,office,Thu,7,1109.6,10.4,78.3,43.0,84.28,195.69
BLD-02537,clinic,Sat,11,4234.7,20.5,49.5,0.0,26.9,97.5
BLD-02538,office,Mon,12,1757.0,38.0,73.5,,141.75,316.45
BLD-02539,office,Sat,11,4791.9,30.0,43.0,5.0,47.73,125.63
BLD-02540,office,Thu,6,1481.0,26.9,42.1,8.0,50.56,106.38
BLD-02541,office,Sun,23,2084.6,25.1,77.6,7.0,46.95,127.72
BLD-02542,office,Thu,22,4041.9,19.1,44.4,7.0,54.74,100.32
BLD-02543,clinic,Thu,9,1883.8,8.0,28.3,82.0,140.3,275.95
BLD-02544,office,Mon,19,2506.9,25.7,37.3,98.0,184.08,312.23
BLD-02545,school,Sat,9,3717.1,2.4,69.6,8.0,62.53,134.55
BLD-02546,retail,Fri,19,1684.6,19.4,67.9,50.0,89.27,197.74
BLD-02547,school,Sun,14,1200.6,22.0,42.0,12.0,41.63,94.83
BLD-02548,retail,Mon,11,1092.3,18.4,44.3,41.0,91.41,169.79
BLD-02549,retail,Tue,3,2911.0,39.4,66.4,5.0,42.12,161.46
BLD-02550,school,Sun,15,2651.4,36.6,77.4,0.0,46.97,130.56
BLD-02551,school,Mon,7,3662.2,30.3,53.8,152.0,271.93,474.07
BLD-02552,retail,Thu,5,1928.8,14.6,64.4,0.0,33.78,98.19
BLD-02553,retail,Wed,4,1107.1,37.4,69.8,16.0,58.6,181.1
BLD-02554,retail,Sun,23,711.2,27.0,91.6,7.0,42.99,120.83
BLD-02555,office,Sat,2,8715.3,14.5,35.4,0.0,57.27,99.37
BLD-02556,retail,Sun,19,2833.1,22.3,43.6,20.0,59.78,119.47
BLD-02557,retail,Wed,20,2349.3,29.7,46.4,8.0,53.3,127.27
BLD-02558,office,Fri,0,2514.8,17.2,69.1,0.0,24.63,92.25
BLD-02559,clinic,Fri,14,1106.7,23.1,50.7,40.0,85.7,186.41
BLD-02560,office,Sun,13,1502.2,24.5,60.3,8.0,28.44,109.44
BLD-02561,office,Mon,8,5079.7,13.2,57.1,199.0,348.14,575.62
BLD-02562,retail,Sun,16,3017.6,19.8,55.0,1.0,47.9,97.15
BLD-02563,office,Wed,9,1524.9,13.8,56.8,37.0,74.24,168.43
BLD-02564,office,Mon,10,1220.9,28.9,72.5,59.0,113.84,249.69
BLD-02565,office,Fri,10,1717.6,14.7,38.5,69.0,127.57,225.87
BLD-02566,clinic,Sat,19,1890.9,24.3,52.5,0.0,40.32,102.51
BLD-02567,school,Mon,15,5882.9,10.9,34.3,217.0,385.2,616.03
BLD-02568,retail,Mon,9,2009.9,12.9,58.9,79.0,143.75,272.33
BLD-02569,retail,Sun,22,1242.9,12.5,51.7,1.0,5.0,74.23
BLD-02570,school,Sun,19,2139.0,19.7,73.2,0.0,42.08,91.09
BLD-02571,clinic,Tue,22,2497.6,23.4,54.9,0.0,32.44,99.79
BLD-02572,retail,Sun,17,1189.8,24.9,47.5,1.0,28.75,82.22
BLD-02573,office,Sun,9,2668.4,7.8,50.8,7.0,52.81,115.34
BLD-02574,clinic,Sun,18,3930.4,20.7,84.3,10.0,49.08,135.74
BLD-02575,school,Tue,7,2351.4,16.0,28.3,71.0,131.6,221.82
BLD-02576,office,Fri,6,1500.6,26.3,44.3,6.0,33.45,90.42
BLD-02577,office,Sun,10,1706.8,19.9,55.6,8.0,45.72,105.86
BLD-02578,school,Sun,23,992.2,21.4,44.2,5.0,42.26,74.88
BLD-02579,office,Fri,13,2063.1,16.0,63.3,74.0,157.58,269.36
BLD-02580,school,Tue,9,2553.9,35.8,54.0,107.0,196.75,385.41
BLD-02581,office,Mon,11,1430.6,11.7,59.4,66.0,125.28,239.02
BLD-02582,school,Tue,6,5581.8,18.8,57.0,1.0,54.69,97.22
BLD-02583,office,Mon,15,3218.0,22.9,53.2,118.0,202.16,356.87
BLD-02584,retail,Tue,8,930.5,20.0,33.1,43.0,104.42,169.14
BLD-02585,office,Mon,13,939.7,15.9,58.0,48.0,99.87,188.57
BLD-02586,office,Sat,8,1371.8,7.5,25.0,0.0,25.2,65.85
BLD-02587,office,Fri,7,4681.3,16.5,43.6,163.0,275.54,468.51
BLD-02588,school,Thu,23,3374.0,14.3,63.3,6.0,50.77,95.28
BLD-02589,school,Sat,8,4796.3,35.4,75.2,0.0,38.38,137.32
BLD-02590,school,Wed,1,2210.8,40.1,94.9,0.0,29.9,148.47
BLD-02591,office,Wed,9,1989.5,21.6,47.7,68.0,115.25,226.4
BLD-02592,clinic,Tue,12,1208.8,10.8,40.3,51.0,98.99,202.32
BLD-02593,school,Thu,2,2602.1,27.9,63.9,16.0,50.72,144.43
BLD-02594,office,Tue,7,2002.3,14.2,86.8,70.0,139.19,269.5
BLD-02595,retail,Fri,3,1965.6,17.6,81.1,3.0,31.69,109.92
BLD-02596,retail,Sun,12,4783.3,17.0,37.4,5.0,22.14,89.67
BLD-02597,school,Thu,17,2070.5,18.0,52.6,73.0,135.63,246.79
BLD-02598,office,Wed,23,4167.6,19.2,,0.0,24.13,84.9
BLD-02599,office,Fri,9,1026.5,11.5,70.6,43.0,80.18,195.3
BLD-02600,school,Sat,20,7994.5,16.4,65.1,0.0,64.02,122.07
BLD-02601,office,Thu,5,1839.1,30.2,47.4,0.0,12.47,82.2
BLD-02602,office,Tue,18,3089.2,21.7,64.9,113.0,206.81,363.8
BLD-02603,clinic,Fri,13,3334.3,23.0,70.8,126.0,219.26,402.6
BLD-02604,retail,Tue,18,1732.8,4.1,39.2,54.0,102.93,218.18
BLD-02605,office,Sun,18,3259.6,29.6,77.6,3.0,29.75,124.4
BLD-02606,office,Wed,12,3341.9,16.5,71.9,113.0,208.06,374.39
BLD-02607,retail,Wed,6,1562.3,31.0,42.4,0.0,32.57,106.12
BLD-02608,office,Sat,12,1571.2,23.2,70.7,10.0,26.03,109.12
BLD-02609,office,Mon,19,2248.4,17.5,68.8,84.0,168.5,289.93
BLD-02610,office,Tue,23,2081.4,8.6,69.5,17.0,43.96,111.34
BLD-02611,retail,Mon,22,4293.7,39.4,81.8,3.0,47.56,188.56
BLD-02612,school,Wed,4,3082.5,28.4,54.8,12.0,40.52,115.47
BLD-02613,office,Thu,14,2126.9,28.9,60.6,86.0,154.92,310.23
BLD-02614,office,Tue,2,2942.8,36.6,15.0,4.0,26.98,126.81
BLD-02615,school,Wed,16,823.7,23.8,74.0,23.0,54.51,130.79
BLD-02616,school,Sat,23,1637.4,32.8,72.3,3.0,31.04,118.83
BLD-02617,retail,Sun,1,2525.9,18.2,78.1,0.0,20.61,96.11
BLD-02618,office,Mon,15,3757.8,27.9,39.1,134.0,241.18,427.17
BLD-02619,retail,Fri,22,2421.4,17.0,71.4,5.0,43.64,106.73
BLD-02620,clinic,Mon,20,4430.1,18.0,72.3,0.0,66.78,130.14
BLD-02621,school,Thu,9,3337.0,22.8,43.9,116.0,218.63,352.88
BLD-02622,office,Sun,2,1740.3,11.9,73.0,0.0,40.73,96.93
BLD-02623,retail,Sat,22,2057.0,24.6,62.9,2.0,15.54,92.53
BLD-02624,office,Tue,22,2676.5,19.5,26.1,0.0,13.12,56.86
BLD-02625,office,Tue,13,1773.8,6.1,64.9,62.0,119.13,250.74
BLD-02626,office,Sat,23,4588.1,18.3,42.0,5.0,65.72,98.45
BLD-02627,clinic,Sat,0,1292.1,19.2,26.5,0.0,51.91,76.33
BLD-02628,office,Tue,14,2560.5,28.8,61.2,95.0,167.87,325.01
BLD-02629,retail,Mon,0,3131.4,24.3,53.9,0.0,28.66,87.74
BLD-02630,school,Thu,22,1892.7,33.6,78.9,0.0,35.01,129.34
BLD-02631,school,Fri,16,1698.6,26.2,58.1,81.0,148.32,282.31
BLD-02632,office,Thu,21,2121.1,17.6,68.2,0.0,28.77,85.85
BLD-02633,school,Sun,13,3248.6,21.5,63.6,0.0,41.34,84.47
BLD-02634,office,Sat,1,1730.7,19.2,72.4,7.0,66.58,113.4
BLD-02635,school,Sat,0,1317.0,25.9,39.9,0.0,40.31,73.16
BLD-02636,office,Mon,8,3821.9,22.5,58.4,142.0,268.98,437.02
BLD-02637,office,Sat,17,2664.8,17.0,52.6,3.0,18.72,93.39
BLD-02638,school,Sat,3,3568.8,22.1,66.1,8.0,59.02,107.86
BLD-02639,office,Wed,20,3167.5,25.7,59.3,,29.67,96.37
BLD-02640,office,Fri,5,6263.9,13.9,44.6,2.0,66.82,114.36
BLD-02641,clinic,Sat,11,3757.1,24.5,49.3,13.0,70.1,139.51
BLD-02642,office,Sun,4,1554.1,9.4,83.0,0.0,34.25,100.65
BLD-02643,office,Thu,11,2757.1,30.8,26.2,92.0,163.6,300.19
BLD-02644,office,Mon,10,1683.5,26.2,67.1,58.0,110.9,229.42
BLD-02645,office,Fri,0,1769.1,35.0,76.1,0.0,25.05,135.27
BLD-02646,retail,Fri,13,1116.8,13.1,64.8,40.0,94.09,191.58
BLD-02647,office,Mon,18,1917.7,31.1,88.5,68.0,135.71,293.42
BLD-02648,school,Sat,22,2857.9,29.5,71.0,12.0,65.63,146.21
BLD-02649,school,Tue,7,2131.4,20.5,61.5,79.0,165.13,275.41
BLD-02650,office,Sun,21,1297.9,19.0,47.1,2.0,21.74,67.5
BLD-02651,clinic,Thu,21,1059.1,13.3,61.8,1.0,32.49,98.61
BLD-02652,clinic,Wed,23,6062.6,11.2,66.6,0.0,50.88,139.99
BLD-02653,office,Mon,8,2571.6,16.0,55.1,103.0,185.84,323.71
BLD-02654,office,Mon,20,1481.3,12.0,42.4,14.0,58.34,99.52
BLD-02655,office,Sat,13,2745.9,34.8,34.5,0.0,37.89,116.93
BLD-02656,office,Wed,1,6291.9,10.0,58.2,17.0,66.92,152.51
BLD-02657,school,Sat,6,2963.2,23.2,29.8,0.0,32.43,55.21
BLD-02658,school,Tue,16,577.3,25.5,47.0,19.0,49.32,112.83
BLD-02659,office,Sun,3,7858.2,24.9,15.0,8.0,58.16,110.46
BLD-02660,office,Sun,10,905.6,25.6,69.2,8.0,36.77,109.47
BLD-02661,office,Mon,18,1992.9,29.6,74.6,75.0,129.5,296.35
BLD-02662,clinic,Fri,3,1276.9,18.4,56.3,1.0,33.35,93.33
BLD-02663,clinic,Sun,11,1542.3,22.7,86.1,13.0,61.71,139.23
BLD-02664,office,Wed,5,2521.8,19.7,77.9,0.0,32.59,115.79
BLD-02665,retail,Mon,12,814.1,32.4,63.2,33.0,84.22,199.46
BLD-02666,school,Sun,5,2106.7,38.8,53.1,18.0,58.98,162.22
BLD-02667,retail,Thu,23,3815.9,12.4,49.1,0.0,27.04,82.52
BLD-02668,school,Mon,1,1467.7,5.8,64.6,0.0,47.94,90.32
BLD-02669,clinic,Sat,23,1128.8,26.6,52.6,12.0,20.29,104.54
BLD-02670,office,Fri,19,2057.7,30.6,64.3,82.0,153.33,306.55
BLD-02671,office,Mon,20,1870.2,37.7,65.6,,38.3,141.78
BLD-02672,clinic,Tue,20,1653.3,27.9,51.1,0.0,44.43,111.96
BLD-02673,office,Mon,4,1243.7,33.2,73.6,7.0,39.63,139.34
BLD-02674,office,Sun,22,2822.6,35.3,51.1,2.0,61.85,134.28
BLD-02675,retail,Mon,14,2927.6,33.7,55.4,127.0,224.57,438.91
BLD-02676,retail,Sat,23,1319.1,29.0,38.4,10.0,34.67,102.19
BLD-02677,retail,Thu,21,1409.7,11.7,50.4,4.0,16.54,77.93
BLD-02678,retail,Fri,13,2349.0,21.9,91.7,90.0,177.46,332.46
BLD-02679,retail,Sat,8,1384.4,24.4,39.7,4.0,25.19,79.66
BLD-02680,office,Sun,2,2397.0,21.2,62.4,10.0,42.39,101.49
BLD-02681,school,Mon,2,4451.0,21.7,47.3,0.0,52.09,86.14
BLD-02682,retail,Mon,9,2137.7,34.5,17.4,91.0,177.58,331.54
BLD-02683,retail,Mon,19,1228.7,15.9,64.5,37.0,76.32,177.36
BLD-02684,office,Fri,12,2655.6,28.4,45.5,100.0,178.08,337.44
BLD-02685,office,Thu,11,2020.2,24.5,60.4,70.0,117.52,247.93
BLD-02686,retail,Mon,5,2047.0,15.1,71.8,4.0,15.63,95.98
BLD-02687,office,Tue,13,2763.8,13.4,59.0,111.0,207.19,353.9
BLD-02688,office,Thu,15,3065.3,8.4,60.6,100.0,193.0,351.41
BLD-02689,retail,Sat,23,2237.8,25.9,40.2,3.0,39.02,98.41
BLD-02690,school,Wed,17,2136.8,21.5,67.0,,135.92,260.57
BLD-02691,office,Sun,14,5923.7,15.4,51.8,2.0,41.63,103.74
BLD-02692,office,Sun,21,3914.6,7.0,21.0,0.0,52.34,82.32
BLD-02693,office,Sat,10,3282.3,25.5,69.1,5.0,24.79,112.51
BLD-02694,retail,Thu,22,2343.0,20.6,74.3,1.0,28.19,93.26
BLD-02695,school,Sun,8,1357.6,16.3,80.2,10.0,44.04,111.94
BLD-02696,office,Sat,3,3779.5,14.3,91.9,14.0,58.11,149.48
BLD-02697,office,Thu,10,2357.8,20.1,68.2,88.0,163.41,308.81
BLD-02698,office,Thu,3,1667.7,25.8,63.7,11.0,39.98,112.8
BLD-02699,office,Sat,2,1957.7,19.4,73.6,15.0,57.74,129.49
BLD-02700,office,Thu,21,1383.6,12.5,39.9,0.0,15.38,60.18
BLD-02701,school,Tue,19,3654.6,21.5,26.6,146.0,254.18,414.82
BLD-02702,office,Sun,5,3053.6,30.4,46.9,4.0,44.53,113.52
BLD-02703,office,Mon,20,2400.4,22.3,76.7,0.0,28.28,89.51
BLD-02704,school,Fri,1,2155.3,22.5,43.8,6.0,39.67,92.39
BLD-02705,office,Fri,6,1586.8,19.4,62.9,3.0,35.0,78.39
BLD-02706,office,Fri,16,791.4,14.9,64.7,21.0,39.06,124.8
BLD-02707,office,Mon,7,1116.6,14.6,59.2,35.0,62.29,148.84
BLD-02708,office,Thu,17,1540.3,8.7,33.3,72.0,137.5,252.24
BLD-02709,office,Sun,20,1433.1,31.4,60.8,6.0,30.65,109.93
BLD-02710,retail,Tue,1,2527.8,25.7,47.8,16.0,50.63,123.65
BLD-02711,office,Fri,0,3247.8,22.7,83.9,1.0,42.18,102.05
BLD-02712,retail,Sun,22,2068.5,24.4,74.3,0.0,20.39,80.41
BLD-02713,retail,Sun,12,4326.4,24.7,48.4,0.0,15.17,102.7
BLD-02714,office,Thu,12,1510.8,16.1,85.0,66.0,143.61,251.04
BLD-02715,office,Wed,11,2061.4,19.4,,81.0,163.84,272.84
BLD-02716,office,Fri,10,2146.8,18.2,26.6,77.0,158.06,258.63
BLD-02717,office,Thu,16,3716.2,42.1,53.7,130.0,220.66,467.32
BLD-02718,school,Fri,13,2314.7,30.2,82.8,96.0,174.48,345.44
BLD-02719,office,Sat,3,2345.7,23.3,41.1,3.0,23.2,74.13
BLD-02720,retail,Fri,15,994.1,32.9,53.8,38.0,82.38,212.74
BLD-02721,school,Tue,16,1428.3,31.9,31.9,50.0,99.23,206.21
BLD-02722,retail,Sat,2,3722.9,11.0,34.6,1.0,27.61,88.36
BLD-02723,retail,Thu,9,812.4,20.2,40.8,37.0,85.78,151.53
BLD-02724,school,Sun,18,4191.6,21.9,34.1,0.0,36.18,78.36
BLD-02725,clinic,Fri,14,2796.3,26.9,44.5,105.0,207.91,368.84
BLD-02726,clinic,Sun,3,1536.7,20.2,84.6,12.0,47.0,139.31
BLD-02727,office,Sun,0,1475.6,21.2,54.4,3.0,6.92,61.29
BLD-02728,office,Sun,13,5465.8,18.3,68.4,12.0,43.74,132.36
BLD-02729,office,Sat,11,4331.6,30.4,73.6,15.0,82.78,183.93
BLD-02730,office,Fri,23,2077.4,10.5,36.2,11.0,43.22,103.56
BLD-02731,school,Mon,12,2346.8,18.6,40.9,84.0,159.79,271.69
BLD-02732,office,Wed,22,1613.3,7.3,68.0,4.0,34.55,103.35
BLD-02733,school,Thu,5,2347.0,13.8,44.2,7.0,56.05,92.98
BLD-02734,retail,Sat,10,1592.0,24.5,66.9,0.0,9.3,85.7
BLD-02735,office,Fri,3,2118.6,24.7,83.5,0.0,43.77,107.24
BLD-02736,school,Thu,13,5245.7,19.5,30.3,187.0,336.09,536.23
BLD-02737,office,Tue,4,2101.3,31.0,48.9,24.0,66.47,150.61
BLD-02738,retail,Sat,11,1330.3,32.8,51.6,2.0,34.45,118.2
BLD-02739,school,Thu,8,1141.8,21.4,46.1,53.0,102.36,183.04
BLD-02740,office,Mon,4,2338.4,24.0,44.7,0.0,14.5,69.12
BLD-02741,retail,Tue,2,1526.9,18.4,46.6,18.0,60.91,120.68
BLD-02742,office,Sun,12,2476.5,27.0,54.7,1.0,35.87,103.45
BLD-02743,retail,Mon,22,1011.2,12.4,57.8,4.0,34.72,86.74
BLD-02744,school,Wed,4,3064.2,36.4,71.2,0.0,39.08,144.39
BLD-02745,office,Thu,9,1322.6,31.1,54.6,60.0,111.25,241.28
BLD-02746,retail,Mon,5,2249.4,12.4,74.0,15.0,68.43,147.0
BLD-02747,retail,Tue,19,1870.2,15.7,44.9,61.0,121.06,230.65
BLD-02748,retail,Sun,9,5019.3,25.4,34.6,13.0,66.99,124.94
BLD-02749,school,Fri,23,2388.8,19.3,49.8,,28.83,67.17
BLD-02750,retail,Tue,5,5597.3,26.4,62.9,9.0,68.39,141.15
BLD-02751,office,Tue,1,2879.5,19.1,69.6,2.0,37.56,97.0
BLD-02752,retail,Wed,13,4360.8,34.2,79.8,170.0,293.59,562.93
BLD-02753,retail,Sat,15,1990.2,22.1,59.9,6.0,51.03,111.78
BLD-02754,office,Sat,23,2596.8,41.4,67.8,11.0,31.66,172.56
BLD-02755,office,Tue,20,3948.8,26.8,78.3,14.0,56.0,155.35
BLD-02756,office,Sat,21,3396.8,11.2,41.8,2.0,32.46,82.86
BLD-02757,office,Sun,15,2838.7,38.7,51.4,4.0,43.09,160.17
BLD-02758,office,Tue,8,1879.6,30.8,98.0,62.0,125.68,273.22
BLD-02759,office,Mon,10,2038.6,25.0,69.6,74.0,141.04,270.66
BLD-02760,school,Sun,3,3798.2,27.2,63.7,19.0,58.55,146.87
BLD-02761,office,Thu,10,4197.5,12.5,70.2,160.0,278.55,493.86
BLD-02762,office,Sat,8,1655.1,7.6,32.3,0.0,31.85,76.88
BLD-02763,retail,Wed,0,1539.5,21.7,44.0,17.0,51.87,109.51
BLD-02764,office,Wed,4,1425.4,33.0,37.8,7.0,49.28,127.58
BLD-02765,office,Tue,12,3276.3,25.2,62.1,128.0,233.23,411.0
BLD-02766,retail,Tue,8,1408.2,35.7,48.7,58.0,114.82,257.89
BLD-02767,clinic,Thu,23,3257.3,32.6,56.6,7.0,22.07,143.35
BLD-02768,school,Mon,11,2858.8,22.2,49.7,90.0,166.25,294.15
BLD-02769,office,Sat,23,1693.5,31.5,27.4,13.0,54.57,135.79
BLD-02770,office,Thu,15,4660.4,34.2,70.0,152.0,265.85,506.54
BLD-02771,clinic,Sun,0,1090.4,21.4,25.0,12.0,47.39,103.19
BLD-02772,retail,Thu,4,4879.5,20.3,42.6,5.0,46.77,105.83
BLD-02773,retail,Wed,16,2563.9,23.1,32.6,102.0,187.58,326.9
BLD-02774,retail,Thu,13,813.2,2.7,40.0,34.0,90.26,178.98
BLD-02775,office,Tue,7,4723.5,24.2,58.4,181.0,320.26,527.35
BLD-02776,office,Sat,12,3508.3,27.8,76.0,4.0,29.08,126.92
BLD-02777,retail,Sat,21,1791.3,23.2,28.5,6.0,21.58,70.55
BLD-02778,retail,Tue,9,1384.6,24.8,45.5,57.0,117.46,214.16
BLD-02779,office,Fri,1,1035.9,21.7,25.3,19.0,66.32,104.05
BLD-02780,school,Thu,7,7013.7,6.0,44.7,259.0,421.95,723.72
BLD-02781,office,Tue,22,1412.3,35.3,56.2,,25.55,116.65
BLD-02782,clinic,Mon,18,1199.5,19.1,68.0,42.0,113.53,203.95
BLD-02783,office,Sat,20,2501.9,17.1,19.0,9.0,42.82,73.82
BLD-02784,retail,Tue,21,1002.3,32.9,64.4,14.0,72.27,167.27
BLD-02785,office,Thu,2,1373.4,29.8,38.5,0.0,19.26,89.56
BLD-02786,school,Tue,6,3546.8,24.2,,22.0,62.72,131.11
BLD-02787,retail,Fri,1,2749.1,28.2,,5.0,33.47,103.73
BLD-02788,office,Mon,0,1827.6,12.8,65.7,7.0,27.02,98.16
BLD-02789,retail,Wed,20,2219.4,21.4,53.3,0.0,13.96,69.98
BLD-02790,clinic,Thu,22,1779.0,32.4,36.4,13.0,46.4,143.29
BLD-02791,retail,Thu,3,2135.5,16.6,53.3,0.0,31.99,84.0
BLD-02792,office,Fri,17,1526.2,14.0,42.7,53.0,100.44,199.76
BLD-02793,retail,Tue,12,1665.2,22.6,65.3,61.0,115.4,231.62
BLD-02794,school,Thu,1,1641.0,22.8,73.3,15.0,65.52,115.67
BLD-02795,school,Sat,21,1552.8,27.2,72.2,8.0,49.93,110.51
BLD-02796,school,Wed,20,3631.1,11.0,54.7,0.0,33.94,87.84
BLD-02797,school,Tue,13,3183.9,1.6,74.1,113.0,208.53,388.5
BLD-02798,office,Sat,16,1406.2,29.4,37.6,15.0,33.76,121.95
BLD-02799,office,Sat,9,1240.0,13.3,85.3,2.0,32.66,92.44
BLD-02800,office,Fri,19,2040.0,17.1,37.5,81.0,151.04,261.06
BLD-02801,office,Sat,10,6190.4,4.5,20.5,10.0,58.02,135.11
BLD-02802,office,Sat,23,1343.3,30.2,78.2,0.0,27.7,111.11
BLD-02803,office,Sat,1,2036.2,24.8,42.9,14.0,49.86,111.45
BLD-02804,retail,Thu,4,2295.7,24.5,57.0,0.0,18.05,87.24
BLD-02805,school,Mon,23,2088.2,24.4,37.5,1.0,48.65,73.38
BLD-02806,office,Fri,6,1765.6,5.5,95.2,16.0,62.57,164.3
BLD-02807,retail,Tue,7,3830.1,14.1,86.0,152.0,261.44,469.49
BLD-02808,clinic,Sat,18,2736.3,18.4,81.3,8.0,27.34,124.88
BLD-02809,clinic,Thu,4,3301.7,16.0,56.5,10.0,25.64,115.8
BLD-02810,retail,Sun,12,2919.3,19.8,71.7,12.0,71.72,144.98
BLD-02811,clinic,Fri,6,3378.9,24.0,54.1,15.0,56.28,127.84
BLD-02812,school,Thu,4,4706.6,30.1,74.1,16.0,72.46,162.65
BLD-02813,clinic,Sun,23,4167.7,10.2,48.0,5.0,36.68,126.59
BLD-02814,clinic,Thu,4,6715.1,21.9,81.9,0.0,45.79,140.62
BLD-02815,office,Wed,2,3946.3,27.7,47.2,2.0,38.22,102.13
BLD-02816,retail,Wed,16,1595.4,14.6,49.1,62.0,123.8,235.49
BLD-02817,retail,Sun,20,3304.1,20.5,47.1,4.0,42.12,93.0
BLD-02818,retail,Sat,3,3094.0,25.7,58.3,0.0,25.15,97.47
BLD-02819,clinic,Tue,16,5530.1,22.1,48.4,205.0,342.29,592.84
BLD-02820,office,Thu,12,1383.0,27.4,63.3,41.0,88.22,192.4
BLD-02821,office,Wed,19,2875.6,22.8,46.8,107.0,176.46,324.07
BLD-02822,school,Fri,3,1586.5,19.5,68.4,5.0,27.62,95.37
BLD-02823,retail,Mon,23,2813.6,12.6,80.8,5.0,39.21,112.19
BLD-02824,clinic,Fri,14,1984.5,24.0,56.3,82.0,156.91,303.97
BLD-02825,clinic,Sat,20,2769.3,22.8,92.7,10.0,63.11,142.13
BLD-02826,retail,Tue,8,1117.9,14.1,74.2,62.0,114.71,229.76
BLD-02827,clinic,Tue,22,3219.4,26.7,91.4,0.0,35.24,130.09
BLD-02828,office,Fri,15,2428.7,32.1,54.0,93.0,152.54,322.68
BLD-02829,clinic,Tue,3,2366.7,16.7,26.8,6.0,43.81,94.8
BLD-02830,office,Sun,22,5610.1,16.2,43.0,5.0,42.85,99.36
BLD-02831,school,Sat,19,1831.0,15.9,44.7,0.0,26.24,62.58
BLD-02832,office,Sun,7,2592.8,8.6,38.8,0.0,37.13,76.34
BLD-02833,school,Thu,13,2308.5,38.0,17.7,86.0,165.41,332.87
BLD-02834,office,Sun,9,2419.4,18.4,72.4,0.0,17.14,85.1
BLD-02835,office,Mon,13,6391.2,15.1,23.4,230.0,400.58,641.11
BLD-02836,school,Wed,23,2268.4,13.0,70.8,0.0,30.68,89.55
BLD-02837,retail,Mon,21,1675.6,18.9,92.2,2.0,44.37,104.64
BLD-02838,office,Fri,5,5400.5,16.4,41.8,13.0,77.72,133.01
BLD-02839,retail,Thu,23,1897.9,33.5,61.6,0.0,45.65,126.57
BLD-02840,office,Wed,10,1018.1,12.0,48.2,47.0,82.33,172.69
BLD-02841,office,Wed,16,1541.6,9.7,69.1,54.0,113.19,222.76
BLD-02842,office,Fri,18,1209.4,26.4,34.7,44.0,77.06,167.32
BLD-02843,school,Tue,11,927.3,21.1,52.8,,100.22,172.22
BLD-02844,retail,Thu,10,1848.2,20.2,74.1,68.0,145.83,257.1
BLD-02845,school,Fri,10,2127.1,26.5,54.2,73.0,149.79,258.33
BLD-02846,retail,Tue,20,3877.2,23.1,27.3,1.0,34.76,82.13
BLD-02847,school,Tue,9,2976.0,21.6,76.1,96.0,183.35,321.06
BLD-02848,retail,Wed,6,2911.6,10.8,33.0,7.0,38.62,102.82
BLD-02849,clinic,Fri,8,1432.9,8.7,56.3,30.0,72.87,173.85
BLD-02850,office,Tue,4,3364.3,16.4,64.9,11.0,51.04,116.4
BLD-02851,office,Wed,9,4289.8,13.3,57.0,162.0,262.18,474.99
BLD-02852,office,Thu,2,2658.7,24.2,98.0,17.0,50.04,137.47
BLD-02853,school,Tue,2,2694.6,7.6,67.5,21.0,86.99,156.92
BLD-02854,school,Thu,17,1198.9,18.4,51.6,54.0,106.93,200.71
BLD-02855,office,Mon,1,3649.5,20.6,65.2,0.0,38.2,98.55
BLD-02856,clinic,Mon,13,5172.0,21.7,58.6,206.0,351.6,603.79
BLD-02857,clinic,Tue,18,2568.9,25.2,55.8,86.0,157.17,304.22
BLD-02858,office,Wed,17,1653.9,19.4,59.1,48.0,100.98,194.65
BLD-02859,office,Mon,10,2035.4,16.7,47.6,92.0,164.07,301.91
BLD-02860,office,Sun,4,1798.0,32.0,58.6,9.0,19.86,121.84
BLD-02861,office,Wed,22,1850.5,19.4,46.4,0.0,37.26,65.04
BLD-02862,retail,Sat,20,3002.6,33.4,22.8,0.0,50.14,115.38
BLD-02863,school,Sun,14,2515.8,19.4,74.4,8.0,32.42,105.17
BLD-02864,office,Sat,2,3562.1,21.9,45.4,0.0,32.12,85.71
BLD-02865,school,Sat,0,2628.7,20.9,57.4,,47.51,85.69
BLD-02866,office,Mon,7,1453.1,23.8,42.1,72.0,128.1,243.0
BLD-02867,office,Wed,3,1730.0,18.6,42.6,21.0,64.3,125.67
BLD-02868,office,Sat,20,1679.2,22.8,37.3,5.0,79.49,100.15
BLD-02869,school,Fri,4,2011.6,34.2,71.1,3.0,40.87,135.85
BLD-02870,school,Mon,6,5206.6,30.4,75.2,11.0,60.01,157.58
BLD-02871,clinic,Thu,23,5622.7,30.4,55.4,0.0,53.31,134.37
BLD-02872,office,Sat,19,3287.2,11.3,45.9,0.0,42.92,82.75
BLD-02873,retail,Sat,5,2329.1,12.6,26.2,0.0,24.69,63.46
BLD-02874,office,Wed,9,1144.4,23.7,68.5,44.0,75.21,186.48
BLD-02875,office,Tue,12,2445.0,28.2,43.5,98.0,184.72,317.63
BLD-02876,clinic,Wed,15,1505.7,17.8,36.0,58.0,122.46,223.15
BLD-02877,retail,Wed,22,4812.0,16.4,55.5,10.0,53.27,119.83
BLD-02878,office,Wed,20,1017.7,33.2,49.3,11.0,59.02,141.92
BLD-02879,school,Wed,23,2645.9,27.5,29.2,15.0,69.53,115.96
BLD-02880,retail,Thu,0,1446.0,30.5,31.5,5.0,43.03,102.53
BLD-02881,clinic,Mon,5,2190.0,18.5,60.7,6.0,36.97,114.0
BLD-02882,school,Tue,13,3028.8,17.8,43.9,112.0,181.21,336.38
BLD-02883,office,Wed,1,3593.1,29.6,63.7,2.0,37.63,114.99
BLD-02884,school,Tue,8,2136.8,19.9,57.5,68.0,114.19,225.09
BLD-02885,office,Sun,3,3170.3,17.1,72.8,13.0,30.61,117.06
BLD-02886,office,Fri,22,1600.7,14.7,40.9,1.0,36.37,69.58
BLD-02887,school,Sun,1,2475.2,17.9,59.0,0.0,43.62,79.17
BLD-02888,retail,Thu,3,3559.1,29.0,65.9,0.0,16.73,117.65
BLD-02889,office,Mon,4,2580.2,9.9,44.4,0.0,29.76,81.09
BLD-02890,retail,Sun,3,1706.4,27.0,74.2,3.0,33.15,107.59
BLD-02891,retail,Thu,13,1924.2,16.3,26.7,77.0,142.27,248.75
BLD-02892,retail,Fri,8,3582.2,20.3,40.8,126.0,211.54,377.96
BLD-02893,office,Wed,21,1302.6,20.8,26.0,12.0,58.52,86.66
BLD-02894,office,Thu,6,1398.2,20.2,42.5,1.0,15.58,61.17
BLD-02895,office,Thu,12,2936.5,19.7,52.4,,159.75,305.14
BLD-02896,office,Tue,15,1781.9,18.4,69.1,79.0,133.88,274.03
BLD-02897,office,Thu,15,1095.3,17.4,52.4,45.0,98.69,178.14
BLD-02898,office,Sat,19,4207.4,32.6,44.9,11.0,52.66,146.32
BLD-02899,office,Mon,4,1297.8,22.2,28.7,11.0,35.99,78.03
BLD-02900,office,Mon,12,1999.2,21.0,34.4,,137.27,239.69
BLD-02901,clinic,Sat,19,1634.1,16.8,60.3,0.0,31.86,95.59
BLD-02902,retail,Thu,20,1907.1,18.7,70.0,12.0,24.56,109.63
BLD-02903,office,Sun,14,1438.8,16.9,47.9,19.0,61.43,129.43
BLD-02904,clinic,Fri,15,3099.7,28.1,75.6,115.0,218.71,417.07
BLD-02905,office,Fri,20,2320.2,16.0,38.9,0.0,30.05,76.84
BLD-02906,office,Sun,14,3527.6,4.0,48.4,17.0,59.26,140.3
BLD-02907,retail,Fri,22,1642.2,22.5,49.8,0.0,47.51,80.85
BLD-02908,office,Wed,3,6124.6,19.8,81.0,7.0,49.9,126.78
BLD-02909,office,Thu,8,881.8,17.3,57.3,32.0,71.87,150.21
BLD-02910,office,Tue,2,1028.0,29.3,24.4,6.0,38.42,86.7
BLD-02911,school,Wed,2,5103.6,0.1,71.2,0.0,42.9,122.63
BLD-02912,school,Fri,11,2762.1,34.6,86.4,100.0,180.33,371.11
BLD-02913,office,Tue,5,2591.7,30.4,50.8,0.0,33.26,104.46
BLD-02914,office,Fri,9,2706.0,17.0,39.7,106.0,207.51,335.57
BLD-02915,office,Fri,10,2894.0,18.4,69.7,109.0,205.15,348.24
BLD-02916,school,Wed,14,2540.5,26.0,88.4,102.0,184.41,349.36
BLD-02917,office,Mon,22,1383.8,26.2,69.4,0.0,18.9,76.6
BLD-02918,retail,Fri,20,3258.2,16.9,27.4,2.0,30.72,61.66
BLD-02919,retail,Sat,9,3021.0,9.1,,9.0,57.09,133.77
BLD-02920,office,Sat,7,4367.1,38.9,61.9,11.0,40.04,172.81
BLD-02921,retail,Wed,18,5131.0,29.6,38.8,176.0,330.56,544.48
BLD-02922,office,Fri,2,2578.2,23.3,76.9,7.0,42.49,120.43
BLD-02923,office,Wed,12,1220.5,23.4,62.5,41.0,74.6,167.46
BLD-02924,office,Wed,10,5151.4,27.0,77.4,195.0,336.93,574.89
BLD-02925,school,Wed,4,1349.5,27.9,37.0,19.0,47.89,108.78
BLD-02926,retail,Tue,14,2587.5,5.3,61.8,,142.16,278.77
BLD-02927,clinic,Sun,7,1944.9,19.2,39.8,0.0,14.67,68.46
BLD-02928,office,Fri,4,1789.2,18.4,59.2,6.0,35.77,94.51
BLD-02929,office,Tue,15,3175.0,20.7,80.1,117.0,188.97,376.27
BLD-02930,school,Sun,4,2473.9,28.2,30.8,12.0,43.9,110.01
BLD-02931,office,Tue,16,2814.6,7.7,31.7,,182.49,335.14
BLD-02932,office,Fri,3,1487.2,11.2,71.2,0.0,22.93,83.47
BLD-02933,clinic,Tue,10,2023.6,16.5,54.8,68.0,124.45,247.76
BLD-02934,retail,Wed,19,1520.6,23.2,74.9,49.0,101.92,212.88
BLD-02935,clinic,Fri,5,1999.5,28.7,41.3,0.0,38.88,93.47
BLD-02936,office,Sun,18,2078.1,35.1,55.9,0.0,33.92,106.07
BLD-02937,office,Sun,17,5332.0,19.7,66.7,7.0,66.82,132.67
BLD-02938,office,Sun,21,1942.5,28.6,58.6,3.0,29.28,103.02
BLD-02939,clinic,Tue,4,793.1,27.7,24.6,0.0,28.42,90.22
BLD-02940,office,Mon,17,4297.8,26.3,98.0,149.0,266.33,489.11
BLD-02941,office,Sun,22,2729.5,21.8,58.6,0.0,44.43,89.26
BLD-02942,office,Sun,18,2065.9,18.8,32.2,0.0,22.96,63.87
BLD-02943,retail,Tue,4,1783.5,13.5,60.3,0.0,37.02,83.22
BLD-02944,retail,Mon,19,1396.4,12.9,62.3,59.0,107.51,221.56
BLD-02945,retail,Fri,2,5577.4,24.8,71.9,15.0,61.11,157.69
BLD-02946,office,Mon,14,2255.4,21.6,70.8,75.0,139.94,274.03
BLD-02947,retail,Mon,11,955.4,18.7,51.4,47.0,100.85,197.74
BLD-02948,office,Sun,12,2574.8,27.3,25.7,10.0,36.43,104.88
BLD-02949,office,Thu,12,3925.2,20.4,,146.0,247.22,436.5
BLD-02950,office,Mon,0,2371.6,14.7,27.1,16.0,49.04,106.23
BLD-02951,school,Fri,12,1427.2,19.9,75.7,54.0,109.19,221.08
BLD-02952,office,Wed,22,1367.2,28.6,42.5,7.0,28.61,98.0
BLD-02953,clinic,Thu,10,1416.4,13.8,65.8,56.0,114.31,233.48
BLD-02954,school,Sun,6,4567.0,23.7,43.8,4.0,42.69,95.33
BLD-02955,office,Tue,23,2125.6,21.6,46.6,8.0,49.08,91.46
BLD-02956,retail,Fri,2,982.8,15.9,41.4,4.0,32.56,76.2
BLD-02957,retail,Sat,11,2645.5,19.7,67.2,8.0,62.1,118.05
BLD-02958,office,Wed,12,2354.1,9.4,44.4,83.0,157.13,283.84
BLD-02959,school,Sun,11,1773.6,22.9,68.1,0.0,16.91,86.13
BLD-02960,office,Thu,22,1348.1,11.1,44.9,0.0,25.26,76.91
BLD-02961,office,Thu,10,1320.2,30.6,51.1,48.0,99.49,216.55
BLD-02962,retail,Sun,23,3706.3,21.3,55.6,12.0,45.74,123.0
BLD-02963,school,Fri,1,2477.5,17.4,57.6,0.0,47.08,79.54
BLD-02964,office,Sun,17,2768.2,31.3,39.3,9.0,43.47,118.95
BLD-02965,office,Sat,14,2474.3,13.7,67.0,6.0,34.45,106.35
BLD-02966,school,Fri,5,2574.7,16.0,50.4,0.0,34.11,72.8
BLD-02967,office,Tue,5,1757.0,7.4,64.2,14.0,40.97,126.17
BLD-02968,clinic,Wed,17,1993.0,32.5,54.7,81.0,161.14,324.86
BLD-02969,school,Sun,15,3848.2,37.0,65.0,4.0,51.05,164.55
BLD-02970,retail,Fri,14,4338.2,8.6,48.0,158.0,277.66,472.56
BLD-02971,office,Tue,1,1223.7,15.5,41.6,5.0,40.31,73.9
BLD-02972,retail,Wed,14,1990.7,22.6,62.3,63.0,119.47,241.27
BLD-02973,office,Sat,23,3291.4,17.9,46.6,0.0,20.14,76.97
BLD-02974,office,Tue,0,5429.5,21.7,79.8,8.0,52.46,141.22
BLD-02975,office,Mon,11,5174.8,21.1,56.2,176.0,301.68,511.4
BLD-02976,office,Sat,11,1501.5,25.3,31.6,0.0,7.64,61.91
BLD-02977,clinic,Wed,21,4057.1,14.3,45.0,,29.15,92.08
BLD-02978,retail,Sat,6,2262.8,23.5,38.0,27.0,59.25,131.65
BLD-02979,school,Thu,11,3632.0,13.1,73.2,139.0,234.49,419.65
BLD-02980,school,Sun,17,3211.8,18.7,68.2,13.0,67.68,127.99
BLD-02981,school,Thu,1,1199.3,8.1,54.0,0.0,31.92,84.84
BLD-02982,school,Sun,19,2864.6,18.8,59.9,7.0,53.61,102.61
BLD-02983,retail,Sat,19,3565.1,17.4,53.5,,41.36,89.1
BLD-02984,school,Tue,17,2178.8,29.5,69.6,79.0,160.05,297.87
BLD-02985,retail,Sun,15,1954.7,21.5,63.8,8.0,42.09,106.8
BLD-02986,office,Sat,17,1034.6,23.0,66.9,0.0,41.3,96.36
BLD-02987,clinic,Mon,18,3054.4,21.8,51.7,116.0,195.9,376.27
BLD-02988,office,Mon,21,2431.9,5.0,44.3,8.0,43.05,99.19
BLD-02989,office,Tue,10,1413.1,6.0,66.3,50.0,92.4,213.97
BLD-02990,clinic,Mon,10,1881.5,19.5,81.4,65.0,139.44,260.54
BLD-02991,office,Wed,15,2369.4,24.2,73.8,83.0,160.18,300.25
BLD-02992,office,Sun,4,1682.6,20.1,81.9,1.0,42.1,95.89
BLD-02993,office,Thu,20,2202.8,15.1,57.8,1.0,18.28,68.38
BLD-02994,office,Mon,18,949.8,20.1,38.5,42.0,82.77,169.76
BLD-02995,clinic,Thu,15,4204.6,19.4,40.0,150.0,245.98,449.22
BLD-02996,retail,Tue,7,2216.9,28.2,78.5,96.0,178.48,336.6
BLD-02997,school,Sat,8,1297.9,27.8,23.3,17.0,48.41,104.62
BLD-02998,clinic,Mon,10,675.6,17.6,80.6,30.0,77.26,167.49
BLD-02999,school,Sat,15,3605.4,21.6,41.6,1.0,38.24,83.07
BLD-03000,clinic,Thu,18,2875.8,24.2,87.7,102.0,165.2,343.11
BLD-03001,office,Mon,16,2434.1,25.4,53.8,93.0,154.63,293.33
BLD-03002,school,Fri,22,3330.1,35.2,,8.0,48.14,142.72
BLD-03003,office,Thu,23,3325.7,21.8,95.5,2.0,42.96,110.25
BLD-03004,office,Sat,16,2415.2,31.3,49.4,1.0,11.0,94.19
BLD-03005,retail,Fri,8,1947.3,12.7,49.1,76.0,142.95,257.82
BLD-03006,office,Sat,14,1800.8,16.9,43.2,5.0,26.53,81.74
BLD-03007,school,Thu,10,2692.6,4.9,38.0,96.0,165.67,310.2
BLD-03008,retail,Mon,15,4301.8,23.2,49.4,159.0,271.16,480.33
BLD-03009,office,Mon,19,2094.0,27.2,45.6,74.0,142.61,273.51
BLD-03010,office,Thu,8,4469.0,1.6,33.7,158.0,269.81,477.77
BLD-03011,retail,Wed,12,2631.5,23.5,51.4,98.0,159.66,312.06
BLD-03012,clinic,Sat,1,2641.1,26.8,62.6,0.0,33.72,113.34
BLD-03013,office,Wed,17,6979.0,26.4,39.8,247.0,416.91,707.13
BLD-03014,clinic,Sun,11,4863.4,12.4,52.2,12.0,50.07,131.52
BLD-03015,retail,Tue,11,4924.3,28.2,78.9,177.0,304.12,546.58
BLD-03016,retail,Wed,12,1500.2,22.1,30.9,72.0,132.52,233.15
BLD-03017,office,Sat,5,6301.0,26.7,87.8,9.0,61.14,150.57
BLD-03018,retail,Mon,14,2114.9,21.0,43.5,73.0,137.48,258.35
BLD-03019,retail,Wed,17,1972.4,25.0,58.4,84.0,157.54,304.47
BLD-03020,office,Sat,8,780.4,30.9,76.7,0.0,24.64,112.47
BLD-03021,clinic,Fri,3,2573.0,20.4,81.9,20.0,70.49,159.74
BLD-03022,clinic,Sat,9,1307.9,24.3,63.0,6.0,52.08,116.21
BLD-03023,school,Thu,4,2676.3,32.0,43.2,8.0,44.55,120.7
BLD-03024,retail,Sun,8,1259.7,20.9,41.7,4.0,26.82,79.69
BLD-03025,school,Sun,15,5214.0,13.0,45.2,6.0,37.49,112.43
BLD-03026,retail,Sun,2,2866.8,27.4,87.1,2.0,42.93,125.62
BLD-03027,retail,Mon,17,6571.9,33.5,48.5,231.0,385.76,692.78
BLD-03028,office,Fri,5,1346.4,32.3,60.5,7.0,61.36,130.21
BLD-03029,office,Mon,21,4627.7,27.7,,12.0,86.3,137.43
BLD-03030,office,Tue,17,926.0,3.2,35.3,28.0,65.57,149.19
BLD-03031,clinic,Wed,6,2431.1,16.9,55.4,16.0,39.07,115.95
BLD-03032,office,Fri,13,1624.6,17.3,49.5,67.0,135.54,245.6
BLD-03033,clinic,Thu,2,1774.4,22.4,50.7,1.0,51.59,104.69
BLD-03034,school,Sun,2,1716.9,35.5,29.9,0.0,15.74,94.92
BLD-03035,office,Wed,22,1418.2,13.4,53.8,19.0,75.15,128.67
BLD-03036,clinic,Fri,19,1201.8,39.9,81.3,54.0,89.32,289.28
BLD-03037,school,Sat,3,1779.1,18.9,40.5,13.0,34.07,86.77
BLD-03038,office,Sun,6,2326.0,15.9,70.3,2.0,37.39,94.06
BLD-03039,office,Tue,4,3846.0,28.8,15.0,8.0,59.55,105.82
BLD-03040,office,Sat,9,2535.1,29.4,41.4,7.0,41.98,108.21
BLD-03041,office,Mon,6,3851.2,27.2,22.5,3.0,46.4,95.23
BLD-03042,office,Thu,7,1082.1,15.8,76.0,44.0,103.37,192.16
BLD-03043,school,Wed,12,1787.2,26.0,69.9,77.0,156.85,287.84
BLD-03044,office,Sun,4,3094.9,13.7,37.4,17.0,53.66,112.93
BLD-03045,office,Sat,21,2594.0,15.6,59.9,2.0,26.74,77.19
BLD-03046,office,Sun,17,1455.1,21.2,75.4,0.0,38.36,100.91
BLD-03047,office,Sat,18,3444.6,15.4,78.1,17.0,65.82,139.65
BLD-03048,clinic,Wed,4,1704.8,30.4,48.1,17.0,60.21,145.49
BLD-03049,office,Sat,16,1514.9,17.4,17.4,7.0,31.95,70.89
BLD-03050,office,Mon,20,2779.3,20.2,39.7,18.0,66.5,107.56
BLD-03051,school,Thu,4,2206.5,15.0,,7.0,30.38,91.21
BLD-03052,clinic,Mon,18,1711.7,30.3,90.7,58.0,118.32,276.61
BLD-03053,retail,Sat,8,1684.0,16.7,54.1,0.0,29.85,77.06
BLD-03054,retail,Sun,18,1316.5,31.1,44.7,0.0,28.45,111.34
BLD-03055,clinic,Fri,11,1819.4,30.5,95.8,69.0,140.59,314.66
BLD-03056,school,Sat,19,3730.2,18.4,61.9,0.0,26.72,89.39
BLD-03057,clinic,Tue,3,2474.0,22.2,34.1,0.0,38.67,71.27
BLD-03058,office,Sun,9,3485.4,18.2,53.0,3.0,40.65,102.34
BLD-03059,retail,Thu,6,2818.4,26.4,72.0,11.0,41.86,128.29
BLD-03060,retail,Fri,5,1639.8,20.4,53.8,0.0,15.34,83.87
BLD-03061,clinic,Sat,7,996.9,18.7,68.5,0.0,44.87,91.52
BLD-03062,school,Fri,9,1410.0,22.4,27.7,51.0,103.45,175.42
BLD-03063,retail,Wed,3,1594.0,9.3,30.6,11.0,41.33,99.56
BLD-03064,office,Fri,16,1535.9,21.4,42.5,58.0,103.71,201.43
BLD-03065,school,Fri,13,3523.1,27.2,50.2,132.0,244.98,406.5
BLD-03066,office,Sun,19,3505.5,23.1,60.7,16.0,70.13,120.21
BLD-03067,school,Thu,16,6360.8,29.6,65.8,254.0,436.63,755.09
BLD-03068,retail,Thu,3,1524.8,19.0,96.9,9.0,40.99,112.93
BLD-03069,office,Thu,1,4736.2,18.3,42.4,8.0,60.46,98.1
BLD-03070,office,Mon,10,4722.2,13.1,49.7,163.0,277.15,483.12
BLD-03071,office,Mon,11,1967.9,18.8,42.9,77.0,147.55,250.24
BLD-03072,retail,Mon,5,2761.5,37.7,73.3,4.0,38.5,149.19
BLD-03073,retail,Fri,18,3990.9,24.2,74.3,154.0,271.63,461.55
BLD-03074,retail,Wed,13,2138.6,17.3,47.4,77.0,127.92,263.38
BLD-03075,office,Sun,17,2060.6,14.0,90.1,6.0,57.94,118.05
BLD-03076,retail,Fri,2,1628.0,9.2,42.9,9.0,58.2,112.86
BLD-03077,retail,Mon,19,708.7,15.4,72.5,44.0,79.33,185.03
BLD-03078,office,Mon,4,2275.7,28.1,79.7,17.0,62.38,151.12
BLD-03079,office,Wed,10,1564.7,18.6,31.9,70.0,118.39,222.83
BLD-03080,school,Sun,10,1313.0,14.3,64.8,10.0,43.09,99.96
BLD-03081,office,Mon,19,2694.2,15.2,15.0,97.0,156.32,277.08
BLD-03082,office,Tue,6,1096.2,27.2,69.0,10.0,38.46,110.04
BLD-03083,office,Mon,5,3239.4,21.3,36.3,0.0,30.08,65.39
BLD-03084,office,Wed,8,2774.8,17.0,64.6,101.0,196.17,339.47
BLD-03085,office,Sun,8,1815.5,19.5,67.8,18.0,72.95,129.22
BLD-03086,office,Fri,4,2134.1,39.6,74.0,8.0,59.45,161.22
BLD-03087,retail,Thu,4,1242.5,31.8,70.1,6.0,47.55,134.9
BLD-03088,school,Tue,5,3153.8,33.7,56.0,7.0,45.94,128.18
BLD-03089,office,Wed,11,2407.0,8.0,48.5,89.0,169.01,304.3
BLD-03090,retail,Thu,8,2494.6,20.8,53.7,76.0,149.81,263.89
BLD-03091,school,Tue,9,2799.3,16.8,36.0,94.0,162.39,295.33
BLD-03092,office,Fri,17,1616.2,26.4,51.4,67.0,140.42,249.54
BLD-03093,office,Sun,5,1061.1,30.5,50.1,0.0,33.14,100.39
BLD-03094,office,Tue,21,3483.3,24.6,41.6,3.0,47.8,98.02
BLD-03095,school,Tue,18,3061.9,15.0,25.4,104.0,167.43,295.37
BLD-03096,school,Mon,4,1701.5,16.7,33.3,0.0,33.33,60.76
BLD-03097,office,Sat,7,2677.4,27.0,15.0,4.0,48.77,78.01
BLD-03098,school,Thu,4,4024.0,27.8,49.8,11.0,54.44,114.89
BLD-03099,clinic,Tue,6,3800.1,23.1,61.1,13.0,51.69,126.51
BLD-03100,office,Tue,8,1677.8,23.0,15.0,58.0,102.09,191.7
BLD-03101,school,Mon,3,1076.6,22.4,59.0,6.0,20.96,93.48
BLD-03102,school,Thu,0,1169.1,24.2,52.9,0.0,28.22,65.69
BLD-03103,retail,Fri,10,1894.3,27.7,,72.0,135.23,260.12
BLD-03104,retail,Tue,16,4438.7,27.0,47.7,170.0,292.27,515.89
BLD-03105,retail,Mon,7,1550.9,22.2,72.9,59.0,131.99,229.37
BLD-03106,office,Thu,20,1652.4,21.6,38.4,,38.55,104.67
BLD-03107,office,Fri,8,1636.1,21.3,56.3,69.0,128.59,250.59
BLD-03108,retail,Wed,21,1704.4,15.8,60.9,6.0,54.76,100.18
BLD-03109,office,Tue,5,2188.2,15.7,41.0,2.0,30.63,84.06
BLD-03110,clinic,Tue,12,1190.1,26.4,72.1,42.0,90.42,207.33
BLD-03111,office,Sat,18,3702.3,16.3,61.9,0.0,35.06,88.19
BLD-03112,school,Sun,1,2052.3,28.5,,0.0,37.27,89.14
BLD-03113,school,Sat,22,7231.5,21.6,95.2,12.0,48.38,151.08
BLD-03114,office,Thu,8,1252.5,28.6,72.2,61.0,116.48,242.63
BLD-03115,retail,Sat,11,4719.0,27.1,26.3,0.0,41.42,105.56
BLD-03116,office,Wed,15,4290.1,28.7,48.4,158.0,266.18,485.03
BLD-03117,school,Mon,15,1805.5,18.2,96.9,56.0,116.66,243.41
BLD-03118,school,Wed,0,1820.0,25.3,38.3,0.0,37.14,75.03
BLD-03119,retail,Fri,20,1413.7,27.9,56.1,6.0,41.17,119.5
BLD-03120,school,Fri,14,1421.5,9.6,75.9,51.0,121.98,218.23
BLD-03121,clinic,Sun,23,2199.4,35.6,66.1,0.0,26.46,137.54
BLD-03122,clinic,Sun,11,2222.0,40.1,68.5,18.0,62.87,211.22
BLD-03123,office,Tue,14,1019.5,29.6,67.5,40.0,90.84,198.5
BLD-03124,retail,Mon,10,6615.0,28.4,55.4,231.0,392.6,671.67
BLD-03125,clinic,Tue,21,1942.3,26.7,41.5,5.0,48.6,111.14
BLD-03126,office,Sun,19,2270.4,19.4,62.4,3.0,38.46,96.61
BLD-03127,school,Sat,21,1628.8,21.1,48.2,7.0,27.0,78.35
BLD-03128,office,Mon,12,1935.4,29.7,46.8,70.0,142.25,275.65
BLD-03129,school,Tue,18,1852.8,14.2,80.2,73.0,133.92,253.95
BLD-03130,office,Thu,8,2196.9,13.5,48.5,90.0,162.56,285.76
BLD-03131,retail,Fri,11,2184.6,18.8,84.0,71.0,134.75,264.62
BLD-03132,office,Sun,18,3237.5,27.3,59.4,0.0,42.3,107.64
BLD-03133,school,Sat,1,2453.5,15.1,52.3,11.0,59.1,105.99
BLD-03134,office,Tue,17,3084.9,20.2,24.1,110.0,197.74,339.99
BLD-03135,retail,Mon,0,2189.7,21.1,91.0,3.0,33.09,101.84
BLD-03136,school,Fri,13,2458.3,13.9,54.9,88.0,143.36,286.32
BLD-03137,school,Thu,11,1959.4,2.5,16.4,71.0,129.24,251.72
BLD-03138,office,Sun,11,3560.7,13.8,71.8,0.0,26.78,92.71
BLD-03139,office,Fri,11,2568.5,24.1,54.1,86.0,164.39,287.11
BLD-03140,office,Thu,11,2039.2,25.9,39.2,81.0,150.59,265.84
BLD-03141,clinic,Wed,9,2010.3,26.0,70.8,84.0,146.95,308.34
BLD-03142,office,Mon,10,2087.6,26.9,15.0,77.0,147.38,250.21
BLD-03143,retail,Sun,13,2232.4,17.0,42.9,12.0,48.25,115.15
BLD-03144,office,Sat,18,2141.3,15.3,49.9,0.0,5.16,67.75
BLD-03145,retail,Tue,13,1682.4,25.0,69.5,60.0,129.81,259.36
BLD-03146,office,Fri,15,3176.0,20.3,93.1,121.0,226.31,407.74
BLD-03147,school,Wed,20,3273.7,29.3,50.8,7.0,43.22,108.14
BLD-03148,office,Thu,23,5179.5,25.1,62.8,3.0,50.74,113.58
BLD-03149,office,Sat,2,1646.6,32.3,98.0,,38.83,154.25
BLD-03150,office,Sat,17,3029.3,18.3,55.1,0.0,18.07,76.04
BLD-03151,office,Tue,5,879.9,30.5,63.0,2.0,50.16,119.16
BLD-03152,school,Wed,4,3275.3,38.3,34.0,12.0,60.6,153.13
BLD-03153,clinic,Sat,19,1093.4,22.4,88.3,12.0,53.78,141.04
BLD-03154,school,Sun,1,1371.6,26.0,42.9,11.0,41.14,94.61
BLD-03155,clinic,Mon,20,2580.4,14.6,59.6,12.0,61.58,124.65
BLD-03156,school,Sat,18,1632.5,29.2,59.1,1.0,16.33,88.61
BLD-03157,office,Thu,23,1528.7,31.0,56.5,0.0,25.66,110.69
BLD-03158,office,Fri,16,1743.2,18.0,47.6,64.0,132.37,230.69
BLD-03159,office,Mon,20,3122.6,26.7,59.1,9.0,41.72,134.83
BLD-03160,office,Fri,2,1405.9,24.2,84.9,10.0,51.73,122.24
BLD-03161,retail,Fri,21,2143.5,25.1,93.8,0.0,33.61,106.96
BLD-03162,retail,Fri,3,1834.4,28.5,52.0,0.0,31.43,87.93
BLD-03163,school,Sat,7,3260.9,26.2,47.4,0.0,27.84,87.7
BLD-03164,school,Sun,3,3305.1,20.9,41.3,0.0,39.26,72.32
BLD-03165,office,Sat,9,911.7,28.7,98.0,0.0,44.97,126.31
BLD-03166,school,Sat,17,3633.2,30.9,57.2,0.0,38.29,129.06
BLD-03167,office,Sun,6,1641.0,17.6,74.0,4.0,40.12,100.52
BLD-03168,office,Fri,19,2464.2,22.0,66.8,91.0,175.39,308.4
BLD-03169,office,Fri,14,1401.8,7.9,92.5,51.0,92.66,236.78
BLD-03170,office,Thu,15,2629.0,26.7,50.8,92.0,169.19,319.88
BLD-03171,retail,Sat,22,7486.5,31.8,36.2,0.0,50.32,125.55
BLD-03172,office,Mon,10,2338.5,19.9,86.6,83.0,134.6,296.7
BLD-03173,office,Thu,8,1764.3,23.1,70.4,73.0,146.45,261.25
BLD-03174,clinic,Wed,23,1968.0,20.2,62.8,4.0,26.55,107.91
BLD-03175,clinic,Sun,13,1086.9,18.9,81.1,29.0,76.64,179.59
BLD-03176,school,Mon,14,4410.4,23.9,63.7,159.0,270.56,483.75
BLD-03177,school,Fri,7,2556.5,15.7,81.7,99.0,201.15,328.65
BLD-03178,retail,Tue,5,1329.7,20.1,59.2,2.0,27.53,74.5
BLD-03179,office,Sun,4,1350.7,14.8,70.3,1.0,48.11,94.43
BLD-03180,office,Sat,5,2216.2,26.7,63.9,16.0,53.14,137.8
BLD-03181,office,Tue,4,3441.2,23.9,49.5,12.0,53.23,111.01
BLD-03182,office,Sun,17,1266.2,18.6,51.5,0.0,42.73,80.7
BLD-03183,clinic,Thu,1,3754.3,22.3,48.3,0.0,27.84,79.14
BLD-03184,retail,Sun,15,2105.3,20.2,59.5,3.0,35.42,98.86
BLD-03185,clinic,Sat,22,1407.7,31.2,47.3,0.0,33.03,102.43
BLD-03186,retail,Mon,18,1757.6,18.5,62.4,55.0,115.57,223.25
BLD-03187,school,Tue,9,5092.5,27.1,61.8,187.0,323.3,554.42
BLD-03188,retail,Wed,1,1129.9,16.4,58.5,0.0,25.58,78.06
BLD-03189,retail,Tue,20,1548.3,28.5,58.8,5.0,44.16,121.7
BLD-03190,school,Mon,0,3475.4,30.3,,10.0,52.67,125.0
BLD-03191,office,Sun,16,2440.9,30.7,50.2,11.0,57.93,139.81
BLD-03192,school,Sun,16,1504.8,33.8,26.6,3.0,36.44,107.56
BLD-03193,office,Thu,4,3495.8,24.3,53.0,16.0,66.49,126.35
BLD-03194,school,Tue,17,3576.4,31.9,38.2,134.0,248.64,435.28
BLD-03195,office,Tue,4,2579.3,35.0,56.7,11.0,45.72,142.4
BLD-03196,school,Sun,5,1639.7,13.0,42.9,0.0,39.62,72.0
BLD-03197,office,Wed,19,1765.6,17.2,20.1,79.0,145.99,252.08
BLD-03198,office,Mon,23,2522.1,10.0,93.3,4.0,24.08,106.14
BLD-03199,school,Wed,6,1172.0,30.5,,17.0,48.9,120.12
BLD-03200,office,Thu,22,4161.2,9.9,79.6,15.0,53.92,137.2
BLD-03201,clinic,Fri,21,4975.7,7.8,46.0,6.0,54.66,139.56
BLD-03202,office,Wed,18,1964.4,13.2,83.9,77.0,142.5,276.23
BLD-03203,office,Sun,3,2610.1,8.1,35.4,3.0,38.22,80.71
BLD-03204,office,Fri,7,3887.0,24.2,58.0,136.0,251.69,420.45
BLD-03205,retail,Sun,16,5624.5,13.3,36.4,9.0,72.86,112.84
BLD-03206,school,Wed,23,4645.1,8.5,98.0,8.0,55.51,135.62
BLD-03207,office,Fri,19,956.4,21.7,50.8,25.0,74.18,141.97
BLD-03208,office,Wed,10,1890.8,22.1,69.1,71.0,134.29,249.74
BLD-03209,retail,Fri,5,2797.7,7.0,62.7,11.0,34.06,121.95
BLD-03210,clinic,Sat,23,1735.4,16.3,54.6,16.0,41.15,122.02
BLD-03211,office,Wed,6,5176.8,21.4,63.8,10.0,55.75,125.34
BLD-03212,office,Sun,8,4809.3,19.1,78.1,0.0,49.19,106.1
BLD-03213,office,Sun,23,1487.1,19.4,66.4,0.0,26.02,82.36
BLD-03214,office,Sun,13,2035.0,31.4,57.8,1.0,43.5,129.77
BLD-03215,retail,Tue,6,1535.2,39.2,63.8,15.0,68.96,179.28
BLD-03216,clinic,Sat,0,2003.3,19.5,87.6,0.0,21.13,100.29
BLD-03217,clinic,Mon,10,1974.4,11.4,47.9,83.0,175.65,297.7
BLD-03218,retail,Mon,23,3478.2,20.1,,0.0,19.57,71.2
BLD-03219,office,Sun,10,1436.2,23.6,36.4,8.0,58.23,96.14
BLD-03220,clinic,Tue,16,626.5,21.6,,19.0,52.67,121.89
BLD-03221,office,Sun,6,1018.4,26.9,40.0,2.0,26.75,69.41
BLD-03222,office,Thu,18,1343.0,39.7,40.6,43.0,91.79,225.56
BLD-03223,retail,Wed,18,1606.0,8.3,54.6,73.0,129.92,264.57
BLD-03224,office,Mon,14,2406.8,17.9,59.2,84.0,172.64,291.12
BLD-03225,retail,Fri,18,1310.2,34.3,59.0,38.0,77.32,208.36
BLD-03226,clinic,Sat,13,1230.1,17.8,42.6,0.0,21.28,82.4
BLD-03227,retail,Thu,9,1408.2,28.3,71.9,54.0,94.84,243.26
BLD-03228,retail,Sat,17,1287.8,27.0,64.1,0.0,19.84,95.12
BLD-03229,office,Wed,20,1685.9,31.9,81.9,9.0,35.24,146.37
BLD-03230,office,Thu,20,1651.6,37.3,69.4,2.0,23.93,143.65
BLD-03231,retail,Wed,5,3062.4,24.7,49.1,13.0,51.99,125.53
BLD-03232,school,Fri,16,1368.2,8.0,77.2,50.0,91.33,207.03
BLD-03233,clinic,Mon,0,1853.0,16.4,59.7,12.0,63.36,125.65
BLD-03234,office,Thu,13,1693.6,39.5,68.6,57.0,112.75,282.96
BLD-03235,office,Thu,13,3243.7,10.7,67.2,108.0,200.72,374.24
BLD-03236,office,Thu,8,2043.0,26.0,52.9,70.0,143.79,256.93
BLD-03237,retail,Thu,23,3642.9,1.9,56.8,0.0,56.82,121.85
BLD-03238,retail,Fri,21,1265.3,11.2,52.8,0.0,36.16,95.5
BLD-03239,clinic,Thu,0,2148.5,29.1,40.5,7.0,38.62,114.79
BLD-03240,office,Tue,5,1668.7,22.3,18.5,2.0,20.95,58.93
BLD-03241,school,Tue,4,1221.3,19.0,43.2,5.0,37.77,77.82
BLD-03242,office,Fri,21,2129.9,15.5,58.4,8.0,53.14,104.38
BLD-03243,office,Sun,12,5054.4,6.0,73.5,0.0,43.64,126.67
BLD-03244,office,Sat,17,1460.9,27.5,,9.0,42.0,127.58
BLD-03245,school,Fri,19,2069.4,19.7,50.2,68.0,134.41,229.72
BLD-03246,school,Sun,18,1171.9,9.8,43.4,0.0,7.99,71.53
BLD-03247,office,Sun,2,1092.0,22.2,51.9,0.0,27.83,68.66
BLD-03248,school,Thu,3,1507.7,26.6,38.4,9.0,48.85,103.32
BLD-03249,retail,Mon,9,1772.6,20.4,19.0,54.0,109.63,196.66
BLD-03250,office,Fri,8,1810.8,22.9,28.7,59.0,128.98,210.01
BLD-03251,office,Fri,17,1973.8,22.3,78.4,65.0,138.96,253.29
BLD-03252,retail,Tue,3,997.3,16.3,86.6,3.0,25.45,104.79
BLD-03253,retail,Sat,8,1629.1,22.4,67.8,3.0,37.43,99.28
BLD-03254,retail,Sun,5,2799.1,27.9,,10.0,48.62,106.05
BLD-03255,office,Wed,4,1146.3,30.3,31.3,3.0,10.8,76.85
BLD-03256,school,Thu,4,1855.2,28.3,52.3,12.0,45.55,115.07
BLD-03257,clinic,Tue,4,2532.0,16.6,65.4,,32.32,111.92
BLD-03258,office,Tue,13,1511.3,27.1,69.1,50.0,104.39,225.44
BLD-03259,office,Tue,9,2591.9,25.7,66.7,91.0,175.7,325.08
BLD-03260,clinic,Wed,10,1060.1,16.3,75.6,54.0,105.06,228.97
BLD-03261,office,Tue,11,3370.0,18.3,88.0,134.0,227.48,410.37
BLD-03262,retail,Tue,17,2622.3,27.4,48.1,104.0,190.83,349.94
BLD-03263,retail,Thu,20,2259.6,33.0,98.0,12.0,73.48,186.0
BLD-03264,office,Fri,12,3774.9,7.5,20.7,143.0,229.88,418.55
BLD-03265,retail,Wed,15,1878.3,35.1,41.8,74.0,142.84,301.3
BLD-03266,school,Thu,17,1635.4,31.3,58.4,63.0,117.6,248.92
BLD-03267,retail,Tue,16,4251.5,23.6,64.3,169.0,288.25,514.91
BLD-03268,clinic,Fri,3,5322.9,20.1,51.9,0.0,42.24,104.44
BLD-03269,clinic,Fri,23,1577.1,25.1,46.6,6.0,33.87,105.0
BLD-03270,office,Sun,3,2083.1,16.9,92.4,0.0,36.35,102.6
BLD-03271,retail,Mon,9,3633.1,20.6,,122.0,217.11,377.02
BLD-03272,clinic,Sat,15,2119.0,10.2,37.7,19.0,37.36,134.29
BLD-03273,school,Wed,9,2926.7,8.1,83.7,113.0,216.0,379.8
BLD-03274,school,Mon,5,3199.7,40.7,69.4,2.0,49.09,169.43
BLD-03275,office,Fri,22,1679.6,22.5,73.6,5.0,30.15,99.28
BLD-03276,retail,Tue,1,2690.5,23.6,58.3,0.0,33.26,97.2
BLD-03277,office,Tue,5,2193.5,21.8,31.6,1.0,44.45,67.36
BLD-03278,office,Sun,23,1226.7,15.4,56.4,0.0,37.24,71.75
BLD-03279,clinic,Tue,17,1368.1,19.5,29.3,50.0,116.05,200.38
BLD-03280,clinic,Thu,2,1608.5,22.7,59.1,9.0,45.68,116.95
BLD-03281,clinic,Tue,18,3435.4,20.4,66.1,130.0,238.44,421.61
BLD-03282,school,Mon,23,3490.0,16.0,73.3,17.0,75.55,131.81
BLD-03283,office,Mon,2,3153.2,25.8,53.4,6.0,40.18,109.45
BLD-03284,school,Mon,9,2717.5,23.5,67.7,81.0,158.78,277.75
BLD-03285,office,Thu,11,2682.1,25.1,39.6,115.0,183.76,353.51
BLD-03286,clinic,Thu,3,2513.5,27.6,71.4,0.0,16.26,111.27
BLD-03287,school,Mon,4,2675.4,20.6,66.5,5.0,45.2,94.42
BLD-03288,office,Wed,4,2763.9,20.6,41.4,5.0,47.08,84.88
BLD-03289,office,Tue,4,1121.1,33.9,64.0,6.0,31.61,127.28
BLD-03290,office,Thu,9,1505.5,14.4,73.5,58.0,108.96,222.13
BLD-03291,retail,Sun,11,1342.6,7.0,56.3,5.0,31.31,101.08
BLD-03292,retail,Fri,5,3743.0,26.4,41.0,0.0,38.89,99.76
BLD-03293,office,Sun,6,4866.7,17.0,58.0,25.0,55.83,152.97
BLD-03294,office,Tue,4,776.7,13.4,64.4,9.0,43.26,104.66
BLD-03295,office,Tue,19,4662.6,29.1,40.9,171.0,297.47,513.91
BLD-03296,office,Sat,5,2293.5,20.8,37.9,19.0,62.15,112.27
BLD-03297,clinic,Wed,21,3577.1,11.9,63.9,0.0,35.07,107.52
BLD-03298,retail,Sat,12,2805.4,37.5,69.0,11.0,35.89,173.35
BLD-03299,office,Thu,19,4392.3,9.1,91.5,156.0,262.59,488.42
BLD-03300,retail,Tue,15,2433.0,21.3,66.3,94.0,187.97,332.4
BLD-03301,office,Sat,6,1143.4,6.9,34.4,7.0,30.65,86.7
BLD-03302,office,Thu,14,2091.2,24.2,89.7,60.0,128.44,242.98
BLD-03303,school,Sat,6,2817.8,16.9,72.9,0.0,22.45,87.12
BLD-03304,office,Thu,2,1983.4,28.6,20.9,17.0,55.28,118.24
BLD-03305,school,Mon,6,3016.7,21.9,37.5,2.0,32.66,72.1
BLD-03306,retail,Fri,6,2131.7,32.8,46.6,20.0,57.65,150.41
BLD-03307,clinic,Mon,3,1653.0,18.6,69.2,14.0,46.21,121.29
BLD-03308,office,Fri,0,1306.3,9.2,15.0,2.0,44.66,65.23
BLD-03309,school,Wed,22,1822.8,23.9,53.0,2.0,51.57,81.82
BLD-03310,office,Sat,12,2427.0,20.0,68.3,17.0,59.58,131.7
BLD-03311,school,Sun,9,858.9,7.4,15.0,21.0,52.81,97.92
BLD-03312,office,Wed,22,1512.9,13.6,67.7,2.0,17.76,94.99
BLD-03313,school,Sun,5,843.7,16.1,69.7,16.0,35.39,114.41
BLD-03314,office,Mon,9,1636.0,34.4,40.6,71.0,149.54,283.78
BLD-03315,clinic,Mon,20,3908.6,27.7,35.4,14.0,43.95,131.59
BLD-03316,clinic,Sun,15,1245.0,19.2,40.3,5.0,30.08,104.91
BLD-03317,office,Fri,9,3083.2,25.8,15.0,109.0,199.39,340.83
BLD-03318,retail,Thu,6,8635.6,5.7,49.5,0.0,30.53,119.53
BLD-03319,office,Tue,0,4420.1,17.5,58.7,0.0,27.17,90.01
BLD-03320,retail,Wed,2,2345.6,25.2,34.3,19.0,46.5,118.48
BLD-03321,office,Fri,3,3321.8,23.3,71.5,4.0,34.63,101.44
BLD-03322,office,Sat,18,1140.0,17.7,56.7,0.0,29.15,76.42
BLD-03323,retail,Sun,15,1033.8,21.7,59.4,12.0,54.41,117.82
BLD-03324,school,Wed,10,2230.5,24.7,48.2,80.0,144.29,267.52
BLD-03325,school,Thu,18,2663.9,21.9,67.6,94.0,169.04,308.92
BLD-03326,school,Tue,3,3720.2,28.9,76.9,21.0,67.18,170.99
BLD-03327,office,Mon,5,1674.4,24.5,48.1,0.0,20.64,68.45
BLD-03328,office,Thu,9,2414.0,26.1,67.9,92.0,173.83,323.65
BLD-03329,school,Fri,22,2374.6,35.7,68.1,0.0,35.99,121.22
BLD-03330,school,Mon,14,2065.5,28.6,62.1,72.0,111.05,263.72
BLD-03331,office,Wed,20,2124.8,35.9,83.5,0.0,36.89,147.51
BLD-03332,office,Fri,5,1459.7,16.6,42.6,4.0,35.11,79.98
BLD-03333,school,Sat,20,2516.1,9.3,47.8,0.0,34.65,78.55
BLD-03334,retail,Sun,1,2415.9,20.9,41.8,9.0,56.96,104.41
BLD-03335,retail,Wed,5,1781.1,20.2,67.3,4.0,17.26,99.72
BLD-03336,office,Wed,12,3028.4,33.7,50.4,110.0,186.56,376.29
BLD-03337,school,Sun,1,3603.2,13.0,43.2,0.0,35.71,80.48
BLD-03338,school,Fri,20,3045.3,21.4,83.3,,33.47,126.01
BLD-03339,office,Tue,20,1333.9,25.2,85.8,10.0,40.22,117.52
BLD-03340,office,Fri,12,2307.8,22.8,49.4,81.0,161.19,289.24
BLD-03341,office,Tue,7,1420.4,20.6,31.8,44.0,97.65,176.53
BLD-03342,retail,Thu,2,2304.4,24.9,86.7,0.0,32.01,114.12
BLD-03343,office,Wed,14,1423.1,30.6,63.0,64.0,121.37,268.11
BLD-03344,school,Sun,12,4061.3,34.3,62.2,11.0,50.47,148.1
BLD-03345,school,Mon,18,3204.2,22.3,56.8,127.0,220.46,375.42
BLD-03346,office,Sat,14,3826.3,15.5,41.4,3.0,44.09,95.63
BLD-03347,retail,Tue,3,3644.7,34.3,48.0,10.0,36.07,140.61
BLD-03348,retail,Mon,2,1932.0,13.4,66.5,12.0,62.36,127.28
BLD-03349,office,Fri,18,1793.5,36.3,47.4,67.0,122.3,261.5
BLD-03350,retail,Fri,3,5075.8,32.8,62.4,1.0,49.38,145.52
BLD-03351,school,Mon,22,2032.4,33.9,55.2,0.0,30.93,108.85
BLD-03352,office,Mon,2,1148.3,27.5,37.0,7.0,25.56,84.86
BLD-03353,retail,Mon,17,3568.1,5.1,82.6,136.0,253.2,467.03
BLD-03354,retail,Wed,23,2357.2,13.7,65.1,1.0,43.74,95.5
BLD-03355,office,Mon,10,4532.7,24.5,60.6,164.0,270.42,477.22
BLD-03356,clinic,Fri,1,2472.1,16.6,64.4,2.0,34.15,103.88
BLD-03357,school,Mon,21,2179.0,19.5,24.5,10.0,47.79,82.75
BLD-03358,school,Sat,4,4576.8,26.9,46.6,0.0,19.59,86.04
BLD-03359,office,Sun,12,1051.3,20.6,29.0,0.0,5.0,69.64
BLD-03360,office,Sat,23,1661.1,12.2,57.1,0.0,20.31,77.5
BLD-03361,office,Sun,17,1437.0,29.1,60.5,3.0,19.12,109.82
BLD-03362,school,Sun,1,767.1,26.1,57.4,7.0,25.13,90.09
BLD-03363,school,Mon,19,3345.4,20.0,75.0,115.0,194.75,368.02
BLD-03364,retail,Wed,3,1683.5,27.7,29.5,11.0,44.01,104.3
BLD-03365,office,Sat,17,3397.5,22.8,41.4,16.0,50.67,112.6
BLD-03366,retail,Wed,14,2651.7,32.7,62.0,102.0,196.75,380.72
BLD-03367,retail,Sat,6,2944.3,23.2,59.5,13.0,55.08,125.25
BLD-03368,retail,Sat,10,1768.0,32.6,32.6,0.0,37.02,112.23
BLD-03369,retail,Sun,2,1524.4,7.0,75.3,0.0,11.21,92.63
BLD-03370,clinic,Wed,23,2296.9,25.7,81.2,8.0,36.91,132.97
BLD-03371,office,Wed,5,3420.1,18.8,62.2,4.0,43.04,89.61
BLD-03372,retail,Mon,7,2147.4,15.1,29.3,74.0,146.12,240.58
BLD-03373,clinic,Tue,12,1570.7,31.3,57.7,71.0,128.31,283.56
BLD-03374,school,Tue,16,1237.3,29.1,60.8,51.0,98.44,218.86
BLD-03375,office,Thu,12,2426.5,5.9,50.4,96.0,171.79,321.53
BLD-03376,clinic,Wed,12,1686.2,27.7,77.9,59.0,114.27,251.8
BLD-03377,office,Sat,13,2125.5,26.8,53.0,17.0,77.64,141.08
BLD-03378,office,Sat,20,1961.8,16.2,90.8,3.0,37.48,107.99
BLD-03379,office,Sat,9,1777.4,15.3,68.3,12.0,47.51,114.08
BLD-03380,school,Mon,19,2533.2,9.3,59.7,90.0,154.54,292.18
BLD-03381,office,Thu,18,2870.9,19.3,70.6,108.0,183.13,350.8
BLD-03382,school,Sat,23,5650.8,20.6,81.0,8.0,54.47,135.48
BLD-03383,clinic,Tue,21,3165.4,28.4,70.3,20.0,75.97,178.44
BLD-03384,school,Wed,19,4727.6,24.2,53.7,169.0,292.42,479.8
BLD-03385,school,Sat,5,1485.2,13.5,43.8,6.0,35.38,79.18
BLD-03386,clinic,Sat,18,1020.2,23.9,35.9,9.0,32.14,97.73
BLD-03387,retail,Sat,17,2184.8,20.0,15.0,0.0,13.32,47.59
BLD-03388,office,Thu,6,3321.1,14.5,58.0,0.0,39.65,80.61
BLD-03389,office,Wed,16,3080.3,9.3,48.4,106.0,190.78,350.11
BLD-03390,school,Wed,6,3935.0,27.0,49.3,12.0,60.2,124.13
BLD-03391,retail,Fri,12,651.1,25.6,72.5,41.0,87.65,196.66
BLD-03392,school,Wed,19,4014.4,26.5,53.1,140.0,238.42,420.04
BLD-03393,office,Wed,4,2584.4,16.2,87.2,0.0,34.59,105.24
BLD-03394,retail,Tue,8,1048.5,23.4,45.3,54.0,94.28,188.78
BLD-03395,retail,Thu,19,3113.5,11.0,38.5,111.0,203.13,345.57
BLD-03396,school,Tue,10,2386.5,14.1,33.6,86.0,159.92,268.85
BLD-03397,retail,Thu,23,2641.8,22.3,67.3,16.0,71.97,127.22
BLD-03398,retail,Sun,0,3553.8,24.1,74.6,14.0,48.55,130.66
BLD-03399,retail,Sat,17,2704.7,9.0,44.9,11.0,36.05,122.56
BLD-03400,retail,Thu,19,1084.9,13.5,36.9,29.0,65.71,132.08
BLD-03401,retail,Sun,22,2054.0,19.1,81.0,0.0,36.31,103.28
BLD-03402,school,Sun,3,1012.1,29.7,30.3,13.0,17.57,97.82
BLD-03403,school,Thu,23,3004.2,15.5,72.2,7.0,53.27,106.05
BLD-03404,retail,Sat,9,4303.7,23.1,45.3,0.0,37.13,84.91
BLD-03405,school,Wed,8,1212.3,24.0,61.8,45.0,82.93,177.26
BLD-03406,school,Sun,8,1593.9,20.0,73.3,13.0,44.2,96.02
BLD-03407,office,Wed,15,1440.4,24.1,63.1,68.0,122.35,245.04
BLD-03408,retail,Tue,15,1769.3,11.2,50.0,67.0,117.33,246.07
BLD-03409,school,Mon,11,2681.6,16.8,78.7,94.0,154.34,315.09
BLD-03410,office,Sat,1,1778.5,33.5,59.9,2.0,39.42,120.53
BLD-03411,office,Wed,23,3009.2,34.0,98.0,15.0,50.94,174.27
BLD-03412,office,Sat,5,3668.7,28.7,26.0,15.0,55.26,119.16
BLD-03413,clinic,Mon,2,3733.3,30.8,25.8,6.0,54.38,123.4
BLD-03414,retail,Thu,14,1286.2,7.4,71.9,46.0,96.7,219.68
BLD-03415,school,Wed,9,4278.9,14.4,54.5,165.0,271.02,474.96
BLD-03416,office,Thu,14,4446.7,19.5,68.5,176.0,310.51,526.33
BLD-03417,retail,Tue,21,4635.5,41.3,36.3,0.0,55.38,165.55
BLD-03418,school,Mon,2,2039.5,19.5,55.9,2.0,38.19,79.05
BLD-03419,clinic,Wed,6,1533.5,28.0,62.8,13.0,38.98,125.46
BLD-03420,office,Thu,12,1371.7,25.0,45.8,54.0,93.76,197.22
BLD-03421,office,Sat,18,1296.4,24.8,58.9,0.0,18.17,85.06
BLD-03422,school,Thu,14,2212.4,21.8,31.9,84.0,157.88,259.43
BLD-03423,office,Tue,9,3305.0,12.4,61.7,125.0,236.98,393.05
BLD-03424,school,Tue,14,4119.0,0.4,79.6,142.0,243.88,464.93
BLD-03425,retail,Fri,23,1742.6,32.3,34.0,5.0,29.98,102.91
BLD-03426,office,Thu,11,2159.5,17.1,32.9,84.0,166.85,264.09
BLD-03427,office,Sun,21,2092.7,7.1,75.2,0.0,26.03,92.31
BLD-03428,retail,Thu,18,1621.8,25.5,32.6,56.0,129.63,207.6
BLD-03429,retail,Thu,7,3131.8,25.4,69.3,112.0,201.05,370.51
BLD-03430,school,Mon,5,2618.6,28.1,55.9,0.0,44.15,99.16
BLD-03431,office,Tue,18,2355.0,30.9,47.9,95.0,177.75,327.15
BLD-03432,school,Sat,4,2612.9,14.6,79.9,0.0,39.52,83.86
BLD-03433,school,Wed,8,2956.1,15.0,70.8,111.0,198.55,355.48
BLD-03434,retail,Wed,5,2941.9,19.5,59.8,1.0,34.15,94.52
BLD-03435,school,Fri,14,1471.1,28.6,18.4,51.0,108.57,192.97
BLD-03436,office,Mon,7,3382.8,5.2,67.1,136.0,247.51,438.34
BLD-03437,retail,Thu,15,2486.9,23.0,36.8,92.0,175.21,304.92
BLD-03438,school,Wed,22,1785.8,29.5,51.2,0.0,11.47,84.43
BLD-03439,office,Tue,19,2461.8,29.1,55.1,86.0,163.42,299.91
BLD-03440,school,Wed,22,2595.6,27.7,87.3,7.0,36.32,112.84
BLD-03441,clinic,Thu,0,3697.7,30.5,50.7,11.0,47.83,135.77
BLD-03442,retail,Tue,10,1331.5,0.0,30.8,62.0,124.9,256.32
BLD-03443,office,Thu,5,4155.6,34.9,80.0,3.0,60.1,153.56
BLD-03444,retail,Sat,22,2224.6,24.6,67.3,2.0,31.58,99.77
BLD-03445,office,Tue,17,1725.5,32.7,68.0,67.0,149.13,289.64
BLD-03446,school,Sun,7,1700.3,12.6,80.3,5.0,25.33,92.33
BLD-03447,school,Fri,13,1360.4,8.0,84.3,46.0,108.76,215.4
BLD-03448,office,Sat,14,953.9,36.3,39.8,16.0,54.12,155.75
BLD-03449,office,Mon,11,3045.3,14.6,31.4,113.0,205.77,347.46
BLD-03450,clinic,Sat,11,5693.3,19.5,69.3,8.0,70.6,142.39
BLD-03451,office,Wed,1,1012.1,26.2,50.5,7.0,30.18,90.06
BLD-03452,retail,Fri,10,1394.1,28.2,52.1,57.0,125.85,223.09
BLD-03453,retail,Sat,8,3155.7,30.6,35.9,0.0,32.54,91.29
BLD-03454,school,Tue,19,2152.3,23.8,64.9,81.0,145.69,265.35
BLD-03455,office,Tue,20,3283.7,13.6,61.8,22.0,54.87,142.04
BLD-03456,office,Mon,18,2095.2,27.7,52.4,92.0,184.23,317.02
BLD-03457,office,Fri,0,1664.9,27.8,31.4,5.0,47.57,97.26
BLD-03458,school,Sat,20,1974.0,7.5,75.6,1.0,26.62,97.56
BLD-03459,clinic,Wed,9,701.2,33.3,59.3,11.0,46.76,150.41
BLD-03460,clinic,Tue,9,1270.7,2.1,74.0,45.0,95.85,220.73
BLD-03461,office,Wed,22,3468.2,30.3,19.2,3.0,36.84,95.9
BLD-03462,office,Wed,20,3898.4,16.9,56.0,1.0,48.74,96.17
BLD-03463,office,Sun,1,4320.7,27.6,42.8,2.0,36.03,114.27
BLD-03464,clinic,Mon,8,2718.5,26.1,55.6,106.0,169.96,343.99
BLD-03465,office,Wed,17,744.9,21.7,71.0,23.0,62.08,143.46
BLD-03466,office,Fri,12,1622.0,25.6,61.3,64.0,125.16,244.41
BLD-03467,school,Tue,6,4154.9,21.3,55.3,3.0,37.19,85.43
BLD-03468,school,Sun,12,4794.8,27.7,55.2,0.0,32.25,112.36
BLD-03469,office,Sun,20,4231.4,39.5,28.5,17.0,48.83,181.98
BLD-03470,retail,Wed,5,1964.1,11.3,,10.0,41.23,102.05
BLD-03471,office,Sat,17,1175.0,-3.5,74.1,0.0,17.95,114.82
BLD-03472,office,Sat,17,2157.5,18.7,46.4,8.0,52.27,103.96
BLD-03473,office,Fri,21,2215.7,18.1,74.4,0.0,36.03,92.25
BLD-03474,office,Tue,7,4664.3,19.0,69.0,165.0,283.31,500.85
BLD-03475,clinic,Mon,5,2454.2,14.6,69.9,15.0,59.54,141.98
BLD-03476,school,Wed,13,2217.7,29.0,60.7,86.0,158.8,300.9
BLD-03477,retail,Mon,12,2279.0,10.9,47.6,88.0,160.42,307.1
BLD-03478,office,Wed,9,2665.5,25.6,52.4,107.0,192.61,347.8
BLD-03479,retail,Fri,18,2971.7,27.1,65.9,115.0,224.1,395.43
BLD-03480,clinic,Fri,19,1553.8,24.5,18.9,,120.16,213.8
BLD-03481,office,Tue,5,1324.2,25.9,76.1,11.0,40.81,124.51
BLD-03482,clinic,Mon,19,4247.5,29.6,46.5,142.0,260.93,463.59
BLD-03483,school,Tue,5,1000.8,22.4,53.5,0.0,34.58,67.15
BLD-03484,retail,Thu,9,4828.7,19.2,53.7,176.0,307.91,518.94
BLD-03485,office,Sat,0,879.3,25.9,54.3,8.0,34.23,95.84
BLD-03486,school,Wed,8,1661.8,26.8,32.7,61.0,116.2,214.54
BLD-03487,school,Wed,23,3507.7,29.1,57.6,0.0,25.28,98.3
BLD-03488,clinic,Thu,10,2200.4,8.3,65.1,67.0,133.11,267.38
BLD-03489,clinic,Mon,17,1169.5,20.5,20.2,45.0,88.08,173.43
BLD-03490,office,Tue,2,2699.7,13.5,32.9,0.0,28.43,68.83
BLD-03491,clinic,Mon,15,2271.9,26.5,70.2,78.0,154.33,294.04
BLD-03492,clinic,Thu,8,1983.3,27.8,67.1,66.0,145.81,279.51
BLD-03493,school,Thu,17,1630.6,19.8,60.1,63.0,126.76,230.7
BLD-03494,office,Fri,22,2163.8,16.2,43.4,14.0,50.6,100.37
BLD-03495,office,Fri,12,1663.9,26.8,67.2,64.0,124.47,255.4
BLD-03496,office,Wed,2,7078.3,20.9,34.6,15.0,84.19,132.8
BLD-03497,office,Sun,11,1960.6,33.4,52.7,1.0,35.22,117.24
BLD-03498,clinic,Sun,2,1838.7,36.2,32.8,8.0,43.29,144.2
BLD-03499,office,Mon,10,1696.3,30.0,52.2,75.0,143.93,287.54
BLD-03500,retail,Sun,1,5162.4,23.9,37.5,3.0,32.86,98.11
BLD-03501,school,Tue,15,1001.7,36.6,67.8,,89.91,220.6
BLD-03502,school,Tue,7,2614.3,23.9,62.4,94.0,164.71,298.53
BLD-03503,office,Thu,4,1961.3,18.2,45.3,9.0,47.29,99.01
BLD-03504,school,Mon,0,1111.0,16.6,73.5,11.0,35.59,102.19
BLD-03505,school,Wed,21,1484.8,16.4,38.7,7.0,44.35,84.2
BLD-03506,school,Tue,20,2561.5,21.9,54.4,2.0,33.72,81.22
BLD-03507,office,Thu,19,1452.9,25.7,44.5,44.0,82.36,182.97
BLD-03508,retail,Sat,1,2491.9,10.7,67.6,4.0,35.06,118.19
BLD-03509,office,Sun,8,5045.3,18.4,65.9,2.0,67.24,106.01
BLD-03510,school,Tue,23,2387.7,23.7,77.1,6.0,17.82,109.49
BLD-03511,office,Thu,13,1095.0,27.1,56.4,44.0,94.04,203.42
BLD-03512,office,Thu,3,1465.2,21.8,15.0,17.0,43.26,103.63
BLD-03513,retail,Wed,3,1918.3,24.0,47.7,0.0,43.44,80.39
BLD-03514,office,Fri,6,1857.8,12.1,81.6,0.0,37.59,99.7
BLD-03515,clinic,Sun,23,2366.5,14.7,49.5,0.0,33.33,89.74
BLD-03516,clinic,Wed,4,2556.0,21.5,22.4,0.0,41.4,82.86
BLD-03517,office,Mon,21,5048.6,26.1,62.6,13.0,64.14,143.63
BLD-03518,office,Sun,16,2196.1,23.9,63.9,0.0,30.85,95.5
BLD-03519,office,Sun,22,1265.4,15.2,42.6,0.0,21.07,67.83
BLD-03520,clinic,Wed,19,3827.8,20.1,50.8,144.0,249.7,438.68
BLD-03521,school,Thu,7,4033.8,34.1,40.6,155.0,265.99,474.74
BLD-03522,office,Sun,19,2459.7,26.4,63.9,0.0,31.94,99.82
BLD-03523,school,Thu,4,1954.6,20.7,56.0,0.0,10.9,61.61
BLD-03524,office,Thu,6,2966.2,13.8,35.2,0.0,44.16,76.1
BLD-03525,school,Sun,5,1988.0,16.3,54.8,9.0,62.92,91.57
BLD-03526,school,Sat,3,820.1,22.1,42.5,5.0,28.46,68.28
BLD-03527,office,Thu,2,2883.3,24.2,79.8,0.0,45.28,99.1
BLD-03528,retail,Tue,4,3376.2,26.5,70.2,10.0,49.16,132.5
BLD-03529,office,Thu,2,4393.7,25.1,52.9,5.0,41.05,99.97
BLD-03530,school,Fri,9,1549.1,19.0,56.4,58.0,111.38,207.66
BLD-03531,school,Tue,1,2452.3,17.9,72.2,0.0,32.67,89.58
BLD-03532,clinic,Thu,1,2477.9,38.4,52.0,0.0,24.7,139.59
BLD-03533,school,Fri,23,2292.0,17.5,67.9,20.0,67.23,124.6
BLD-03534,clinic,Mon,2,2324.7,11.7,80.1,1.0,27.61,114.06
BLD-03535,office,Thu,1,2239.6,8.9,46.7,0.0,20.23,84.21
BLD-03536,retail,Sat,0,2435.4,19.2,83.0,1.0,33.04,104.5
BLD-03537,office,Tue,3,3139.3,29.5,78.0,5.0,35.12,123.77
BLD-03538,retail,Thu,12,3951.9,17.4,59.2,152.0,262.53,457.87
BLD-03539,office,Fri,19,1530.2,33.8,47.5,64.0,123.58,258.49
BLD-03540,clinic,Mon,17,2025.4,21.9,59.0,71.0,123.2,259.49
BLD-03541,clinic,Fri,13,1796.1,30.9,50.8,78.0,160.77,298.96
BLD-03542,office,Tue,2,1676.9,15.9,41.5,11.0,53.33,90.55
BLD-03543,school,Wed,18,1012.8,16.1,64.0,37.0,75.25,167.48
BLD-03544,school,Fri,0,2225.7,22.7,37.6,3.0,35.21,72.86
BLD-03545,office,Mon,15,2769.1,25.9,49.2,108.0,201.43,360.78
BLD-03546,retail,Mon,9,2042.2,20.6,49.5,86.0,161.26,291.64
BLD-03547,retail,Thu,21,2190.6,24.3,31.8,0.0,49.56,80.22
BLD-03548,school,Sun,7,2689.4,26.7,66.2,5.0,37.87,100.83
BLD-03549,office,Mon,15,4331.0,10.6,51.1,158.0,288.21,487.31
BLD-03550,clinic,Sat,10,1798.5,19.3,77.1,0.0,15.85,103.06
BLD-03551,office,Mon,12,1253.7,17.9,50.8,44.0,81.21,182.52
BLD-03552,school,Thu,22,2106.5,18.2,48.1,12.0,65.27,103.25
BLD-03553,office,Thu,17,5433.4,25.3,39.6,202.0,342.41,579.9
BLD-03554,office,Thu,9,1260.1,18.0,55.7,66.0,114.37,225.08
BLD-03555,office,Mon,10,3005.7,6.0,55.8,107.0,194.05,354.99
BLD-03556,office,Sat,16,3835.3,20.1,67.6,5.0,57.48,114.1
BLD-03557,school,Tue,8,706.8,13.5,56.1,32.0,65.19,138.78
BLD-03558,school,Sat,4,2678.8,26.0,90.6,11.0,48.8,129.79
BLD-03559,retail,Fri,11,2939.1,28.4,62.8,120.0,195.21,389.29
BLD-03560,retail,Thu,1,1935.1,4.6,38.2,5.0,32.55,104.28
BLD-03561,office,Wed,4,1613.1,15.8,36.8,0.0,38.42,59.63
BLD-03562,office,Fri,10,1656.9,24.8,64.1,57.0,106.28,223.95
BLD-03563,school,Sun,19,1879.0,10.7,37.7,5.0,24.3,71.06
BLD-03564,retail,Sun,18,1903.0,28.3,65.1,13.0,41.35,130.24
BLD-03565,school,Sun,6,1738.3,30.4,70.2,0.0,22.86,95.85
BLD-03566,office,Tue,10,1864.7,20.7,70.6,61.0,128.61,238.74
BLD-03567,retail,Fri,3,3896.3,15.8,40.2,10.0,56.38,96.54
BLD-03568,office,Wed,18,1228.2,3.5,70.7,38.0,89.64,197.47
BLD-03569,school,Sun,5,950.2,28.5,60.5,0.0,26.09,86.41
BLD-03570,office,Sun,19,3926.4,38.0,44.7,13.0,51.01,161.75
BLD-03571,retail,Sun,20,2006.3,36.4,,2.0,25.26,130.62
BLD-03572,office,Tue,16,1826.0,20.4,63.0,67.0,134.13,240.09
BLD-03573,retail,Wed,7,2085.6,13.3,43.6,89.0,179.73,292.63
BLD-03574,office,Fri,22,2432.5,28.7,60.1,0.0,22.32,89.32
BLD-03575,school,Sat,16,1710.7,21.0,79.6,0.0,18.66,98.79
BLD-03576,office,Wed,15,2804.7,25.8,71.4,117.0,197.36,385.47
BLD-03577,retail,Mon,20,1386.2,24.4,56.4,6.0,44.86,102.72
BLD-03578,office,Mon,21,1903.3,22.7,59.0,9.0,42.69,94.87
BLD-03579,office,Fri,1,759.9,30.2,45.9,2.0,33.59,93.04
BLD-03580,retail,Thu,21,3861.8,30.5,46.3,3.0,36.87,116.63
BLD-03581,office,Thu,18,2021.7,17.8,28.9,71.0,142.77,238.48
BLD-03582,office,Sat,4,3034.7,14.6,59.3,7.0,41.76,103.47
BLD-03583,retail,Mon,7,2765.5,2.0,66.6,109.0,181.11,367.05
BLD-03584,retail,Sat,18,2864.4,19.2,53.8,6.0,51.69,109.97
BLD-03585,retail,Tue,5,2191.8,13.3,40.1,12.0,48.4,104.01
BLD-03586,office,Sun,10,2650.7,25.4,56.1,9.0,43.0,115.11
BLD-03587,school,Sun,16,1386.9,19.3,77.8,0.0,30.36,84.67
BLD-03588,retail,Thu,15,1253.9,20.2,70.3,48.0,84.57,195.17
BLD-03589,office,Wed,21,2095.8,28.5,54.5,0.0,34.69,107.3
BLD-03590,retail,Tue,2,1587.5,25.2,89.8,10.0,37.39,129.46
BLD-03591,office,Tue,7,4360.9,21.1,98.0,163.0,282.38,509.0
BLD-03592,clinic,Sun,23,2634.1,35.5,46.8,5.0,51.43,146.47
BLD-03593,school,Tue,13,1559.8,27.9,50.8,68.0,136.66,268.14
BLD-03594,school,Thu,5,1931.2,18.7,66.8,0.0,27.96,77.53
BLD-03595,school,Thu,6,2345.0,19.0,39.5,0.0,30.37,71.68
BLD-03596,office,Fri,8,2129.3,28.3,69.4,76.0,118.91,272.95
BLD-03597,office,Sat,13,2506.5,23.6,56.7,6.0,32.81,103.58
BLD-03598,retail,Thu,6,2273.7,13.0,61.3,8.0,44.77,108.12
BLD-03599,school,Sat,14,1128.6,29.2,45.2,4.0,24.87,92.55
BLD-03600,school,Thu,10,783.5,32.1,41.6,21.0,43.37,142.02
BLD-03601,office,Thu,14,1838.8,31.5,21.2,73.0,143.66,268.07
BLD-03602,retail,Tue,3,2879.1,34.3,80.2,5.0,54.08,161.95
BLD-03603,office,Tue,14,1848.8,38.6,71.0,58.0,109.18,289.45
BLD-03604,office,Thu,22,3982.9,35.8,66.4,2.0,49.68,156.81
BLD-03605,clinic,Mon,3,2151.0,24.7,60.9,7.0,48.35,120.64
BLD-03606,school,Wed,7,4220.3,20.3,15.8,168.0,281.11,446.78
BLD-03607,school,Thu,16,3824.3,7.4,42.2,132.0,228.02,402.8
BLD-03608,clinic,Thu,14,3644.0,22.1,50.6,140.0,264.61,442.73
BLD-03609,office,Sat,16,1234.6,26.2,36.6,0.0,15.77,74.77
BLD-03610,clinic,Sun,13,2218.2,22.3,26.2,0.0,24.78,87.91
BLD-03611,retail,Sat,16,3956.6,6.9,38.4,0.0,57.48,118.5
BLD-03612,school,Mon,14,2507.2,19.7,55.8,98.0,173.34,312.39
BLD-03613,office,Wed,1,2870.7,27.2,55.8,5.0,54.51,127.15
BLD-03614,office,Sat,18,1130.1,13.8,70.4,1.0,17.8,81.67
BLD-03615,office,Fri,10,5526.1,23.3,,205.0,352.99,608.36
BLD-03616,office,Thu,1,1504.7,25.5,66.7,4.0,44.88,95.13
BLD-03617,office,Thu,9,844.6,30.9,52.0,35.0,73.2,168.24
BLD-03618,school,Wed,10,1858.8,35.7,85.6,68.0,132.43,290.9
BLD-03619,retail,Fri,2,679.5,19.0,28.1,0.0,32.16,67.82
BLD-03620,office,Tue,23,1306.8,23.5,19.7,18.0,45.21,99.47
BLD-03621,retail,Thu,5,7512.3,23.7,39.9,15.0,96.95,148.66
BLD-03622,clinic,Tue,7,1833.2,27.2,68.8,,162.71,305.38
BLD-03623,retail,Fri,10,1108.6,26.3,57.9,39.0,81.36,188.3
BLD-03624,retail,Sun,19,2226.9,33.4,35.8,0.0,28.56,97.05
BLD-03625,retail,Thu,17,1429.8,3.3,42.6,52.0,124.84,238.15
BLD-03626,office,Wed,18,3331.5,25.3,33.9,132.0,229.78,402.55
BLD-03627,office,Sun,5,1435.4,25.9,33.9,4.0,29.02,83.51
BLD-03628,clinic,Fri,20,2505.3,20.1,81.4,0.0,43.48,117.76
BLD-03629,retail,Wed,19,1268.5,3.9,52.6,52.0,91.07,202.5
BLD-03630,retail,Mon,11,7659.8,21.5,85.1,272.0,459.86,780.96
BLD-03631,clinic,Mon,13,2801.6,16.3,39.9,,173.55,321.16
BLD-03632,office,Tue,0,2051.6,35.4,63.3,5.0,30.67,134.37
BLD-03633,office,Tue,18,1911.4,25.0,58.9,68.0,115.99,248.63
BLD-03634,school,Sat,23,1686.6,15.6,70.0,4.0,35.44,96.42
BLD-03635,office,Thu,11,1526.9,5.6,59.3,37.0,90.49,191.88
BLD-03636,school,Sun,12,1506.9,26.7,71.7,0.0,21.24,92.54
BLD-03637,retail,Thu,11,4923.7,27.6,64.4,179.0,298.4,547.83
BLD-03638,school,Sun,1,1687.4,20.3,36.4,0.0,41.31,54.31
BLD-03639,office,Thu,14,791.6,26.8,67.5,20.0,60.45,148.75
BLD-03640,retail,Wed,17,1257.1,19.2,53.2,49.0,96.91,201.12
BLD-03641,office,Sat,22,3434.1,30.5,41.8,10.0,59.94,130.94
BLD-03642,clinic,Thu,22,1949.0,29.9,66.8,0.0,32.21,125.38
BLD-03643,office,Tue,11,2062.9,8.9,70.7,76.0,162.14,289.2
BLD-03644,retail,Thu,23,3857.3,10.8,46.8,2.0,47.07,102.37
BLD-03645,school,Fri,12,1515.0,38.3,49.0,46.0,83.16,242.58
BLD-03646,office,Wed,15,2980.3,29.5,31.4,120.0,207.33,374.41
BLD-03647,school,Fri,14,1596.6,11.9,24.3,60.0,112.28,212.76
BLD-03648,office,Sun,23,2900.5,9.4,50.9,3.0,41.2,104.3
BLD-03649,school,Wed,17,1823.4,23.7,68.5,72.0,134.26,261.42
BLD-03650,retail,Wed,2,1959.2,12.9,45.3,0.0,18.56,72.03
BLD-03651,retail,Wed,1,3261.3,19.5,79.3,11.0,57.44,132.96
BLD-03652,office,Sat,9,3150.3,21.6,51.5,12.0,62.6,111.14
BLD-03653,retail,Tue,12,2032.1,21.3,51.6,78.0,146.1,267.99
BLD-03654,retail,Sun,16,1754.3,31.0,50.1,8.0,43.11,131.49
BLD-03655,retail,Wed,11,4740.1,36.7,71.7,171.0,287.78,558.11
BLD-03656,office,Sat,12,2919.3,18.2,38.7,11.0,44.95,102.83
BLD-03657,office,Sat,22,1823.4,13.0,52.8,0.0,24.48,68.5
BLD-03658,clinic,Sat,8,1608.0,25.1,45.7,4.0,40.02,103.72
BLD-03659,office,Sun,11,3598.1,35.1,45.5,4.0,44.95,149.11
BLD-03660,office,Tue,13,2325.3,18.8,55.6,87.0,158.5,304.78
BLD-03661,retail,Fri,11,2033.9,28.8,53.1,85.0,153.94,298.97
BLD-03662,office,Mon,23,2324.8,15.3,72.9,22.0,44.62,127.95
BLD-03663,retail,Wed,23,2587.3,22.2,54.8,3.0,52.91,98.18
BLD-03664,office,Mon,12,2140.9,12.7,64.4,84.0,135.71,288.64
BLD-03665,retail,Fri,10,3920.5,22.1,57.9,138.0,248.9,427.02
BLD-03666,clinic,Fri,14,4026.7,21.1,78.9,156.0,272.48,498.3
BLD-03667,clinic,Sat,4,2839.9,26.9,49.9,0.0,30.7,106.03
BLD-03668,clinic,Tue,10,4256.0,36.2,49.9,181.0,310.44,569.41
BLD-03669,clinic,Wed,5,2209.0,18.9,67.7,0.0,24.21,95.37
BLD-03670,office,Fri,3,3064.3,6.0,49.6,21.0,72.29,140.3
BLD-03671,clinic,Sat,2,3563.0,20.4,63.5,12.0,41.12,123.46
BLD-03672,clinic,Sun,14,3588.0,24.4,94.7,0.0,39.63,132.59
BLD-03673,school,Mon,0,3414.9,23.6,38.4,23.0,63.38,131.17
BLD-03674,office,Wed,15,2978.5,20.7,81.0,103.0,184.14,347.58
BLD-03675,office,Mon,10,5628.7,33.9,46.6,203.0,345.02,612.95
BLD-03676,school,Sat,8,1697.9,23.1,77.7,0.0,27.14,96.86
BLD-03677,retail,Mon,18,2042.0,21.2,66.7,76.0,149.19,269.66
BLD-03678,office,Sat,12,1984.7,15.8,65.2,4.0,35.58,100.85
BLD-03679,office,Tue,17,1843.7,8.0,52.4,76.0,152.7,279.18
BLD-03680,school,Mon,17,846.9,24.6,50.7,54.0,116.84,207.36
BLD-03681,office,Sun,0,4256.3,24.0,42.7,0.0,42.11,83.89
BLD-03682,clinic,Thu,5,1344.4,13.5,55.1,0.0,34.2,84.07
BLD-03683,office,Wed,13,2386.8,21.6,51.9,94.0,192.8,319.85
BLD-03684,office,Fri,23,1111.8,20.8,58.2,0.0,12.31,74.66
BLD-03685,office,Tue,3,2963.6,17.0,31.0,19.0,73.12,118.73
BLD-03686,retail,Fri,2,1509.0,15.7,55.4,4.0,49.48,87.02
BLD-03687,retail,Thu,22,1275.3,25.2,76.5,0.0,31.44,98.86
BLD-03688,office,Tue,23,2415.1,20.2,71.0,0.0,50.7,104.97
BLD-03689,office,Wed,4,1571.6,17.3,55.4,9.0,59.52,96.99
BLD-03690,office,Mon,9,1670.1,15.1,98.0,61.0,116.81,242.43
BLD-03691,office,Wed,15,2389.1,21.0,45.2,101.0,180.45,320.71
BLD-03692,retail,Fri,4,3229.9,29.4,53.5,2.0,43.23,122.93
BLD-03693,office,Mon,7,1485.3,23.7,30.3,68.0,123.7,217.38
BLD-03694,school,Mon,9,1367.1,20.1,48.1,42.0,117.58,179.55
BLD-03695,office,Fri,15,2224.9,24.5,85.4,70.0,143.79,285.61
BLD-03696,school,Wed,7,2849.9,32.9,48.8,112.0,201.86,362.4
BLD-03697,office,Mon,9,4439.7,25.9,29.0,159.0,264.16,452.78
BLD-03698,office,Sat,6,1315.5,24.1,69.8,2.0,32.78,90.73
BLD-03699,office,Sat,18,1888.6,27.1,61.6,0.0,17.7,98.71
BLD-03700,office,Mon,3,3868.4,20.7,69.1,0.0,45.07,101.21
BLD-03701,office,Tue,5,5672.0,23.5,50.0,9.0,33.17,117.64
BLD-03702,clinic,Wed,5,1365.8,18.1,37.9,4.0,47.3,80.6
BLD-03703,office,Sat,21,1543.2,9.6,51.9,0.0,23.93,81.36
BLD-03704,office,Mon,22,2641.6,24.7,64.4,10.0,30.65,92.55
BLD-03705,office,Sat,12,1667.2,24.8,53.8,13.0,48.0,126.36
BLD-03706,retail,Wed,3,1528.1,19.7,61.6,3.0,32.78,97.41
BLD-03707,clinic,Mon,18,2473.9,30.3,45.9,100.0,181.25,349.83
BLD-03708,retail,Sun,11,4628.3,16.2,62.2,0.0,54.31,99.15
BLD-03709,school,Mon,20,1173.4,7.8,54.9,9.0,44.0,100.08
BLD-03710,retail,Mon,8,4516.1,16.4,43.0,167.0,298.53,496.37
BLD-03711,office,Sun,23,1669.6,9.7,57.4,0.0,26.19,86.09
BLD-03712,retail,Thu,19,2597.2,24.7,48.4,113.0,206.16,370.78
BLD-03713,retail,Thu,5,4721.2,16.0,65.5,6.0,36.8,111.93
BLD-03714,office,Fri,17,2571.8,29.9,,91.0,171.37,345.84
BLD-03715,school,Fri,6,1907.2,29.7,63.5,4.0,28.05,92.75
BLD-03716,office,Fri,8,3105.5,14.6,27.2,108.0,209.62,325.47
BLD-03717,office,Mon,6,2024.5,15.5,38.6,0.0,30.85,60.95
BLD-03718,retail,Thu,16,2825.6,26.3,44.2,101.0,191.43,345.01
BLD-03719,office,Tue,6,1994.1,29.8,41.5,1.0,34.1,88.22
BLD-03720,retail,Sat,15,3326.1,5.9,45.8,0.0,53.37,120.74
BLD-03721,clinic,Thu,13,1126.6,24.3,70.7,54.0,91.9,231.29
BLD-03722,school,Mon,18,1352.5,4.4,66.9,46.0,95.27,206.41
BLD-03723,office,Sun,23,1118.7,17.6,47.8,0.0,16.87,63.71
BLD-03724,school,Tue,0,2141.2,30.7,65.1,0.0,10.07,90.16
BLD-03725,retail,Tue,23,1055.8,43.0,60.6,0.0,15.97,155.82
BLD-03726,office,Sun,2,1578.3,20.1,54.4,12.0,58.03,104.28
BLD-03727,office,Sat,12,1292.9,12.0,74.5,6.0,35.87,113.37
BLD-03728,school,Sun,8,4475.9,17.9,43.8,10.0,52.71,112.84
BLD-03729,clinic,Fri,15,1367.4,22.5,55.9,61.0,126.7,240.1
BLD-03730,office,Sun,17,1186.4,16.6,37.1,1.0,29.4,78.93
BLD-03731,office,Mon,20,2478.5,14.6,38.0,16.0,62.05,112.53
BLD-03732,clinic,Fri,9,4943.8,18.6,31.9,176.0,309.0,518.26
BLD-03733,office,Wed,22,2080.8,25.2,38.2,0.0,35.75,69.84
BLD-03734,office,Wed,7,2159.5,20.6,56.4,84.0,152.14,270.18
BLD-03735,school,Tue,4,4087.9,14.9,49.9,5.0,56.32,93.68
BLD-03736,office,Tue,9,3353.5,16.6,50.4,125.0,210.79,384.68
BLD-03737,office,Thu,12,2698.4,18.7,49.9,108.0,193.93,339.12
BLD-03738,school,Sun,16,1663.5,14.0,85.1,5.0,47.12,114.62
BLD-03739,retail,Fri,19,2738.2,16.3,35.7,104.0,187.41,323.58
BLD-03740,school,Wed,5,1144.9,27.1,33.9,15.0,44.77,100.44
BLD-03741,office,Thu,7,1630.8,20.2,40.6,64.0,147.41,216.61
BLD-03742,school,Thu,22,4373.5,8.0,53.8,8.0,65.68,109.75
BLD-03743,school,Tue,10,4110.0,30.2,63.8,139.0,248.36,445.3
BLD-03744,retail,Thu,5,2714.1,25.3,65.5,34.0,74.15,175.21
BLD-03745,retail,Fri,23,871.4,10.9,71.1,0.0,5.13,77.05
BLD-03746,retail,Tue,10,1231.8,19.1,53.2,44.0,100.01,188.47
BLD-03747,clinic,Fri,23,1587.7,15.7,48.3,0.0,41.01,99.66
BLD-03748,retail,Fri,22,2026.0,27.4,82.8,21.0,65.56,171.96
BLD-03749,office,Thu,21,1207.1,19.0,15.0,0.0,9.72,43.89
BLD-03750,clinic,Wed,13,1954.7,21.4,56.1,77.0,146.92,280.51
BLD-03751,clinic,Thu,19,5138.5,20.5,62.3,183.0,312.19,549.71
BLD-03752,office,Sat,23,2666.7,10.2,86.9,0.0,34.28,107.71
BLD-03753,office,Tue,6,2443.7,33.2,26.8,9.0,64.71,131.73
BLD-03754,school,Fri,0,1349.9,27.3,47.9,0.0,35.29,82.49
BLD-03755,office,Fri,7,1001.7,16.0,31.9,41.0,93.27,156.16
BLD-03756,retail,Wed,15,1220.1,23.5,24.4,53.0,105.93,192.66
BLD-03757,school,Wed,13,982.5,29.8,51.5,54.0,111.07,225.49
BLD-03758,office,Sun,1,2280.7,22.4,69.2,0.0,23.89,70.71
BLD-03759,office,Wed,13,2645.1,34.5,75.5,97.0,183.63,373.18
BLD-03760,clinic,Fri,4,1384.2,43.0,46.0,3.0,30.1,150.65
BLD-03761,office,Tue,12,2361.9,21.0,66.3,88.0,155.23,299.3
BLD-03762,retail,Sun,13,4453.0,17.3,51.6,25.0,85.46,159.05
BLD-03763,office,Fri,15,5630.2,14.1,64.5,204.0,328.21,595.38
BLD-03764,school,Sat,9,3184.4,4.3,74.6,0.0,29.29,108.44
BLD-03765,school,Fri,9,2022.9,32.0,51.7,75.0,148.72,282.59
BLD-03766,office,Wed,16,3135.4,19.2,73.3,115.0,219.29,380.4
BLD-03767,retail,Wed,17,4209.4,29.0,34.4,152.0,271.55,465.76
BLD-03768,retail,Fri,19,839.4,30.6,66.2,28.0,60.64,178.77
BLD-03769,office,Sun,8,4481.0,13.4,72.6,0.0,39.41,107.48
BLD-03770,office,Mon,10,1693.9,14.6,70.8,82.0,154.69,280.36
BLD-03771,retail,Sat,7,1701.8,36.0,34.9,7.0,54.91,129.02
BLD-03772,retail,Sat,12,1855.4,21.4,51.5,2.0,41.63,91.78
BLD-03773,school,Mon,3,2565.4,16.7,60.1,21.0,73.04,130.53
BLD-03774,retail,Mon,10,1290.5,13.6,62.5,43.0,92.32,182.75
BLD-03775,office,Fri,4,1918.9,20.9,57.0,,32.47,91.76
BLD-03776,office,Sat,12,2830.9,34.1,79.3,0.0,19.26,131.27
BLD-03777,retail,Wed,20,2443.4,27.5,33.0,10.0,43.76,107.81
BLD-03778,retail,Fri,23,2641.2,23.5,50.9,0.0,39.56,87.47
BLD-03779,retail,Sun,10,1883.2,34.7,26.3,8.0,36.51,129.94
BLD-03780,office,Wed,1,3069.3,33.2,65.6,20.0,70.0,173.36
BLD-03781,school,Tue,5,3653.0,24.7,64.4,5.0,36.17,103.84
BLD-03782,retail,Sun,2,3549.3,43.0,98.0,0.0,29.79,190.11
BLD-03783,office,Tue,18,2701.2,20.0,72.4,101.0,198.38,338.02
BLD-03784,school,Thu,23,3452.6,30.8,60.6,8.0,55.48,135.18
BLD-03785,school,Thu,13,3342.0,18.9,59.3,131.0,228.8,382.68
BLD-03786,office,Thu,4,7950.1,29.2,49.6,16.0,69.49,162.25
BLD-03787,office,Tue,0,3947.7,20.0,57.2,16.0,71.28,127.7
BLD-03788,office,Fri,23,2108.3,25.7,59.7,3.0,43.7,99.74
BLD-03789,clinic,Fri,7,1420.3,41.1,21.6,49.0,107.57,247.45
BLD-03790,office,Tue,2,1940.8,29.6,58.3,0.0,27.98,102.26
BLD-03791,office,Thu,4,1876.1,25.8,56.7,0.0,18.56,86.1
BLD-03792,office,Mon,6,2812.1,15.8,84.8,8.0,45.1,108.54
BLD-03793,office,Tue,15,1572.0,23.5,52.8,49.0,115.86,206.23
BLD-03794,office,Sun,21,3898.9,13.9,42.0,0.0,28.51,70.97
BLD-03795,school,Thu,6,1129.2,29.1,59.6,8.0,38.99,110.62
BLD-03796,office,Fri,16,1004.9,28.9,56.3,35.0,94.88,183.64
BLD-03797,office,Sun,1,2061.8,20.6,52.8,7.0,37.7,86.41
BLD-03798,office,Fri,0,1468.2,35.3,33.3,0.0,26.6,93.95
BLD-03799,office,Sat,1,1202.6,34.2,52.3,6.0,22.31,117.62
BLD-03800,office,Fri,22,1620.4,23.2,45.2,0.0,34.71,66.5
BLD-03801,school,Thu,13,1526.4,26.5,51.3,43.0,85.2,175.91
BLD-03802,retail,Fri,19,2210.7,17.3,67.4,91.0,151.8,302.71
BLD-03803,retail,Wed,0,1633.3,19.8,43.5,0.0,19.0,75.33
BLD-03804,office,Sun,0,1698.4,13.4,51.2,2.0,33.88,82.61
BLD-03805,retail,Tue,20,2194.9,18.2,64.2,0.0,14.98,73.29
BLD-03806,retail,Sun,2,3579.8,21.2,50.4,8.0,34.46,101.51
BLD-03807,office,Sun,3,4456.7,8.7,98.0,7.0,55.92,147.51
BLD-03808,office,Mon,12,2361.7,26.6,59.2,93.0,170.22,318.9
BLD-03809,retail,Fri,14,2451.5,30.2,33.9,87.0,153.17,308.93
BLD-03810,office,Sun,5,2014.8,21.9,40.7,4.0,32.85,74.53
BLD-03811,office,Fri,10,2771.7,0.4,39.0,106.0,209.47,358.0
BLD-03812,school,Wed,16,2653.2,20.0,41.0,111.0,211.93,338.78
BLD-03813,office,Sun,10,4157.3,10.9,64.1,6.0,46.55,122.03
BLD-03814,clinic,Thu,9,888.6,17.1,36.2,28.0,75.72,147.2
BLD-03815,office,Mon,1,1965.8,33.6,49.4,6.0,40.07,121.15
BLD-03816,office,Tue,10,2589.0,2.5,74.4,95.0,157.11,339.43
BLD-03817,office,Fri,19,2172.4,15.5,46.2,66.0,110.16,215.33
BLD-03818,office,Thu,15,1401.7,28.6,66.4,39.0,77.01,193.11
BLD-03819,clinic,Tue,21,1179.1,16.4,26.4,3.0,15.46,60.97
BLD-03820,retail,Sat,3,3239.7,15.8,48.7,4.0,43.67,89.37
BLD-03821,clinic,Mon,0,1529.8,38.3,39.9,2.0,25.62,127.5
BLD-03822,school,Tue,13,947.5,25.0,60.1,45.0,97.54,186.96
BLD-03823,office,Thu,4,3318.8,29.5,37.4,0.0,39.68,101.32
BLD-03824,office,Mon,14,2742.2,26.0,90.2,91.0,176.37,335.78
BLD-03825,office,Wed,21,2081.0,23.3,27.1,0.0,21.02,57.11
BLD-03826,clinic,Sun,8,1418.3,32.1,74.3,0.0,32.83,127.34
BLD-03827,school,Sun,13,2083.4,37.2,,4.0,26.78,132.8
BLD-03828,school,Sun,16,3943.0,8.5,60.3,0.0,44.89,109.26
BLD-03829,school,Wed,3,1013.5,21.7,55.9,0.0,38.28,57.38
BLD-03830,retail,Mon,21,1038.5,21.7,86.5,0.0,33.39,91.71
BLD-03831,office,Sat,4,1627.6,18.6,97.0,5.0,34.24,108.22
BLD-03832,retail,Wed,19,2172.0,29.8,51.5,73.0,145.86,282.99
BLD-03833,retail,Sat,15,1733.7,24.1,57.7,0.0,13.6,89.04
BLD-03834,retail,Mon,3,2995.2,37.4,45.6,9.0,29.89,148.7
BLD-03835,office,Fri,17,3710.2,30.8,35.1,149.0,265.01,471.09
BLD-03836,office,Fri,4,2515.0,32.9,62.9,3.0,49.64,141.99
BLD-03837,school,Sun,14,2879.1,12.4,59.2,6.0,30.2,100.25
BLD-03838,retail,Mon,23,2506.9,15.6,27.6,6.0,41.18,83.32
BLD-03839,clinic,Wed,22,2210.1,16.2,62.8,0.0,35.23,94.89
BLD-03840,school,Sun,20,1182.4,32.6,59.8,11.0,37.08,121.9
BLD-03841,office,Wed,11,1343.2,14.3,44.8,62.0,116.98,221.4
BLD-03842,office,Fri,13,1150.3,14.5,43.7,60.0,122.73,225.68
BLD-03843,school,Tue,7,2048.6,13.0,62.2,74.0,142.28,237.13
BLD-03844,office,Sat,22,2459.5,43.0,82.4,0.0,32.96,170.29
BLD-03845,school,Tue,11,1097.3,20.9,61.8,54.0,97.57,208.78
BLD-03846,retail,Fri,18,2278.0,26.2,68.3,89.0,164.3,318.13
BLD-03847,office,Sun,8,1445.4,12.9,40.9,11.0,40.3,95.25
BLD-03848,office,Fri,17,1316.8,29.7,48.0,46.0,92.82,194.14
BLD-03849,office,Thu,5,1629.5,7.8,65.3,6.0,32.1,107.76
BLD-03850,office,Tue,17,1284.8,14.2,31.9,41.0,88.37,169.31
BLD-03851,retail,Wed,1,2943.7,16.1,58.5,4.0,31.09,96.65
BLD-03852,office,Sat,2,2029.6,23.8,63.4,1.0,31.74,83.35
BLD-03853,office,Tue,8,3253.6,15.7,54.3,139.0,239.86,414.54
BLD-03854,office,Fri,11,1778.2,34.2,60.4,72.0,127.79,283.56
BLD-03855,office,Thu,17,1810.7,26.0,56.0,51.0,86.26,197.85
BLD-03856,retail,Wed,8,5406.9,16.5,44.4,197.0,348.6,571.65
BLD-03857,school,Sat,0,1009.4,30.0,35.0,7.0,44.0,103.48
BLD-03858,school,Wed,7,4075.6,18.9,53.5,146.0,249.25,419.74
BLD-03859,school,Wed,10,4867.7,17.3,77.2,169.0,301.79,501.24
BLD-03860,office,Thu,13,3177.4,29.2,72.4,123.0,208.96,403.33
BLD-03861,school,Sat,15,1877.3,2.4,49.1,0.0,26.44,97.34
BLD-03862,office,Sun,5,4363.9,27.9,48.8,9.0,47.65,115.35
BLD-03863,clinic,Fri,14,1885.2,16.3,47.5,63.0,121.26,247.81
BLD-03864,office,Fri,15,1567.8,16.3,47.5,56.0,118.73,210.05
BLD-03865,office,Sat,18,1825.9,37.7,59.9,12.0,43.28,164.38
BLD-03866,office,Tue,12,1673.2,17.8,73.0,68.0,127.3,246.91
BLD-03867,retail,Tue,19,1396.7,29.6,93.5,54.0,116.02,257.17
BLD-03868,office,Thu,5,3748.1,24.2,40.9,4.0,43.61,97.77
BLD-03869,clinic,Fri,17,1517.7,25.1,66.1,59.0,110.65,231.9
BLD-03870,office,Fri,1,2168.9,20.0,64.2,0.0,33.08,79.57
BLD-03871,retail,Tue,2,1100.2,19.6,49.4,0.0,36.33,75.98
BLD-03872,retail,Sat,20,2232.8,34.2,37.6,9.0,54.99,134.51
BLD-03873,office,Wed,11,1263.2,29.4,59.7,61.0,105.31,246.11
BLD-03874,office,Sun,14,1248.4,18.0,91.0,9.0,27.75,112.85
BLD-03875,office,Sat,14,2087.6,13.6,59.6,6.0,49.34,111.59
BLD-03876,retail,Sun,16,3653.9,17.3,41.6,0.0,33.74,92.99
BLD-03877,retail,Fri,5,2717.9,29.9,52.3,11.0,27.37,123.91
BLD-03878,office,Thu,4,2809.0,31.4,35.6,8.0,37.94,119.67
BLD-03879,office,Tue,1,2067.0,26.4,55.3,10.0,40.88,100.99
BLD-03880,office,Wed,20,1872.6,9.1,66.6,12.0,44.36,118.15
BLD-03881,office,Sun,5,3216.2,28.0,43.2,17.0,68.01,132.11
BLD-03882,school,Wed,13,1678.9,32.4,15.0,55.0,101.92,213.48
BLD-03883,office,Mon,10,3283.7,23.4,59.7,111.0,210.99,357.34
BLD-03884,office,Tue,3,3981.7,37.8,46.5,5.0,48.28,150.9
BLD-03885,retail,Fri,9,1469.0,11.4,42.2,49.0,88.51,189.74
BLD-03886,retail,Fri,1,1576.4,27.5,42.1,0.0,25.11,85.87
BLD-03887,retail,Sun,4,1693.0,13.8,61.8,14.0,54.72,120.99
BLD-03888,office,Sun,3,1088.0,30.5,48.1,0.0,26.75,95.49
BLD-03889,clinic,Thu,19,1756.2,26.9,70.8,67.0,133.31,263.03
BLD-03890,school,Thu,13,4108.9,36.4,71.2,138.0,239.56,476.59
BLD-03891,school,Sat,22,1331.9,26.0,50.4,5.0,40.38,79.59
BLD-03892,office,Mon,10,4156.0,18.8,46.1,162.0,277.64,454.42
BLD-03893,clinic,Fri,4,1786.8,18.1,57.2,14.0,75.61,143.25
BLD-03894,school,Thu,14,6069.0,20.0,52.5,229.0,376.58,634.87
BLD-03895,retail,Sat,22,1586.0,17.9,25.2,3.0,59.82,77.45
BLD-03896,retail,Sat,12,2053.1,32.8,87.5,13.0,40.2,156.0
BLD-03897,retail,Fri,0,1421.3,32.2,67.1,7.0,50.9,134.55
BLD-03898,retail,Fri,7,1581.5,10.0,47.1,57.0,122.1,219.5
BLD-03899,clinic,Fri,22,4182.0,22.3,22.4,7.0,40.13,98.85
BLD-03900,office,Fri,12,2762.8,22.5,51.9,110.0,204.05,342.94
BLD-03901,office,Tue,22,3604.9,15.7,45.0,0.0,31.46,76.27
BLD-03902,retail,Tue,12,1170.0,25.5,54.0,37.0,84.93,182.12
BLD-03903,school,Sat,0,3012.5,33.7,18.2,3.0,40.03,103.35
BLD-03904,school,Fri,20,1380.1,29.1,47.0,0.0,24.03,82.77
BLD-03905,retail,Tue,18,1157.8,32.8,48.0,35.0,74.81,195.8
BLD-03906,school,Sun,17,2467.2,16.3,51.7,1.0,36.78,81.33
BLD-03907,retail,Sun,23,2455.1,22.3,51.0,12.0,40.78,115.91
BLD-03908,office,Fri,4,2257.1,15.9,,12.0,40.37,102.08
BLD-03909,retail,Tue,21,3104.6,23.9,80.9,7.0,54.47,130.74
BLD-03910,office,Sun,5,3346.0,24.6,46.2,5.0,47.17,103.5
BLD-03911,school,Tue,23,4454.6,29.7,39.5,21.0,58.25,134.61
BLD-03912,clinic,Thu,4,1242.5,32.5,25.6,0.0,16.94,98.93
BLD-03913,office,Sun,13,4524.1,27.5,46.3,6.0,27.73,111.41
BLD-03914,office,Thu,18,5430.2,15.1,31.2,193.0,342.32,543.01
BLD-03915,office,Tue,1,1845.3,11.2,71.3,0.0,36.27,90.11
BLD-03916,school,Mon,1,987.7,26.2,53.4,13.0,34.56,102.4
BLD-03917,office,Wed,20,1132.4,34.0,71.0,2.0,36.03,116.02
BLD-03918,office,Fri,1,1762.6,21.8,79.9,10.0,63.91,120.33
BLD-03919,clinic,Sat,14,5784.9,9.8,40.3,2.0,32.75,116.66
BLD-03920,office,Tue,22,2218.1,38.7,49.1,14.0,45.72,169.08
BLD-03921,school,Tue,14,1635.9,25.9,77.6,54.0,93.93,217.52
BLD-03922,school,Fri,11,1583.2,23.4,58.2,70.0,142.82,255.73
BLD-03923,office,Tue,10,1166.0,12.7,63.9,53.0,105.2,211.08
BLD-03924,office,Mon,15,3347.6,22.1,72.6,109.0,194.91,358.9
BLD-03925,clinic,Thu,13,2104.9,27.5,70.2,75.0,145.19,305.95
BLD-03926,retail,Thu,12,6027.8,26.0,62.0,227.0,381.04,673.76
BLD-03927,office,Tue,3,2974.3,16.6,78.7,17.0,55.38,133.07
BLD-03928,retail,Tue,15,3276.7,21.5,53.8,127.0,228.35,394.02
BLD-03929,school,Tue,17,1958.6,17.1,,71.0,130.23,250.44
BLD-03930,office,Wed,17,1303.1,35.3,52.0,43.0,87.02,211.28
BLD-03931,retail,Mon,1,1446.5,29.2,72.3,9.0,39.72,120.7
BLD-03932,school,Mon,16,1140.2,17.8,43.1,41.0,88.97,172.21
BLD-03933,office,Wed,17,3405.7,12.7,26.4,123.0,226.14,375.27
BLD-03934,clinic,Mon,4,1828.9,24.2,66.1,2.0,38.15,100.16
BLD-03935,office,Wed,20,3475.2,18.1,37.7,,37.4,115.17
BLD-03936,office,Fri,12,2348.3,18.7,36.0,102.0,198.47,314.01
BLD-03937,office,Mon,11,1911.5,12.9,76.5,80.0,150.24,289.76
BLD-03938,retail,Fri,17,1254.9,13.9,71.4,49.0,97.2,203.17
BLD-03939,retail,Fri,12,2542.7,23.3,49.2,88.0,155.14,306.82
BLD-03940,clinic,Fri,13,1980.8,19.9,15.0,80.0,169.81,268.24
BLD-03941,office,Fri,7,3392.3,42.0,64.1,138.0,266.17,494.04
BLD-03942,retail,Sat,22,1560.6,26.8,66.3,12.0,64.9,121.81
BLD-03943,school,Mon,23,2957.0,12.8,63.8,,44.04,112.23
BLD-03944,office,Tue,3,4835.9,9.7,63.0,0.0,44.78,103.57
BLD-03945,office,Wed,17,2507.5,25.2,51.9,96.0,190.94,326.97
BLD-03946,retail,Fri,0,3207.2,18.8,48.0,13.0,51.92,115.0
BLD-03947,office,Sun,8,2894.9,32.7,36.2,6.0,47.99,117.38
BLD-03948,school,Sun,23,5471.4,24.3,43.1,3.0,50.66,85.33
BLD-03949,school,Fri,4,2629.5,6.1,60.5,0.0,51.71,98.8
BLD-03950,office,Wed,9,3078.5,13.8,60.7,135.0,251.18,413.46
BLD-03951,clinic,Wed,5,2162.0,16.6,68.4,,29.27,98.4
BLD-03952,retail,Mon,17,1517.0,25.5,31.1,50.0,118.32,216.66
BLD-03953,school,Thu,11,1231.9,13.6,26.8,49.0,100.39,178.82
BLD-03954,retail,Thu,14,4041.4,23.2,48.5,147.0,253.21,452.05
BLD-03955,school,Tue,22,1355.9,11.3,37.7,12.0,42.57,88.89
BLD-03956,retail,Sat,12,3147.1,22.0,58.2,12.0,54.06,118.38
BLD-03957,office,Sat,17,2686.2,25.0,32.7,0.0,24.89,76.13
BLD-03958,office,Wed,2,3417.8,33.7,75.1,0.0,30.5,126.6
BLD-03959,office,Sun,5,1718.4,24.0,41.0,0.0,14.44,65.44
BLD-03960,school,Mon,22,1505.2,15.5,82.1,10.0,34.8,101.17
BLD-03961,school,Sun,20,2638.1,33.9,63.9,7.0,45.4,125.56
BLD-03962,office,Sat,15,1912.0,20.5,37.1,1.0,41.57,87.91
BLD-03963,clinic,Tue,9,1218.4,28.2,90.6,49.0,109.51,240.95
BLD-03964,office,Fri,4,5578.7,17.1,59.5,0.0,48.61,100.33
BLD-03965,office,Wed,20,1504.7,22.7,57.8,0.0,12.73,63.92
BLD-03966,office,Sat,18,1365.5,15.6,53.9,0.0,18.85,70.1
BLD-03967,school,Tue,5,1958.6,24.6,62.9,5.0,35.36,87.24
BLD-03968,office,Tue,14,4014.2,28.4,63.9,148.0,269.69,466.35
BLD-03969,school,Wed,14,777.6,18.0,40.3,24.0,55.54,119.94
BLD-03970,retail,Tue,11,3857.4,17.6,51.4,145.0,242.73,432.69
BLD-03971,office,Wed,22,1420.4,24.9,57.0,12.0,60.16,118.99
BLD-03972,clinic,Fri,2,2497.8,15.4,64.9,0.0,24.64,92.14
BLD-03973,office,Fri,6,1590.4,9.9,65.2,1.0,18.58,86.16
BLD-03974,school,Thu,2,5723.5,24.8,57.8,8.0,59.17,122.17
BLD-03975,office,Tue,16,2335.6,21.1,45.6,87.0,161.34,288.76
BLD-03976,retail,Tue,15,1566.1,21.0,44.8,49.0,96.76,190.32
BLD-03977,retail,Sun,23,1904.0,26.2,34.7,0.0,29.62,85.45
BLD-03978,office,Tue,13,2296.7,27.3,65.1,82.0,144.93,289.07
BLD-03979,office,Mon,3,2395.9,20.7,44.5,3.0,30.97,78.69
BLD-03980,office,Thu,10,2715.7,13.0,51.7,100.0,182.5,315.26
BLD-03981,office,Mon,2,2198.5,16.9,59.0,17.0,35.94,111.9
BLD-03982,clinic,Wed,16,1135.9,26.7,55.1,43.0,100.59,213.0
BLD-03983,school,Sat,16,1868.5,23.1,54.9,0.0,15.74,77.75
BLD-03984,school,Tue,20,2943.7,17.6,39.6,5.0,31.89,83.5
BLD-03985,clinic,Fri,8,1595.1,15.7,59.6,75.0,150.88,268.46
BLD-03986,retail,Thu,7,3038.6,26.9,49.7,111.0,206.35,366.12
BLD-03987,retail,Wed,1,2233.8,20.2,53.5,0.0,31.81,78.43
BLD-03988,office,Fri,9,1981.7,28.0,74.7,72.0,120.84,266.87
BLD-03989,office,Fri,11,3902.6,29.0,63.6,148.0,253.55,467.2
BLD-03990,office,Wed,18,955.2,19.5,45.3,36.0,77.66,158.62
BLD-03991,office,Tue,18,1590.9,29.6,52.5,49.0,100.43,210.54
BLD-03992,office,Sun,3,3975.0,23.1,82.2,0.0,49.31,113.93
BLD-03993,office,Tue,6,5295.6,24.1,49.8,3.0,67.63,114.1
BLD-03994,office,Sun,12,6591.2,4.5,55.7,8.0,66.51,152.56
BLD-03995,office,Thu,8,2253.8,14.2,66.3,80.0,145.67,267.63
BLD-03996,office,Sun,0,2740.8,14.7,58.7,2.0,48.11,90.47
BLD-03997,office,Wed,20,3257.1,19.5,48.7,4.0,35.13,87.41
BLD-03998,office,Thu,17,4057.2,22.9,42.4,143.0,226.49,420.23
BLD-03999,school,Fri,12,2556.8,23.2,54.8,95.0,162.23,299.62
BLD-04000,retail,Wed,7,3431.5,24.3,66.2,130.0,207.01,390.46
BLD-04001,retail,Tue,20,2743.3,16.5,77.5,0.0,29.13,84.22
BLD-04002,office,Thu,0,2826.7,27.5,30.1,6.0,40.52,100.36
BLD-04003,office,Fri,10,1415.7,36.5,85.0,46.0,80.74,250.24
BLD-04004,office,Tue,19,1878.4,19.2,50.1,63.0,115.47,209.3
BLD-04005,office,Sat,22,1711.8,16.7,70.7,0.0,14.58,78.6
BLD-04006,office,Fri,6,1243.3,16.5,42.5,15.0,48.2,98.0
BLD-04007,clinic,Tue,15,995.7,22.7,27.6,26.0,56.45,142.01
BLD-04008,office,Sun,4,1795.2,17.8,32.7,0.0,39.28,65.72
BLD-04009,office,Mon,2,1938.3,8.2,49.4,4.0,37.45,97.22
BLD-04010,retail,Fri,8,2313.8,10.3,63.9,96.0,191.3,326.26
BLD-04011,school,Thu,21,2872.6,30.2,55.5,20.0,58.94,142.2
BLD-04012,office,Fri,16,2407.9,32.3,50.7,87.0,183.58,333.83
BLD-04013,office,Sat,11,1944.8,34.8,74.0,8.0,41.8,159.02
BLD-04014,clinic,Fri,6,1417.9,23.8,55.0,3.0,26.89,86.22
BLD-04015,office,Fri,3,3351.6,14.1,59.8,3.0,63.99,111.53
BLD-04016,school,Sat,6,2095.1,18.5,98.0,6.0,21.1,97.3
BLD-04017,retail,Fri,3,1786.5,10.1,54.9,0.0,23.62,71.43
BLD-04018,office,Sat,4,2011.7,9.8,43.2,4.0,19.4,81.2
BLD-04019,retail,Wed,16,1547.7,24.0,63.2,63.0,104.31,239.87
BLD-04020,office,Tue,3,1705.3,26.3,67.5,0.0,8.15,75.35
BLD-04021,office,Tue,1,1679.5,37.7,60.1,8.0,46.89,139.93
BLD-04022,office,Fri,13,1916.6,21.3,57.7,59.0,104.88,217.15
BLD-04023,clinic,Thu,6,3013.9,11.1,80.2,5.0,39.01,121.14
BLD-04024,office,Mon,10,2674.8,21.0,78.1,110.0,206.62,369.71
BLD-04025,office,Tue,3,4622.3,19.7,53.0,2.0,48.12,97.91
BLD-04026,clinic,Sun,5,3935.7,18.1,44.1,0.0,41.88,100.27
BLD-04027,office,Sat,10,5626.8,24.7,62.3,0.0,56.65,118.39
BLD-04028,clinic,Sat,16,2877.3,12.3,44.0,7.0,60.1,130.48
BLD-04029,retail,Tue,9,2855.2,23.0,70.0,113.0,190.4,356.65
BLD-04030,school,Mon,13,1741.1,27.2,62.2,66.0,132.8,252.9
BLD-04031,retail,Wed,12,3270.5,33.4,98.0,,207.86,422.16
BLD-04032,retail,Sat,6,1605.6,24.5,80.0,0.0,26.96,102.66
BLD-04033,office,Thu,6,1086.1,30.3,36.7,5.0,18.73,97.96
BLD-04034,clinic,Sat,10,4577.2,18.4,46.2,0.0,34.99,106.53
BLD-04035,clinic,Thu,0,1207.9,19.6,22.5,0.0,22.6,63.63
BLD-04036,clinic,Thu,16,2715.9,32.8,18.7,114.0,218.17,379.8
BLD-04037,school,Fri,14,1441.8,11.0,56.9,41.0,77.71,175.22
BLD-04038,school,Sun,7,3778.2,18.8,34.7,0.0,13.26,56.0
BLD-04039,school,Thu,8,4033.7,31.0,82.9,150.0,263.07,486.85
BLD-04040,office,Fri,7,2836.2,20.3,74.7,102.0,173.78,324.84
BLD-04041,school,Sun,15,4001.7,19.7,50.4,0.0,36.61,85.67
BLD-04042,school,Wed,18,2207.8,19.9,49.4,85.0,164.94,290.84
BLD-04043,retail,Sat,2,6429.3,22.9,80.3,6.0,55.72,142.41
BLD-04044,office,Thu,9,3147.5,30.7,84.1,109.0,193.78,390.17
BLD-04045,school,Sun,0,1427.9,29.4,,0.0,26.15,76.55
BLD-04046,school,Thu,10,2274.7,22.1,37.0,86.0,168.57,267.91
BLD-04047,office,Fri,5,2044.7,30.7,49.9,5.0,26.13,113.51
BLD-04048,clinic,Wed,8,1950.8,24.7,62.3,78.0,154.09,294.94
BLD-04049,retail,Fri,10,993.1,28.9,46.3,35.0,68.43,165.12
BLD-04050,office,Wed,7,2648.9,13.8,62.7,101.0,190.12,322.67
BLD-04051,office,Fri,9,1131.2,35.9,88.2,52.0,89.09,249.28
BLD-04052,retail,Sat,18,654.6,23.8,31.1,4.0,36.04,82.28
BLD-04053,office,Thu,19,1865.1,0.0,47.4,70.0,133.44,272.61
BLD-04054,retail,Thu,0,1530.6,35.3,31.4,2.0,32.09,111.83
BLD-04055,office,Wed,9,1454.9,22.0,40.8,51.0,113.91,189.93
BLD-04056,office,Sat,20,496.1,18.8,50.0,0.0,15.77,49.98
BLD-04057,office,Fri,12,1462.4,17.2,42.6,54.0,108.6,195.7
BLD-04058,retail,Thu,4,2024.1,25.5,63.8,8.0,45.13,124.0
BLD-04059,clinic,Mon,14,1622.7,14.9,57.6,55.0,108.0,228.04
BLD-04060,clinic,Mon,3,2649.5,17.4,60.1,3.0,44.27,110.75
BLD-04061,school,Mon,0,4292.8,17.6,49.8,2.0,45.47,86.39
BLD-04062,retail,Sat,15,2818.8,19.7,51.4,18.0,54.48,131.12
BLD-04063,office,Sat,12,3600.7,17.9,49.0,10.0,64.01,118.54
BLD-04064,school,Mon,18,3746.6,28.8,50.8,143.0,257.11,445.57
BLD-04065,clinic,Mon,8,1349.1,24.2,62.1,60.0,108.97,240.38
BLD-04066,office,Sat,20,2716.2,25.1,22.3,0.0,24.34,62.82
BLD-04067,clinic,Thu,10,3547.1,26.9,59.9,142.0,246.99,451.88
BLD-04068,office,Wed,17,1784.6,21.3,40.2,69.0,137.11,233.36
BLD-04069,office,Fri,2,1505.2,13.8,49.2,4.0,11.89,61.08
BLD-04070,school,Tue,2,2837.9,36.4,28.5,0.0,25.35,112.43
BLD-04071,clinic,Tue,18,1080.3,29.4,48.9,39.0,79.05,205.3
BLD-04072,office,Wed,20,1305.0,34.9,59.7,0.0,12.84,115.77
BLD-04073,retail,Sun,22,1597.5,30.3,62.8,2.0,21.17,109.6
BLD-04074,office,Sat,7,2731.1,18.3,34.8,0.0,34.3,79.53
BLD-04075,retail,Tue,0,2443.8,3.2,62.0,1.0,28.39,111.62
BLD-04076,school,Thu,23,3611.0,12.2,74.4,0.0,32.34,99.02
BLD-04077,office,Sun,14,1413.3,27.1,46.6,10.0,28.87,108.81
BLD-04078,retail,Sun,5,1377.4,21.2,55.0,9.0,38.87,100.19
BLD-04079,retail,Sat,18,2829.0,18.6,19.8,18.0,45.28,107.45
BLD-04080,school,Mon,21,1499.4,2.0,39.8,17.0,68.09,133.7
BLD-04081,office,Tue,6,1646.7,21.9,,5.0,53.52,88.98
BLD-04082,office,Tue,18,902.3,13.3,71.2,44.0,86.88,189.97
BLD-04083,clinic,Tue,18,2529.6,16.2,44.8,96.0,164.89,308.37
BLD-04084,retail,Tue,12,4610.2,28.8,98.0,165.0,296.49,543.97
BLD-04085,retail,Wed,15,1342.3,13.8,60.3,50.0,108.29,224.88
BLD-04086,retail,Thu,6,3592.6,14.5,33.4,9.0,68.62,112.44
BLD-04087,retail,Wed,22,2138.2,23.5,76.9,37.0,107.46,200.17
BLD-04088,office,Wed,23,942.8,29.0,33.7,13.0,25.0,106.38
BLD-04089,school,Tue,23,1431.9,18.8,60.6,6.0,48.31,75.97
BLD-04090,retail,Tue,17,1390.1,33.7,39.2,58.0,112.34,247.71
BLD-04091,office,Sun,1,1889.9,11.8,31.9,8.0,47.05,91.42
BLD-04092,office,Fri,8,2690.8,10.4,71.4,99.0,189.04,321.57
BLD-04093,school,Tue,10,5343.8,9.7,50.6,201.0,352.23,578.71
BLD-04094,retail,Sat,23,1106.8,8.8,84.3,3.0,40.93,112.35
BLD-04095,retail,Sat,13,1743.3,24.7,37.7,0.0,23.37,74.66
BLD-04096,office,Sun,12,1431.0,14.2,28.5,8.0,30.2,75.96
BLD-04097,clinic,Tue,3,1197.0,10.7,46.8,9.0,52.16,119.31
BLD-04098,office,Fri,19,2303.1,25.0,98.0,,150.0,287.67
BLD-04099,office,Sun,8,2201.6,28.6,69.2,6.0,58.42,126.54
BLD-04100,clinic,Sat,2,921.1,30.4,64.4,12.0,36.04,144.19
BLD-04101,retail,Tue,23,2219.3,29.0,65.0,4.0,33.07,115.69
BLD-04102,clinic,Sun,4,1233.5,14.7,46.8,0.0,25.03,87.54
BLD-04103,retail,Wed,0,2212.5,24.2,98.0,0.0,15.44,102.74
BLD-04104,retail,Thu,1,4046.4,26.0,62.8,2.0,25.8,101.26
BLD-04105,office,Thu,10,2747.6,18.2,61.2,114.0,213.11,362.15
BLD-04106,office,Sat,2,2395.7,23.3,71.7,2.0,17.38,86.56
BLD-04107,clinic,Mon,20,1706.9,12.0,33.4,7.0,64.52,101.76
BLD-04108,retail,Thu,12,2271.8,17.0,40.1,83.0,154.65,277.26
BLD-04109,office,Sat,7,2883.0,25.0,50.8,1.0,24.74,77.95
BLD-04110,office,Thu,0,2749.1,34.1,71.9,0.0,37.2,125.21
BLD-04111,office,Tue,11,2097.7,31.2,32.9,80.0,125.77,271.55
BLD-04112,office,Mon,3,2442.0,27.3,53.9,0.0,28.43,93.54
BLD-04113,retail,Thu,23,1169.4,22.6,51.4,14.0,45.62,102.07
BLD-04114,office,Fri,6,1546.5,21.4,28.2,3.0,20.02,54.05
BLD-04115,office,Thu,11,3089.7,10.4,46.3,114.0,199.04,352.07
BLD-04116,clinic,Sun,0,3295.7,15.3,64.2,3.0,54.94,115.66
BLD-04117,school,Fri,3,2301.1,15.6,29.8,7.0,43.54,80.9
BLD-04118,school,Thu,4,4474.3,26.6,79.0,16.0,67.89,155.13
BLD-04119,office,Mon,1,2807.5,29.6,63.0,0.0,25.36,105.49
BLD-04120,office,Thu,17,1967.1,27.9,60.9,76.0,130.63,279.26
BLD-04121,office,Tue,22,1225.0,31.5,55.1,0.0,24.49,99.03
BLD-04122,office,Sat,23,4388.8,22.6,36.4,14.0,35.98,108.25
BLD-04123,office,Tue,6,3184.2,14.1,44.0,3.0,28.27,84.21
BLD-04124,office,Sun,18,5215.6,21.6,61.2,0.0,30.34,94.25
BLD-04125,office,Wed,12,6224.8,16.2,43.9,216.0,350.51,600.64
BLD-04126,office,Thu,1,1186.2,27.3,58.2,11.0,49.74,123.72
BLD-04127,clinic,Tue,2,1187.7,19.1,39.7,0.0,25.45,75.61
BLD-04128,office,Tue,13,556.6,21.2,62.7,26.0,57.03,145.48
BLD-04129,office,Sun,10,3418.7,27.5,63.9,1.0,43.88,106.91
BLD-04130,clinic,Tue,0,3014.9,16.1,27.3,2.0,20.62,75.6
BLD-04131,office,Thu,22,2305.7,29.7,56.1,0.0,17.79,87.6
BLD-04132,school,Sun,17,1221.3,11.2,29.1,0.0,38.06,71.8
BLD-04133,retail,Fri,12,2108.0,24.5,23.4,75.0,165.75,259.78
BLD-04134,school,Mon,23,2404.0,21.3,44.9,9.0,51.96,89.13
BLD-04135,office,Wed,23,3203.2,28.6,98.0,2.0,42.53,143.86
BLD-04136,retail,Wed,23,2508.0,11.0,68.2,7.0,36.71,115.97
BLD-04137,retail,Tue,6,3025.5,9.8,78.7,2.0,31.51,115.16
BLD-04138,office,Tue,21,2072.7,28.0,65.3,9.0,46.06,113.72
BLD-04139,office,Thu,12,3879.0,18.9,58.5,146.0,270.24,436.9
BLD-04140,office,Wed,17,2979.3,21.3,70.2,106.0,197.18,355.24
BLD-04141,retail,Wed,20,1244.5,16.7,44.1,0.0,36.56,61.32
BLD-04142,office,Wed,3,4285.7,29.3,63.0,12.0,47.98,137.17
BLD-04143,office,Wed,10,3961.9,24.4,75.0,139.0,252.52,435.43
BLD-04144,school,Tue,3,2750.8,23.9,66.9,8.0,38.29,97.42
BLD-04145,clinic,Thu,6,2517.3,12.6,76.1,4.0,39.47,113.78
BLD-04146,office,Sun,9,4877.3,26.0,58.1,0.0,47.67,103.41
BLD-04147,office,Thu,20,1004.5,14.1,83.8,7.0,31.21,94.77
BLD-04148,office,Fri,20,3991.8,16.7,51.5,15.0,50.3,119.91
BLD-04149,retail,Sun,9,1750.5,11.1,91.0,9.0,46.13,136.64
BLD-04150,school,Fri,7,3721.6,20.7,,138.0,242.54,401.44
BLD-04151,clinic,Tue,12,2330.9,30.5,48.5,100.0,182.68,357.4
BLD-04152,office,Wed,21,1211.5,23.8,35.0,0.0,33.42,70.2
BLD-04153,office,Thu,23,1733.5,18.5,41.3,0.0,42.01,75.14
BLD-04154,office,Thu,5,3592.6,22.9,38.7,0.0,43.0,79.9
BLD-04155,office,Tue,4,1988.9,22.8,53.5,15.0,57.78,111.09
BLD-04156,school,Mon,16,1632.6,22.5,33.3,70.0,128.53,233.77
BLD-04157,retail,Wed,7,1627.3,23.4,77.0,48.0,97.04,206.51
BLD-04158,office,Sun,4,2994.4,13.7,56.9,1.0,40.02,77.93
BLD-04159,retail,Sat,0,5097.6,22.9,56.2,0.0,38.76,99.64
BLD-04160,office,Sat,9,787.3,8.0,35.2,4.0,35.65,83.06
BLD-04161,school,Tue,9,8438.3,26.6,,313.0,517.1,848.9
BLD-04162,office,Wed,13,2426.0,13.2,17.3,98.0,198.0,306.55
BLD-04163,school,Fri,4,2906.5,31.4,82.5,6.0,44.56,138.2
BLD-04164,office,Thu,17,1784.3,2.4,30.9,64.0,126.42,236.75
BLD-04165,clinic,Wed,16,2196.3,35.4,32.2,82.0,148.96,321.68
BLD-04166,clinic,Wed,11,2413.0,8.9,79.0,96.0,194.78,348.17
BLD-04167,retail,Mon,4,1329.6,12.4,61.6,23.0,49.29,126.96
BLD-04168,clinic,Sun,12,1494.4,24.4,57.1,0.0,20.95,99.74
BLD-04169,office,Sun,16,3884.7,26.9,60.8,17.0,71.57,161.23
BLD-04170,school,Mon,8,1044.3,19.7,71.2,43.0,93.07,170.53
BLD-04171,office,Wed,6,2718.7,29.1,56.7,11.0,43.61,131.35
BLD-04172,clinic,Thu,12,1841.6,15.6,28.8,71.0,130.39,246.3
BLD-04173,office,Sat,8,1387.2,18.8,67.5,15.0,47.14,100.98
BLD-04174,office,Sun,9,5668.8,19.6,62.2,7.0,56.2,113.12
BLD-04175,retail,Wed,8,1391.4,17.7,74.9,49.0,116.6,214.62
BLD-04176,office,Sat,7,1278.9,6.5,33.8,8.0,45.17,83.77
BLD-04177,retail,Sun,17,2011.2,21.8,42.6,13.0,59.78,111.54
BLD-04178,office,Sat,11,1521.3,21.1,61.7,4.0,29.74,90.43
BLD-04179,retail,Wed,11,2206.7,30.6,38.9,66.0,134.98,265.92
BLD-04180,clinic,Sat,15,2370.4,11.7,15.0,3.0,20.43,83.4
BLD-04181,school,Wed,8,2462.3,16.9,58.4,93.0,173.17,306.79
BLD-04182,office,Mon,2,2073.0,31.6,70.2,4.0,37.47,119.32
BLD-04183,office,Sat,20,1570.5,24.3,52.8,0.0,46.5,85.31
BLD-04184,office,Sat,1,2996.0,26.4,64.3,15.0,72.06,142.77
BLD-04185,office,Wed,13,2085.2,25.6,61.9,59.0,116.26,240.29
BLD-04186,school,Thu,6,1734.2,25.7,55.2,5.0,28.27,93.82
BLD-04187,office,Wed,5,4476.6,36.6,57.3,5.0,39.51,147.46
BLD-04188,office,Mon,1,2075.6,22.7,77.9,21.0,58.86,143.43
BLD-04189,office,Sun,21,3715.9,13.9,38.6,4.0,55.88,88.05
BLD-04190,clinic,Mon,10,3964.3,27.1,68.1,149.0,265.51,479.01
BLD-04191,office,Thu,8,4081.8,17.5,34.9,151.0,270.01,440.99
BLD-04192,office,Mon,17,3065.5,21.1,41.5,114.0,213.37,360.4
BLD-04193,school,Fri,0,2199.3,25.0,75.3,18.0,47.86,132.94
BLD-04194,office,Sun,13,2133.4,15.4,34.4,0.0,23.44,71.72
BLD-04195,clinic,Fri,11,1956.7,17.9,50.9,69.0,138.53,256.82
BLD-04196,office,Fri,13,777.5,25.8,95.1,38.0,74.32,198.53
BLD-04197,retail,Sat,2,3106.5,17.6,72.4,6.0,28.16,119.45
BLD-04198,school,Sun,22,2473.9,29.8,42.5,2.0,24.07,95.48
BLD-04199,retail,Sun,5,3269.7,14.1,45.4,3.0,50.12,98.37
BLD-04200,retail,Tue,16,2079.9,14.1,52.1,86.0,155.58,282.65
BLD-04201,retail,Thu,17,3027.0,37.2,77.3,116.0,210.37,427.69
BLD-04202,office,Sat,8,1135.7,9.8,38.0,0.0,16.22,63.98
BLD-04203,school,Wed,3,1255.1,21.8,36.9,6.0,39.81,78.36
BLD-04204,retail,Fri,7,670.2,36.8,67.1,28.0,63.98,187.36
BLD-04205,school,Mon,19,2062.6,21.8,26.4,81.0,156.21,255.9
BLD-04206,school,Sun,21,1518.4,32.8,39.5,1.0,24.79,94.69
BLD-04207,office,Fri,22,1425.9,27.2,53.6,0.0,32.75,89.86
BLD-04208,office,Sat,5,2583.4,21.9,54.4,9.0,40.56,97.88
BLD-04209,office,Sat,14,1793.6,21.0,31.8,8.0,40.37,85.72
BLD-04210,office,Tue,3,1105.8,5.0,61.0,15.0,46.21,119.81
BLD-04211,office,Thu,17,7462.9,19.4,64.4,260.0,442.11,740.34
BLD-04212,office,Sun,9,2161.3,23.9,43.7,3.0,37.94,84.89
BLD-04213,school,Tue,17,1308.1,23.9,83.2,49.0,95.78,200.13
BLD-04214,retail,Sat,16,1595.1,41.7,60.8,1.0,28.68,163.25
BLD-04215,school,Wed,23,2024.6,24.2,37.9,0.0,31.96,88.33
BLD-04216,retail,Fri,11,2022.5,27.0,82.6,68.0,137.17,277.32
BLD-04217,office,Thu,8,4110.3,31.3,46.1,153.0,267.18,484.39
BLD-04218,office,Fri,12,2117.7,26.3,58.0,76.0,135.6,257.8
BLD-04219,retail,Sat,3,5360.0,21.3,46.7,0.0,44.3,96.03
BLD-04220,retail,Wed,2,1787.6,21.4,65.6,15.0,58.35,130.03
BLD-04221,retail,Tue,12,2699.7,19.2,46.8,119.0,197.97,365.35
BLD-04222,retail,Wed,19,3593.1,25.6,47.8,132.0,221.16,401.63
BLD-04223,retail,Fri,12,3904.5,20.6,52.3,131.0,227.5,406.34
BLD-04224,retail,Sat,18,4129.5,27.0,46.5,7.0,47.09,128.26
BLD-04225,retail,Sat,4,1930.7,13.9,73.2,0.0,7.75,96.96
BLD-04226,retail,Wed,10,2194.2,23.2,33.6,72.0,144.52,256.35
BLD-04227,office,Sun,14,669.2,34.4,54.4,7.0,33.35,128.78
BLD-04228,office,Mon,8,2002.5,20.2,56.5,64.0,102.5,218.85
BLD-04229,office,Mon,0,3714.6,36.7,52.9,2.0,28.73,134.08
BLD-04230,school,Mon,1,3383.6,23.3,71.5,,32.53,85.07
BLD-04231,retail,Sun,22,2110.5,21.5,29.4,4.0,18.72,70.07
BLD-04232,office,Tue,14,4973.1,22.9,64.7,191.0,338.1,564.13
BLD-04233,office,Fri,6,1829.7,19.5,33.8,0.0,31.19,57.49
BLD-04234,retail,Sat,6,1560.0,6.2,46.4,4.0,41.02,105.73
BLD-04235,office,Sat,0,1757.2,29.0,32.1,0.0,18.74,80.7
BLD-04236,retail,Sun,22,1283.6,39.5,49.4,0.0,31.25,132.98
BLD-04237,office,Mon,2,2966.0,25.8,45.2,0.0,27.26,84.58
BLD-04238,office,Wed,18,2526.7,26.3,82.9,101.0,181.68,342.61
BLD-04239,office,Thu,5,2948.4,20.5,59.1,0.0,37.32,82.64
BLD-04240,office,Fri,8,1803.2,31.3,62.5,66.0,127.51,267.33
BLD-04241,office,Fri,6,2139.5,21.7,36.2,7.0,49.14,89.62
BLD-04242,office,Thu,19,773.2,24.1,67.6,39.0,84.98,172.53
BLD-04243,office,Wed,0,2635.4,9.5,82.8,8.0,39.91,123.12
BLD-04244,office,Mon,8,2306.9,17.8,69.8,86.0,168.66,293.21
BLD-04245,retail,Thu,6,1297.2,24.9,32.7,0.0,37.73,69.71
BLD-04246,office,Tue,6,2092.2,29.3,47.1,11.0,47.74,118.52
BLD-04247,office,Thu,4,1943.9,29.5,56.8,0.0,43.14,106.02
BLD-04248,office,Sat,21,5131.1,9.4,45.2,0.0,40.17,99.5
BLD-04249,clinic,Thu,9,1322.0,10.2,98.0,62.0,119.01,253.63
BLD-04250,retail,Fri,10,2579.4,26.7,46.8,99.0,180.86,331.95
BLD-04251,clinic,Mon,9,1303.3,16.0,54.3,54.0,106.92,213.76
BLD-04252,clinic,Fri,23,1683.2,29.2,44.8,9.0,39.13,109.79
BLD-04253,office,Thu,8,2512.6,9.0,58.9,93.0,164.4,303.93
BLD-04254,retail,Mon,8,1987.7,21.2,78.5,63.0,114.51,242.98
BLD-04255,office,Tue,7,2193.7,21.7,57.0,84.0,157.88,284.63
BLD-04256,clinic,Sat,7,2581.0,25.8,51.3,4.0,50.31,101.37
BLD-04257,office,Sun,2,1735.8,13.8,36.7,0.0,37.09,75.42
BLD-04258,office,Thu,14,3363.0,6.3,75.6,115.0,211.83,381.09
BLD-04259,clinic,Sun,0,1899.9,23.4,52.6,4.0,48.09,111.84
BLD-04260,retail,Tue,5,2099.4,26.2,51.8,0.0,30.59,89.4
BLD-04261,clinic,Wed,4,2616.6,30.1,15.2,3.0,27.08,92.64
BLD-04262,office,Sun,6,2453.3,19.1,52.8,2.0,31.32,83.73
BLD-04263,office,Tue,18,2997.2,28.2,48.2,110.0,198.38,354.25
BLD-04264,office,Fri,14,2561.5,25.9,24.0,99.0,175.62,316.01
BLD-04265,office,Tue,23,2755.5,32.6,71.8,9.0,52.62,145.79
BLD-04266,school,Wed,8,1881.9,21.6,45.9,66.0,137.88,203.05
BLD-04267,office,Thu,22,1317.1,8.2,87.2,11.0,26.45,115.52
BLD-04268,retail,Wed,1,1108.7,21.5,79.0,2.0,27.98,94.84
BLD-04269,office,Sun,12,986.6,22.7,42.8,18.0,23.92,109.88
BLD-04270,retail,Sun,19,5127.2,26.1,78.3,0.0,41.59,127.05
BLD-04271,retail,Thu,12,760.6,9.7,82.4,18.0,51.01,152.55
BLD-04272,school,Thu,22,3901.8,19.5,45.5,11.0,71.87,105.33
BLD-04273,office,Mon,7,1483.6,28.9,37.4,60.0,132.7,233.16
BLD-04274,office,Tue,0,3888.2,21.2,18.4,14.0,67.88,109.05
BLD-04275,office,Mon,18,764.3,19.6,61.5,34.0,66.46,143.92
BLD-04276,retail,Sat,1,1965.2,37.3,,23.0,54.19,180.81
BLD-04277,school,Tue,18,4421.1,13.4,62.0,160.0,268.72,472.92
BLD-04278,office,Wed,17,3098.1,31.9,45.3,123.0,234.16,408.95
BLD-04279,clinic,Sat,20,1871.2,30.2,41.7,0.0,20.38,98.81
BLD-04280,retail,Fri,11,865.7,20.2,45.5,39.0,80.11,159.97
BLD-04281,retail,Fri,21,1166.1,21.7,32.9,9.0,31.17,86.17
BLD-04282,office,Mon,4,4285.5,21.7,45.4,11.0,43.06,108.26
BLD-04283,clinic,Thu,10,1861.3,23.5,42.5,77.0,148.27,274.9
BLD-04284,office,Thu,2,2125.4,17.2,54.8,0.0,32.04,78.33
BLD-04285,office,Wed,18,2520.7,18.6,56.8,93.0,149.34,297.95
BLD-04286,clinic,Sat,17,1177.1,19.2,36.8,0.0,13.69,72.61
BLD-04287,clinic,Sun,19,2675.0,19.4,73.7,1.0,36.75,114.88
BLD-04288,school,Tue,18,1798.7,19.5,52.3,66.0,127.47,232.73
BLD-04289,office,Wed,7,2533.1,4.1,80.5,102.0,181.12,351.57
BLD-04290,office,Wed,1,1666.9,22.8,59.1,6.0,43.72,93.86
BLD-04291,retail,Sat,22,1033.9,17.8,56.2,0.0,11.71,60.39
BLD-04292,retail,Mon,11,1792.0,7.1,46.7,56.0,107.22,212.69
BLD-04293,office,Sun,2,2992.3,19.2,65.5,16.0,63.15,126.05
BLD-04294,office,Sat,22,2658.1,19.0,55.6,0.0,26.14,86.07
BLD-04295,retail,Thu,23,2232.9,32.2,69.6,3.0,38.56,126.14
BLD-04296,retail,Fri,10,3385.7,17.7,82.3,142.0,237.08,437.19
BLD-04297,office,Sun,18,1995.2,27.3,42.6,0.0,21.74,78.67
BLD-04298,school,Sat,0,2260.2,33.1,65.4,2.0,16.22,103.48
BLD-04299,clinic,Tue,2,1747.5,17.0,64.9,6.0,17.42,93.52
BLD-04300,office,Mon,6,3482.1,21.6,62.8,0.0,31.17,89.72
BLD-04301,school,Fri,15,2530.4,35.8,47.6,81.0,158.12,314.59
BLD-04302,school,Tue,3,1683.9,23.8,48.0,0.0,27.59,65.85
BLD-04303,school,Mon,0,1076.5,25.0,45.1,0.0,37.91,67.97
BLD-04304,retail,Sun,16,3739.1,18.7,44.7,5.0,40.53,105.18
BLD-04305,school,Thu,18,1539.3,27.5,,51.0,83.46,194.48
BLD-04306,school,Fri,17,2277.4,21.7,53.2,89.0,168.05,279.02
BLD-04307,office,Tue,19,6805.3,7.3,42.1,230.0,383.44,649.15
BLD-04308,retail,Mon,19,3232.3,19.2,62.4,119.0,214.69,377.18
BLD-04309,office,Mon,14,4767.4,12.5,56.0,177.0,283.71,518.47
BLD-04310,office,Wed,12,1699.2,22.9,57.9,67.0,126.55,243.35
BLD-04311,school,Mon,20,3678.6,14.7,50.4,3.0,48.24,94.22
BLD-04312,school,Wed,8,2228.3,25.8,56.2,78.0,153.72,261.36
BLD-04313,clinic,Wed,2,2622.5,22.4,50.8,2.0,32.98,96.83
BLD-04314,retail,Thu,18,5803.5,12.0,68.3,221.0,376.2,655.71
BLD-04315,retail,Fri,6,1924.6,18.1,47.5,0.0,24.73,75.46
BLD-04316,office,Wed,23,2220.4,27.0,61.4,12.0,45.9,121.92
BLD-04317,school,Thu,9,1426.1,31.2,32.8,64.0,129.97,242.41
BLD-04318,clinic,Mon,20,3370.0,14.8,67.1,0.0,27.98,97.62
BLD-04319,office,Wed,1,1680.9,13.2,45.5,3.0,26.7,70.62
BLD-04320,retail,Sun,15,3594.3,37.6,39.5,0.0,20.58,137.53
BLD-04321,school,Sun,10,996.5,21.9,35.6,0.0,32.45,51.49
BLD-04322,office,Thu,11,2862.8,22.7,34.3,113.0,199.75,346.23
BLD-04323,school,Sun,6,1615.2,16.1,46.8,8.0,27.83,82.38
BLD-04324,office,Thu,23,3124.0,23.7,80.5,6.0,51.72,108.5
BLD-04325,office,Mon,9,2185.7,35.7,44.1,73.0,139.23,292.32
BLD-04326,office,Sun,20,1701.5,24.0,17.4,6.0,29.84,68.22
BLD-04327,office,Wed,10,1827.4,30.5,,59.0,126.19,259.65
BLD-04328,office,Fri,1,1462.7,22.2,36.1,5.0,31.39,81.48
BLD-04329,clinic,Fri,21,3289.0,13.8,68.9,0.0,18.92,104.28
BLD-04330,office,Wed,4,1329.9,16.5,47.8,12.0,54.36,107.82
BLD-04331,retail,Sat,6,1935.3,13.1,50.3,1.0,22.3,77.89
BLD-04332,school,Thu,20,2596.5,23.7,75.4,6.0,71.04,116.89
BLD-04333,office,Wed,21,4772.8,31.8,65.5,6.0,45.09,139.37
BLD-04334,office,Wed,22,2190.2,23.3,33.8,3.0,14.56,61.74
BLD-04335,clinic,Sat,10,1958.3,19.5,36.3,5.0,54.33,100.93
BLD-04336,school,Tue,18,2508.8,15.7,24.7,96.0,174.93,288.64
BLD-04337,clinic,Mon,7,813.2,24.8,98.0,26.0,66.27,170.53
BLD-04338,office,Sun,17,1237.5,12.1,40.3,7.0,40.72,91.0
BLD-04339,retail,Wed,12,1837.3,12.9,74.9,77.0,130.7,278.61
BLD-04340,retail,Fri,1,1562.4,29.2,46.0,7.0,16.54,107.57
BLD-04341,clinic,Sat,10,1020.3,19.8,36.6,1.0,46.57,82.74
BLD-04342,office,Sat,11,3320.8,19.6,55.4,5.0,26.61,88.48
BLD-04343,clinic,Fri,6,2492.1,20.6,49.4,1.0,49.3,101.01
BLD-04344,office,Fri,8,2353.2,27.8,68.6,87.0,166.63,314.72
BLD-04345,retail,Sat,12,1576.7,23.3,68.8,0.0,29.52,98.67
BLD-04346,school,Sun,1,2285.5,16.1,45.0,15.0,48.42,94.58
BLD-04347,school,Mon,3,2816.2,16.3,30.5,19.0,84.31,115.91
BLD-04348,office,Sat,18,1937.3,20.4,34.6,0.0,22.28,67.95
BLD-04349,retail,Tue,8,2723.3,24.4,16.2,108.0,187.7,316.61
BLD-04350,office,Sun,14,1501.3,21.7,50.3,16.0,58.19,114.77
BLD-04351,school,Mon,13,2305.4,21.0,54.8,79.0,142.45,264.69
BLD-04352,school,Tue,13,3807.1,22.4,35.6,123.0,211.07,374.62
BLD-04353,retail,Tue,9,3974.2,21.7,33.5,158.0,273.78,459.18
BLD-04354,school,Fri,11,4160.8,15.8,54.7,153.0,274.49,451.75
BLD-04355,retail,Mon,19,2523.2,30.9,44.3,90.0,185.36,325.97
BLD-04356,school,Mon,23,2233.6,18.1,51.4,4.0,57.24,84.26
BLD-04357,retail,Thu,6,1773.6,23.0,48.8,1.0,12.16,71.52
BLD-04358,retail,Sun,16,923.9,5.5,59.2,28.0,77.59,174.52
BLD-04359,retail,Thu,23,1153.6,20.3,45.4,0.0,16.25,55.81
BLD-04360,retail,Thu,0,2029.5,13.2,46.7,7.0,30.75,100.18
BLD-04361,school,Fri,18,2088.6,14.2,23.0,89.0,157.93,281.29
BLD-04362,office,Thu,11,4333.3,41.4,54.1,169.0,286.28,564.01
BLD-04363,retail,Wed,23,4135.3,24.0,56.5,13.0,46.82,120.93
BLD-04364,office,Fri,13,1582.4,31.8,52.0,57.0,90.05,242.74
BLD-04365,office,Mon,20,3258.5,28.8,87.5,3.0,53.48,134.99
BLD-04366,retail,Tue,3,1749.7,29.9,57.8,0.0,37.47,104.12
BLD-04367,office,Fri,3,3053.0,20.4,52.3,3.0,38.03,82.55
BLD-04368,school,Wed,22,3239.3,34.9,,4.0,30.77,128.32
BLD-04369,clinic,Mon,12,3993.5,28.8,90.9,153.0,279.31,514.18
BLD-04370,office,Mon,13,1736.7,22.3,59.3,80.0,147.8,280.12
BLD-04371,office,Sun,4,3579.9,24.1,17.2,10.0,45.06,92.71
BLD-04372,office,Wed,5,895.4,20.9,62.3,13.0,28.13,101.13
BLD-04373,office,Mon,19,4098.6,22.4,40.1,150.0,268.27,439.05
BLD-04374,retail,Sat,7,2173.7,21.7,22.3,14.0,47.84,99.5
BLD-04375,retail,Thu,14,2196.1,25.1,83.9,83.0,157.39,309.83
BLD-04376,school,Thu,7,827.4,35.9,80.2,43.0,90.99,235.46
BLD-04377,office,Sun,6,1825.6,12.4,39.6,10.0,50.15,92.6
BLD-04378,school,Wed,3,4216.8,31.1,39.7,7.0,51.03,123.2
BLD-04379,office,Fri,22,1792.6,19.1,57.7,0.0,25.61,88.68
BLD-04380,retail,Sat,22,3098.5,32.2,40.0,13.0,58.94,149.79
BLD-04381,school,Fri,2,2236.8,19.3,52.7,7.0,50.45,96.3
BLD-04382,office,Tue,8,3663.9,25.3,42.9,140.0,261.62,426.83
BLD-04383,retail,Fri,13,2411.8,20.7,48.2,93.0,159.44,304.39
BLD-04384,retail,Sat,9,1406.6,8.2,31.1,8.0,50.24,99.61
BLD-04385,office,Mon,17,2260.4,35.9,69.1,95.0,157.16,352.84
BLD-04386,school,Tue,6,4744.8,14.5,75.5,0.0,50.62,94.41
BLD-04387,school,Fri,1,2793.6,22.7,53.3,8.0,38.77,96.89
BLD-04388,office,Mon,8,2080.4,13.6,54.4,72.0,146.24,242.88
BLD-04389,office,Sun,14,6496.2,11.3,65.7,9.0,75.91,153.46
BLD-04390,retail,Mon,4,3837.7,20.4,55.0,6.0,48.14,105.78
BLD-04391,clinic,Sun,19,3256.0,17.3,84.4,0.0,34.55,108.54
BLD-04392,school,Fri,0,2562.0,12.6,32.6,5.0,38.76,85.65
BLD-04393,school,Thu,1,3123.6,21.7,69.6,0.0,29.79,75.98
BLD-04394,school,Tue,12,3172.7,10.1,53.1,114.0,216.93,362.12
BLD-04395,office,Wed,12,771.6,23.0,35.9,34.0,75.01,144.14
BLD-04396,office,Sat,7,2659.2,21.0,93.2,6.0,19.88,106.41
BLD-04397,office,Sat,6,2036.6,2.2,95.5,0.0,38.99,121.22
BLD-04398,clinic,Tue,1,1730.8,17.8,51.5,7.0,47.74,113.61
BLD-04399,retail,Thu,15,2003.0,25.7,62.6,73.0,139.94,267.36
BLD-04400,clinic,Sun,9,1042.5,13.5,47.0,1.0,19.79,106.22
BLD-04401,office,Tue,2,925.2,26.1,49.7,0.0,14.1,66.42
BLD-04402,school,Fri,9,4001.9,25.5,35.7,147.0,250.65,446.35
BLD-04403,school,Tue,22,2746.4,13.9,33.2,0.0,34.97,72.77
BLD-04404,office,Sat,6,690.9,21.9,86.4,14.0,27.33,111.52
BLD-04405,office,Tue,21,1668.3,28.6,54.3,0.0,32.92,95.25
BLD-04406,retail,Wed,6,3357.3,15.0,55.9,0.0,36.15,88.3
BLD-04407,retail,Thu,4,1923.3,20.4,41.2,0.0,42.57,80.58
BLD-04408,school,Wed,6,3999.1,31.2,58.2,6.0,54.01,125.17
BLD-04409,office,Tue,7,3641.3,15.1,29.4,143.0,243.83,410.82
BLD-04410,school,Fri,2,1147.1,25.7,41.8,8.0,21.68,81.55
BLD-04411,office,Mon,14,2053.7,13.4,34.6,69.0,125.5,230.19
BLD-04412,office,Sun,8,1774.2,20.7,77.0,1.0,44.41,97.56
BLD-04413,school,Mon,17,1129.3,25.6,26.9,38.0,86.46,158.34
BLD-04414,office,Wed,11,1094.6,2.8,35.0,47.0,102.85,196.31
BLD-04415,clinic,Sun,10,1494.2,17.7,20.2,0.0,21.68,65.5
BLD-04416,school,Tue,11,1617.4,25.4,39.9,50.0,108.32,198.05
BLD-04417,office,Mon,3,2520.4,23.8,47.2,9.0,30.38,101.15
BLD-04418,office,Sat,17,3631.6,17.8,71.6,14.0,66.88,137.15
BLD-04419,retail,Mon,2,2815.1,13.2,51.2,3.0,26.21,95.04
BLD-04420,office,Sun,17,3153.9,27.0,48.0,5.0,22.37,109.56
BLD-04421,office,Thu,23,1935.7,19.4,60.1,0.0,52.37,95.48
BLD-04422,office,Sun,18,2938.5,26.4,47.5,0.0,35.1,95.89
BLD-04423,office,Tue,10,2048.8,25.0,96.0,62.0,124.27,252.24
BLD-04424,school,Mon,7,1779.9,18.4,45.0,67.0,110.92,219.76
BLD-04425,school,Sun,20,5468.8,30.6,62.0,2.0,53.1,127.32
BLD-04426,office,Sat,6,718.8,17.2,69.0,8.0,45.74,102.03
BLD-04427,retail,Sun,11,895.2,31.5,44.5,2.0,26.59,103.51
BLD-04428,office,Wed,18,2643.6,32.6,57.8,106.0,200.47,369.47
BLD-04429,school,Wed,22,1937.2,30.4,46.5,11.0,57.95,117.21
BLD-04430,office,Fri,22,1103.7,20.6,59.7,1.0,33.17,70.23
BLD-04431,school,Thu,2,1326.1,42.4,56.7,0.0,5.64,130.38
BLD-04432,office,Tue,21,1411.6,23.2,52.6,0.0,16.13,63.39
BLD-04433,school,Wed,2,3376.3,23.9,35.4,15.0,74.87,118.35
BLD-04434,office,Fri,14,3937.0,21.8,86.7,137.0,244.07,432.35
BLD-04435,clinic,Mon,22,4832.9,13.0,65.0,0.0,42.2,110.05
BLD-04436,office,Wed,15,1026.1,32.4,28.0,42.0,80.79,191.66
BLD-04437,clinic,Wed,22,1141.4,17.4,47.9,0.0,20.19,88.0
BLD-04438,clinic,Mon,8,1104.5,29.4,28.3,44.0,104.34,193.84
BLD-04439,office,Mon,7,4084.1,31.3,68.0,147.0,273.82,467.56
BLD-04440,office,Thu,7,2687.8,26.8,54.6,107.0,201.22,339.43
BLD-04441,office,Mon,8,2286.3,16.5,55.1,92.0,174.66,293.38
BLD-04442,clinic,Wed,16,2456.4,19.3,40.7,101.0,189.59,328.26
BLD-04443,school,Thu,10,2140.9,0.6,49.6,82.0,152.86,307.08
BLD-04444,school,Sun,17,1284.4,21.1,68.4,0.0,15.1,81.59
BLD-04445,office,Mon,9,2814.5,28.4,72.9,96.0,163.06,331.11
BLD-04446,retail,Thu,7,2012.0,20.1,69.4,72.0,151.2,274.32
BLD-04447,office,Mon,4,1236.5,17.3,28.6,20.0,56.62,101.14
BLD-04448,office,Thu,13,2898.3,19.6,51.8,106.0,197.36,338.61
BLD-04449,office,Thu,21,1793.3,31.7,59.3,5.0,38.78,116.78
BLD-04450,school,Sat,20,2453.8,21.6,42.5,16.0,58.43,112.59
BLD-04451,clinic,Thu,6,2071.9,36.9,26.8,6.0,42.74,138.29
BLD-04452,retail,Sun,11,3374.7,17.4,33.1,0.0,42.47,95.25
BLD-04453,office,Mon,16,2445.2,23.7,80.5,97.0,169.61,333.25
BLD-04454,office,Mon,14,1439.5,18.5,34.7,52.0,117.58,203.32
BLD-04455,retail,Mon,1,2567.7,38.6,55.8,6.0,33.89,142.98
BLD-04456,school,Wed,14,2608.3,23.4,52.3,101.0,186.33,314.61
BLD-04457,office,Tue,0,2812.0,39.0,52.4,0.0,21.42,124.4
BLD-04458,office,Mon,2,3617.1,18.6,49.6,5.0,42.3,92.04
BLD-04459,school,Tue,15,1636.9,34.2,68.4,75.0,134.45,289.42
BLD-04460,clinic,Sun,2,3031.5,22.9,55.6,0.0,34.37,104.31
BLD-04461,retail,Sat,8,961.3,28.7,44.4,15.0,55.7,125.0
BLD-04462,office,Mon,14,2076.9,12.2,55.9,73.0,140.57,266.23
BLD-04463,retail,Sun,15,1928.3,24.8,33.3,18.0,76.32,130.28
BLD-04464,office,Tue,10,4408.0,13.4,63.1,155.0,280.09,476.77
BLD-04465,retail,Wed,2,2041.0,24.1,43.4,1.0,29.38,69.43
BLD-04466,office,Wed,19,2945.5,9.9,44.4,121.0,214.42,372.34
BLD-04467,office,Wed,22,944.4,21.2,63.7,16.0,53.56,117.45
BLD-04468,school,Sat,21,1858.2,30.8,48.1,11.0,52.98,124.88
BLD-04469,office,Fri,17,1465.5,26.4,49.0,48.0,87.52,193.74
BLD-04470,office,Fri,9,7218.9,12.1,74.8,262.0,450.24,737.97
BLD-04471,school,Fri,21,1597.4,6.8,38.5,4.0,22.31,84.23
BLD-04472,retail,Sat,11,2278.8,26.0,63.5,0.0,36.51,102.89
BLD-04473,retail,Tue,3,2337.8,34.6,71.1,10.0,57.35,159.16
BLD-04474,office,Wed,20,1025.8,14.3,74.8,0.0,29.1,96.89
BLD-04475,office,Mon,7,1709.1,38.8,92.0,55.0,88.08,273.0
BLD-04476,school,Fri,22,2671.8,21.9,44.1,0.0,14.86,59.8
BLD-04477,office,Thu,8,2292.4,6.3,40.2,100.0,186.8,320.03
BLD-04478,office,Fri,20,729.2,9.5,68.9,0.0,5.0,81.14
BLD-04479,clinic,Thu,12,1675.8,28.2,71.0,60.0,124.8,258.51
BLD-04480,clinic,Tue,11,3591.1,23.0,41.6,124.0,232.21,398.96
BLD-04481,office,Mon,7,2917.7,33.9,63.2,119.0,223.52,415.0
BLD-04482,retail,Sun,20,3947.6,12.4,98.0,0.0,35.38,118.95
BLD-04483,school,Wed,1,1370.7,22.9,56.8,0.0,31.87,78.02
BLD-04484,office,Mon,11,4068.6,22.1,70.7,147.0,260.86,452.21
BLD-04485,school,Wed,8,2153.6,20.9,81.8,81.0,137.39,269.57
BLD-04486,office,Sun,13,4724.3,18.9,97.6,9.0,61.85,138.36
BLD-04487,office,Tue,6,2203.5,19.1,59.2,0.0,44.72,87.11
BLD-04488,clinic,Sun,15,823.4,23.4,76.3,16.0,56.19,145.91
BLD-04489,school,Thu,9,3307.2,24.4,41.6,117.0,205.7,360.62
BLD-04490,office,Sun,4,1778.1,24.0,55.4,0.0,36.51,87.76
BLD-04491,school,Fri,4,1836.5,31.6,47.4,0.0,42.32,112.73
BLD-04492,clinic,Mon,16,1095.2,12.4,22.9,37.0,93.54,164.55
BLD-04493,office,Thu,6,4792.8,7.5,27.7,0.0,51.44,96.36
BLD-04494,clinic,Wed,7,1713.1,30.1,,71.0,119.43,270.33
BLD-04495,retail,Tue,15,4685.5,14.5,62.6,163.0,289.22,503.69
BLD-04496,office,Thu,7,1788.6,19.0,37.3,67.0,136.11,219.25
BLD-04497,retail,Mon,9,1409.4,17.1,81.5,46.0,107.02,213.18
BLD-04498,retail,Fri,5,4144.7,16.9,36.1,0.0,43.74,81.72
BLD-04499,retail,Sat,8,2123.9,10.3,59.4,13.0,65.52,132.88
BLD-04500,office,Mon,16,2133.9,17.4,47.9,93.0,151.76,301.2
BLD-04501,office,Thu,12,1189.2,27.2,56.8,57.0,117.84,220.92
BLD-04502,office,Fri,23,1766.1,22.0,70.3,0.0,33.85,77.38
BLD-04503,school,Mon,18,2702.6,26.0,67.9,90.0,176.84,314.83
BLD-04504,retail,Wed,0,1179.2,18.0,67.0,20.0,72.14,137.36
BLD-04505,retail,Tue,9,1698.4,29.2,64.9,63.0,114.41,251.64
BLD-04506,school,Mon,6,1797.9,17.9,33.4,0.0,44.28,61.41
BLD-04507,office,Sat,14,2271.3,5.1,74.3,13.0,58.73,142.06
BLD-04508,office,Thu,6,4475.6,24.5,37.0,5.0,45.53,100.2
BLD-04509,retail,Sat,23,1905.0,28.1,53.2,9.0,34.03,108.6
BLD-04510,school,Fri,7,1579.4,17.5,49.0,43.0,94.78,168.62
BLD-04511,retail,Sun,12,8221.2,31.6,61.0,1.0,59.24,158.02
BLD-04512,office,Sun,2,1787.0,15.2,46.8,12.0,50.56,98.04
BLD-04513,office,Fri,21,2007.6,27.4,52.3,0.0,23.76,94.01
BLD-04514,clinic,Wed,21,1852.8,36.0,82.5,14.0,56.5,189.99
BLD-04515,office,Wed,19,1926.3,22.3,33.0,62.0,118.65,205.95
BLD-04516,office,Sat,8,2283.7,20.2,55.0,3.0,47.8,84.83
BLD-04517,retail,Wed,1,3422.7,21.2,36.1,17.0,78.29,131.25
BLD-04518,school,Thu,17,2670.8,35.0,66.5,90.0,159.56,331.33
BLD-04519,clinic,Tue,10,3689.4,25.2,42.6,138.0,244.36,439.38
BLD-04520,clinic,Sun,23,3631.3,39.2,55.7,9.0,59.75,184.01
BLD-04521,retail,Fri,16,2431.6,24.2,32.5,92.0,172.49,299.05
BLD-04522,office,Wed,12,2635.5,16.8,77.0,96.0,163.02,321.92
BLD-04523,school,Fri,23,3745.9,17.3,56.2,0.0,45.63,94.29
BLD-04524,clinic,Wed,19,1290.6,22.5,57.3,52.0,99.1,196.59
BLD-04525,office,Tue,11,7298.0,5.7,69.1,264.0,449.2,769.89
BLD-04526,clinic,Sun,0,1720.2,18.2,33.7,0.0,18.94,78.65
BLD-04527,retail,Sun,2,1858.9,18.4,44.5,13.0,56.88,106.95
BLD-04528,office,Sat,10,1229.7,23.9,57.9,0.0,22.71,79.41
BLD-04529,school,Wed,13,1247.4,37.5,25.0,37.0,91.49,202.73
BLD-04530,retail,Tue,0,3511.3,22.4,26.9,0.0,33.9,79.47
BLD-04531,office,Mon,3,6541.4,6.6,41.0,0.0,43.35,103.62
BLD-04532,office,Sat,16,1675.6,14.7,35.6,2.0,35.82,77.45
BLD-04533,retail,Wed,18,2599.1,24.1,49.2,87.0,152.15,291.84
BLD-04534,office,Sun,0,2445.2,22.7,63.9,8.0,61.76,115.26
BLD-04535,office,Sun,12,3555.8,35.0,67.7,15.0,60.58,194.21
BLD-04536,retail,Mon,1,6381.7,29.7,85.8,5.0,49.36,151.98
BLD-04537,retail,Sun,17,4565.5,29.4,54.6,0.0,36.27,122.39
BLD-04538,school,Mon,20,1961.9,20.3,57.6,0.0,30.02,68.37
BLD-04539,clinic,Thu,20,2835.6,30.8,54.6,6.0,52.3,134.26
BLD-04540,clinic,Thu,14,2974.1,14.8,60.4,94.0,165.95,318.57
BLD-04541,school,Sun,15,2178.9,29.7,61.8,0.0,27.03,95.56
BLD-04542,office,Fri,22,1300.1,19.7,70.7,0.0,26.71,87.97
BLD-04543,retail,Sun,14,1499.4,10.4,70.6,5.0,50.92,121.7
BLD-04544,office,Fri,10,3817.4,26.7,63.8,158.0,284.26,487.17
BLD-04545,retail,Sat,18,4011.2,33.2,80.7,0.0,53.95,147.43
BLD-04546,school,Sat,14,1991.4,18.7,55.5,11.0,46.78,105.59
BLD-04547,office,Sun,20,2493.7,34.5,44.6,0.0,46.3,112.38
BLD-04548,school,Wed,12,3908.5,8.8,47.4,133.0,249.81,415.3
BLD-04549,school,Wed,20,970.8,12.4,53.2,17.0,58.35,112.76
BLD-04550,clinic,Sun,1,1775.7,20.8,36.6,21.0,68.37,126.64
BLD-04551,office,Sat,0,5795.2,19.0,44.6,7.0,49.74,103.55
BLD-04552,clinic,Sun,2,2539.9,16.7,,7.0,60.94,101.83
BLD-04553,office,Fri,13,1279.5,23.1,60.8,50.0,99.67,207.56
BLD-04554,retail,Sun,17,2327.4,17.8,61.0,3.0,41.41,103.03
BLD-04555,clinic,Sat,5,3592.1,19.1,24.9,7.0,53.64,91.22
BLD-04556,office,Sat,3,648.0,24.2,43.9,9.0,24.38,87.48
BLD-04557,office,Tue,20,2394.3,16.7,86.0,17.0,56.57,139.44
BLD-04558,retail,Thu,18,1839.9,21.2,65.7,66.0,130.39,248.89
BLD-04559,retail,Sat,15,1000.3,16.8,62.7,5.0,32.37,108.9
BLD-04560,office,Sat,11,2288.2,12.4,43.7,3.0,35.26,88.4
BLD-04561,school,Sun,10,2060.5,28.1,,12.0,63.17,131.73
BLD-04562,retail,Wed,0,2174.7,35.7,54.8,23.0,56.93,181.4
BLD-04563,office,Wed,4,1861.3,30.5,41.5,12.0,34.76,121.98
BLD-04564,school,Sun,21,1347.5,24.7,46.6,10.0,36.53,89.0
BLD-04565,office,Sun,8,1094.3,16.9,47.0,11.0,50.32,91.82
BLD-04566,office,Tue,16,1579.2,19.7,29.7,71.0,143.23,244.43
BLD-04567,retail,Wed,16,3323.1,30.5,32.5,142.0,254.35,453.05
BLD-04568,office,Sun,7,2460.4,3.7,51.6,0.0,40.96,105.74
BLD-04569,clinic,Tue,4,2128.2,19.1,40.6,9.0,46.57,106.29
BLD-04570,school,Sat,16,1335.6,27.9,49.9,0.0,22.16,75.45
BLD-04571,school,Mon,2,1838.6,12.9,27.7,12.0,37.9,84.15
BLD-04572,office,Tue,11,3133.9,25.4,68.6,120.0,201.91,384.24
BLD-04573,office,Sat,21,2803.2,25.0,90.4,0.0,30.94,114.21
BLD-04574,retail,Fri,17,1749.6,10.4,72.5,45.0,104.38,218.12
BLD-04575,retail,Thu,18,628.1,22.7,74.2,26.0,65.88,155.24
BLD-04576,retail,Sat,1,1591.3,17.1,65.6,6.0,37.59,86.91
BLD-04577,office,Wed,4,1745.0,25.3,59.5,3.0,22.93,83.39
BLD-04578,office,Thu,6,1423.4,27.4,56.5,0.0,53.49,95.46
BLD-04579,office,Fri,7,1804.2,25.2,39.5,61.0,112.46,211.49
BLD-04580,retail,Sat,4,3255.7,22.6,66.7,4.0,42.23,107.46
BLD-04581,office,Wed,23,2161.0,24.3,65.7,0.0,40.67,101.05
BLD-04582,school,Fri,3,3537.8,12.6,47.1,10.0,51.57,108.22
BLD-04583,school,Thu,16,1066.6,21.8,63.9,41.0,79.7,166.47
BLD-04584,office,Thu,14,1900.3,15.6,43.2,58.0,124.69,213.12
BLD-04585,retail,Sun,14,867.4,30.3,44.3,5.0,19.57,101.96
BLD-04586,school,Wed,5,1792.7,27.5,68.2,7.0,57.09,114.37
BLD-04587,clinic,Fri,7,1331.8,27.4,62.3,65.0,127.65,260.67
BLD-04588,office,Sun,14,4069.3,35.7,51.1,11.0,52.24,170.67
BLD-04589,school,Sat,7,2678.1,19.4,49.1,0.0,18.55,62.77
BLD-04590,office,Sun,16,3580.8,17.6,58.0,15.0,47.3,125.72
BLD-04591,retail,Fri,0,1790.3,19.2,23.8,0.0,28.64,73.07
BLD-04592,school,Tue,1,1348.5,9.2,42.1,4.0,52.32,77.19
BLD-04593,office,Sun,17,1328.0,9.8,33.5,10.0,44.64,102.52
BLD-04594,retail,Fri,14,2498.9,27.0,55.2,105.0,192.97,358.72
BLD-04595,school,Tue,1,5245.3,10.8,73.5,19.0,75.34,152.0
BLD-04596,office,Wed,21,2681.6,13.4,63.1,14.0,77.37,129.18
BLD-04597,school,Tue,0,1837.8,21.2,46.3,3.0,29.44,73.85
BLD-04598,office,Sat,22,2009.4,18.7,43.0,9.0,59.19,95.61
BLD-04599,clinic,Mon,17,2167.2,29.1,42.2,83.0,151.18,299.29
BLD-04600,retail,Sat,23,5819.7,22.5,89.0,0.0,38.24,117.08
BLD-04601,retail,Thu,22,3977.2,15.6,56.2,3.0,41.61,112.17
BLD-04602,clinic,Mon,7,2492.4,29.8,58.4,107.0,191.62,364.1
BLD-04603,retail,Fri,18,2319.0,27.8,19.1,92.0,174.9,304.62
BLD-04604,office,Sat,5,2540.0,10.7,34.9,20.0,38.92,118.27
BLD-04605,office,Sat,11,2789.1,24.0,54.2,0.0,34.63,90.03
BLD-04606,office,Thu,5,1804.2,16.3,46.5,1.0,24.73,71.12
BLD-04607,clinic,Wed,11,1467.1,16.1,57.3,60.0,110.63,234.81
BLD-04608,clinic,Tue,20,3610.8,37.0,57.0,10.0,38.49,163.16
BLD-04609,retail,Mon,10,2223.3,23.0,65.2,82.0,150.25,278.03
BLD-04610,office,Wed,2,3468.9,20.3,23.2,10.0,45.71,85.37
BLD-04611,office,Fri,7,4848.2,22.7,36.2,183.0,311.63,524.9
BLD-04612,clinic,Mon,18,2824.6,29.0,53.3,94.0,157.91,329.12
BLD-04613,office,Sun,12,2613.2,16.4,44.0,10.0,48.43,106.07
BLD-04614,school,Fri,13,10222.3,17.8,49.7,378.0,621.97,1010.87
BLD-04615,office,Wed,10,2429.8,27.3,56.9,93.0,154.87,320.03
BLD-04616,office,Sun,7,1303.4,9.9,42.3,0.0,21.73,67.11
BLD-04617,retail,Tue,14,1922.2,29.9,58.3,70.0,126.95,273.82
BLD-04618,clinic,Sun,15,4633.3,9.2,64.2,8.0,52.94,144.46
BLD-04619,retail,Tue,21,1182.1,20.0,56.1,0.0,21.11,90.28
BLD-04620,school,Wed,14,1533.1,9.2,67.3,66.0,112.64,245.88
BLD-04621,office,Wed,23,3741.7,13.5,18.1,10.0,43.08,87.91
BLD-04622,clinic,Sun,19,1931.1,32.4,45.0,5.0,19.96,104.5
BLD-04623,school,Tue,1,2086.6,30.4,70.2,4.0,47.72,126.58
BLD-04624,school,Sun,9,3682.8,31.2,40.3,6.0,58.71,118.03
BLD-04625,retail,Wed,9,1559.5,10.4,38.0,60.0,132.43,220.84
BLD-04626,office,Tue,0,1087.1,13.6,52.9,0.0,20.45,64.8
BLD-04627,office,Fri,4,1129.5,24.7,54.7,1.0,40.99,93.27
BLD-04628,retail,Fri,18,2908.7,27.7,45.9,108.0,199.7,358.42
BLD-04629,school,Wed,8,2491.4,15.6,86.3,,179.74,326.07
BLD-04630,office,Mon,3,1577.8,17.4,59.9,10.0,37.03,96.87
BLD-04631,office,Wed,6,1261.4,12.9,39.7,16.0,49.33,98.61
BLD-04632,clinic,Thu,6,1932.1,35.3,30.5,0.0,30.75,120.37
BLD-04633,school,Mon,4,3759.9,18.2,61.9,1.0,42.17,87.47
BLD-04634,school,Mon,2,1472.9,22.3,39.2,21.0,59.37,100.46
BLD-04635,office,Sun,18,1600.6,22.7,91.6,0.0,24.92,97.58
BLD-04636,clinic,Mon,19,1242.4,30.8,62.3,42.0,103.49,220.43
BLD-04637,clinic,Wed,11,1844.3,14.4,64.5,68.0,130.24,252.44
BLD-04638,school,Sat,14,2587.6,31.3,59.2,20.0,60.64,148.28
BLD-04639,office,Wed,22,6072.3,11.8,74.1,0.0,44.12,116.91
BLD-04640,retail,Thu,20,2442.4,31.3,15.0,8.0,42.64,106.86
BLD-04641,retail,Mon,0,2144.0,8.3,34.5,7.0,27.45,91.81
BLD-04642,retail,Sat,22,3329.0,21.2,72.6,0.0,25.29,99.98
BLD-04643,clinic,Fri,1,3073.0,35.0,80.5,4.0,64.75,158.26
BLD-04644,school,Sat,0,1667.3,27.6,34.0,0.0,12.17,66.76
BLD-04645,office,Sun,9,6642.2,25.4,24.1,9.0,64.79,123.76
BLD-04646,school,Wed,17,2174.4,13.6,57.8,96.0,178.12,309.27
BLD-04647,retail,Mon,1,2464.3,16.1,63.3,1.0,43.48,86.71
BLD-04648,office,Wed,7,2866.5,32.8,57.5,104.0,193.13,358.19
BLD-04649,office,Tue,6,2597.3,25.8,54.0,24.0,87.3,150.0
BLD-04650,retail,Thu,9,4575.2,29.1,,162.0,285.7,477.06
BLD-04651,office,Tue,23,1657.5,22.6,48.6,0.0,42.11,79.31
BLD-04652,retail,Sun,7,3204.3,19.7,51.2,15.0,67.72,124.24
BLD-04653,office,Fri,5,2380.8,28.1,45.7,4.0,52.94,101.71
BLD-04654,office,Tue,2,3526.0,24.1,22.4,6.0,45.35,92.36
BLD-04655,office,Sun,4,1984.3,20.6,64.9,22.0,66.92,132.54
BLD-04656,retail,Sat,3,1859.4,10.7,69.7,0.0,25.75,102.55
BLD-04657,retail,Thu,13,3126.3,29.6,41.5,114.0,207.1,379.46
BLD-04658,school,Tue,10,2612.5,25.5,51.8,87.0,165.1,287.08
BLD-04659,school,Wed,11,1484.0,17.1,46.6,60.0,97.16,198.31
BLD-04660,office,Fri,19,4196.9,31.4,,149.0,260.86,468.63
BLD-04661,retail,Sat,13,3127.0,24.0,63.4,0.0,43.41,101.65
BLD-04662,clinic,Tue,3,2123.0,24.1,63.8,10.0,31.99,117.98
BLD-04663,retail,Sat,9,1757.2,29.1,73.3,4.0,25.17,115.24
BLD-04664,office,Tue,7,2620.2,27.3,72.9,88.0,176.04,312.41
BLD-04665,school,Tue,19,3020.7,24.3,52.1,102.0,200.51,329.8
BLD-04666,office,Thu,7,1023.6,20.5,98.0,42.0,82.89,195.56
BLD-04667,office,Tue,3,2634.7,37.9,81.3,0.0,34.28,146.21
BLD-04668,office,Wed,17,3009.2,16.1,43.8,113.0,202.76,350.85
BLD-04669,office,Wed,10,711.3,28.0,57.2,40.0,96.61,191.87
BLD-04670,office,Tue,2,2417.2,21.3,21.2,9.0,39.84,72.64
BLD-04671,retail,Sat,16,3070.6,25.6,55.5,0.0,30.5,105.52
BLD-04672,office,Wed,5,2907.5,31.9,83.5,6.0,56.04,151.7
BLD-04673,retail,Fri,20,3233.7,19.5,98.0,0.0,24.9,114.71
BLD-04674,clinic,Sat,19,1879.9,26.8,52.9,5.0,32.04,104.29
BLD-04675,school,Fri,8,1335.5,24.1,60.7,49.0,102.17,185.54
BLD-04676,school,Tue,13,927.4,16.9,65.3,29.0,84.45,152.77
BLD-04677,retail,Sat,13,3716.3,32.1,88.7,9.0,38.43,164.82
BLD-04678,office,Tue,15,3083.1,27.7,38.3,98.0,174.23,326.32
BLD-04679,office,Tue,1,3854.8,18.5,98.0,0.0,43.34,111.58
BLD-04680,school,Sun,7,1553.3,30.8,49.6,0.0,35.68,93.75
BLD-04681,retail,Wed,4,3235.9,15.3,35.1,0.0,37.06,63.63
BLD-04682,retail,Fri,16,1069.5,21.8,49.6,53.0,104.61,209.14
BLD-04683,retail,Mon,1,1449.3,18.6,41.2,10.0,44.09,103.79
BLD-04684,retail,Fri,12,2337.1,28.0,62.1,88.0,148.28,310.04
BLD-04685,school,Sun,17,3024.7,18.2,26.9,4.0,41.11,79.11
BLD-04686,retail,Fri,22,4925.3,28.1,57.4,4.0,62.52,141.97
BLD-04687,clinic,Fri,6,1960.6,26.8,66.3,15.0,39.14,137.29
BLD-04688,school,Sat,0,1451.9,19.0,80.2,0.0,19.97,81.07
BLD-04689,clinic,Wed,17,1416.6,36.6,66.6,61.0,115.2,299.94
BLD-04690,clinic,Wed,0,1581.4,16.0,79.2,0.0,24.99,110.37
BLD-04691,school,Mon,1,6388.8,10.7,44.7,8.0,77.97,118.1
BLD-04692,office,Fri,23,3163.7,28.8,61.7,8.0,37.34,119.13
BLD-04693,office,Sat,20,3752.7,4.8,17.1,10.0,40.69,108.15
BLD-04694,retail,Sat,16,1961.6,33.9,53.1,17.0,63.06,171.19
BLD-04695,office,Sat,20,2198.3,22.8,61.6,0.0,24.32,84.55
BLD-04696,school,Mon,1,3077.5,10.6,63.1,12.0,60.19,104.65
BLD-04697,school,Fri,2,1725.8,14.4,28.2,3.0,31.43,50.51
BLD-04698,clinic,Sat,7,1912.9,8.9,48.4,0.0,34.24,104.1
BLD-04699,retail,Tue,0,1591.4,25.1,50.7,20.0,42.69,129.82
BLD-04700,retail,Thu,21,1774.8,11.4,47.7,10.0,48.66,108.85
BLD-04701,office,Sun,1,2252.3,26.0,67.3,1.0,34.69,90.36
BLD-04702,office,Wed,13,1483.0,19.6,51.3,65.0,122.88,229.83
BLD-04703,retail,Sat,20,2523.7,18.2,56.7,4.0,25.77,93.94
BLD-04704,office,Thu,17,2522.0,26.1,46.7,91.0,170.76,298.91
BLD-04705,school,Fri,5,2018.6,27.0,73.1,0.0,37.31,92.91
BLD-04706,clinic,Fri,11,1478.9,31.2,74.4,59.0,111.1,269.0
BLD-04707,school,Fri,13,2313.7,16.9,49.8,82.0,149.14,274.32
BLD-04708,school,Sat,18,1726.5,21.8,98.0,5.0,44.34,109.38
BLD-04709,retail,Sun,10,2249.8,16.9,42.0,11.0,64.6,118.45
BLD-04710,retail,Wed,6,3726.8,23.3,72.1,5.0,53.8,124.95
BLD-04711,office,Sun,19,1205.7,15.8,38.8,20.0,59.12,102.56
BLD-04712,school,Fri,21,6244.7,18.6,68.1,4.0,50.55,122.81
BLD-04713,office,Fri,11,2124.7,18.6,66.8,91.0,166.72,312.12
BLD-04714,school,Wed,0,2680.9,24.3,37.8,12.0,37.47,95.87
BLD-04715,office,Wed,12,1532.9,22.0,52.8,71.0,133.09,246.42
BLD-04716,school,Fri,21,3806.5,26.1,86.8,20.0,78.42,166.15
BLD-04717,retail,Wed,23,2071.3,21.1,41.2,0.0,30.68,77.82
BLD-04718,office,Wed,9,1820.8,17.4,61.8,71.0,129.53,245.66
BLD-04719,school,Sat,3,1669.0,23.5,60.7,3.0,26.0,89.71
BLD-04720,office,Wed,13,1934.0,14.7,54.3,74.0,140.42,246.52
BLD-04721,office,Fri,19,2689.3,26.6,25.6,97.0,165.91,299.2
BLD-04722,office,Mon,22,2390.3,19.7,69.1,0.0,22.48,85.98
BLD-04723,office,Mon,1,2158.3,23.6,55.2,0.0,45.96,86.37
BLD-04724,clinic,Sat,6,1563.6,23.8,73.8,5.0,25.39,111.9
BLD-04725,clinic,Mon,11,1520.8,34.8,58.9,66.0,119.07,279.8
BLD-04726,retail,Sat,2,1763.4,25.1,56.1,0.0,31.97,87.27
BLD-04727,school,Sun,21,2743.9,22.6,61.3,1.0,30.06,88.08
BLD-04728,retail,Thu,2,3023.3,16.5,38.2,0.0,34.98,69.95
BLD-04729,clinic,Sun,15,3225.3,28.4,81.5,0.0,43.53,137.53
BLD-04730,school,Wed,22,2198.5,19.8,48.6,2.0,18.32,65.01
BLD-04731,office,Sun,16,2644.7,9.8,48.8,7.0,50.62,113.41
BLD-04732,retail,Tue,18,2029.1,20.4,77.0,87.0,154.79,304.24
BLD-04733,clinic,Wed,6,953.3,23.5,59.2,0.0,22.95,87.05
BLD-04734,office,Wed,19,1983.4,15.5,51.0,75.0,161.65,259.72
BLD-04735,school,Sat,10,1837.3,21.1,62.0,13.0,34.82,104.4
BLD-04736,office,Mon,1,1336.0,21.4,65.6,0.0,33.25,79.76
BLD-04737,office,Sat,8,1675.5,21.6,53.0,14.0,60.98,110.86
BLD-04738,retail,Mon,8,2347.4,31.9,70.7,84.0,150.55,327.36
BLD-04739,office,Wed,12,1277.0,11.5,33.4,55.0,102.93,192.76
BLD-04740,clinic,Fri,6,1564.1,38.3,59.5,2.0,27.57,149.41
BLD-04741,retail,Tue,11,4624.9,21.7,68.6,173.0,293.11,512.33
BLD-04742,office,Thu,10,1019.3,26.6,65.6,53.0,106.24,229.73
BLD-04743,retail,Sun,7,2014.8,23.0,16.9,3.0,43.49,71.5
BLD-04744,retail,Sat,16,1256.9,8.2,52.8,12.0,41.4,112.95
BLD-04745,school,Mon,7,1533.7,13.5,34.4,61.0,128.92,203.84
BLD-04746,school,Fri,18,2000.8,17.8,76.9,69.0,147.51,247.78
BLD-04747,retail,Fri,6,1369.5,29.9,48.4,3.0,36.29,101.84
BLD-04748,office,Mon,20,2897.8,10.9,75.0,2.0,41.85,109.24
BLD-04749,office,Fri,8,4208.1,15.2,34.3,143.0,247.39,423.38
BLD-04750,office,Thu,0,3295.2,23.3,61.6,8.0,20.95,105.98
BLD-04751,office,Fri,3,3597.6,25.8,55.1,9.0,55.75,118.24
BLD-04752,retail,Wed,19,1134.5,25.5,98.0,51.0,111.0,237.74
BLD-04753,office,Tue,20,1957.7,14.1,75.0,15.0,54.76,129.67
BLD-04754,school,Sat,5,2753.4,9.2,,12.0,60.11,140.72
BLD-04755,school,Sat,14,3342.2,26.3,89.5,0.0,29.89,111.55
BLD-04756,retail,Tue,13,5104.2,33.5,59.8,183.0,322.1,591.32
BLD-04757,school,Tue,3,3675.2,19.2,53.3,11.0,67.92,105.92
BLD-04758,clinic,Fri,10,3383.0,12.8,51.4,128.0,234.19,414.67
BLD-04759,clinic,Sat,16,7788.0,18.6,60.6,4.0,72.58,144.35
BLD-04760,office,Tue,23,2304.1,25.2,15.0,0.0,44.71,64.65
BLD-04761,retail,Tue,20,1915.0,20.1,55.0,0.0,17.45,74.81
BLD-04762,office,Sat,2,2395.5,33.3,58.9,9.0,52.27,135.61
BLD-04763,retail,Fri,5,1418.0,29.4,52.4,0.0,21.35,97.59
BLD-04764,school,Sun,10,2272.6,23.5,29.0,0.0,20.02,68.89
BLD-04765,office,Sat,3,960.4,6.4,52.5,10.0,37.99,92.94
BLD-04766,office,Sun,13,1706.2,16.5,28.9,0.0,46.37,73.89
BLD-04767,office,Tue,0,2081.5,17.6,85.2,8.0,36.89,104.1
BLD-04768,retail,Tue,2,3470.4,16.0,50.6,17.0,43.8,127.13
BLD-04769,retail,Tue,1,3750.1,23.5,19.9,0.0,22.55,78.82
BLD-04770,office,Mon,7,1385.3,23.7,51.5,40.0,92.32,167.8
BLD-04771,office,Sat,18,5959.3,8.6,70.2,2.0,41.25,120.31
BLD-04772,office,Fri,4,2362.4,28.4,58.0,0.0,11.02,80.45
BLD-04773,school,Mon,23,2468.7,22.1,39.5,4.0,23.82,81.89
BLD-04774,office,Tue,6,1012.0,24.9,43.5,,39.72,98.19
BLD-04775,office,Tue,1,1633.7,28.0,,7.0,46.83,95.27
BLD-04776,clinic,Wed,8,3641.4,15.9,47.5,134.0,233.11,414.24
BLD-04777,school,Thu,17,2386.8,32.1,33.6,98.0,185.04,326.41
BLD-04778,retail,Wed,2,2316.8,20.9,53.9,9.0,53.92,104.68
BLD-04779,school,Sun,1,2453.5,34.1,32.3,3.0,28.48,96.92
BLD-04780,school,Tue,20,1100.5,14.8,71.1,9.0,38.69,84.09
BLD-04781,school,Thu,14,2100.3,33.5,73.2,67.0,124.9,282.53
BLD-04782,office,Thu,8,4325.2,14.8,37.9,167.0,295.19,490.67
BLD-04783,office,Wed,18,3706.5,42.4,42.8,137.0,236.2,474.69
BLD-04784,clinic,Sat,20,2071.7,14.4,47.8,0.0,18.16,86.48
BLD-04785,retail,Sun,8,4660.0,30.5,54.5,1.0,42.67,130.73
BLD-04786,retail,Mon,13,1202.1,19.1,59.4,55.0,120.41,225.88
BLD-04787,office,Thu,0,1379.9,27.7,62.9,0.0,32.63,106.2
BLD-04788,office,Mon,7,5381.7,21.7,62.5,199.0,352.1,580.24
BLD-04789,office,Thu,14,2903.4,13.3,81.4,115.0,215.3,393.59
BLD-04790,clinic,Fri,4,1915.1,-0.4,56.0,4.0,36.08,119.12
BLD-04791,retail,Wed,23,2142.4,42.1,32.9,0.0,24.59,144.7
BLD-04792,school,Wed,23,1493.7,22.6,27.6,3.0,23.78,67.29
BLD-04793,clinic,Wed,6,2512.4,-1.5,82.8,0.0,16.18,126.53
BLD-04794,office,Wed,9,2418.6,24.4,63.7,86.0,172.57,278.56
BLD-04795,school,Wed,4,2221.1,27.5,58.5,0.0,27.58,80.42
BLD-04796,office,Wed,12,1260.8,16.3,62.6,49.0,83.5,188.63
BLD-04797,office,Fri,2,2498.1,16.3,57.7,0.0,44.34,89.2
BLD-04798,clinic,Mon,9,1706.2,21.8,62.4,66.0,128.77,246.38
BLD-04799,retail,Mon,13,1370.5,31.6,48.7,62.0,130.16,261.54
BLD-04800,office,Thu,14,4041.0,22.8,72.9,158.0,272.55,477.93
BLD-04801,office,Fri,14,6233.4,33.7,46.1,217.0,364.5,652.54
BLD-04802,school,Tue,5,5589.6,31.0,39.6,0.0,48.82,112.79
BLD-04803,office,Tue,19,3005.7,20.2,26.3,118.0,216.31,346.84
BLD-04804,school,Fri,16,1936.7,9.4,51.0,79.0,145.45,275.4
BLD-04805,school,Wed,18,2126.9,20.2,76.5,75.0,156.14,279.29
BLD-04806,office,Sat,11,2672.9,26.2,47.2,0.0,42.15,89.04
BLD-04807,office,Tue,21,1798.1,22.5,31.6,5.0,42.34,78.52
BLD-04808,office,Mon,9,4143.3,27.1,59.8,137.0,232.97,419.13
BLD-04809,clinic,Thu,19,828.0,28.9,43.9,38.0,69.8,171.4
BLD-04810,office,Wed,4,1908.9,26.2,81.3,13.0,61.13,142.53
BLD-04811,school,Sat,5,3231.6,19.8,73.3,1.0,14.54,95.21
BLD-04812,office,Thu,12,1466.4,26.2,33.4,45.0,94.46,182.91
BLD-04813,retail,Wed,13,1960.5,39.9,52.0,85.0,158.81,363.04
BLD-04814,office,Tue,17,2925.3,10.1,42.2,110.0,193.8,342.97
BLD-04815,office,Tue,7,4559.6,25.9,35.3,173.0,299.39,496.92
BLD-04816,retail,Sat,20,1182.2,36.7,54.0,0.0,30.93,136.56
BLD-04817,retail,Tue,7,1140.9,12.6,68.9,34.0,71.69,158.02
BLD-04818,office,Thu,12,1397.0,30.0,53.6,57.0,121.9,246.03
BLD-04819,office,Sat,22,1051.7,31.1,46.2,12.0,50.03,121.47
BLD-04820,clinic,Sun,12,1088.3,10.2,17.5,0.0,24.55,71.48
BLD-04821,office,Tue,16,1379.3,27.7,43.7,52.0,97.25,205.63
BLD-04822,office,Mon,21,3977.0,19.8,64.4,0.0,37.0,80.36
BLD-04823,office,Sat,23,1893.9,21.5,32.2,0.0,50.68,79.05
BLD-04824,office,Fri,11,2233.4,19.4,76.8,82.0,146.36,288.52
BLD-04825,school,Wed,10,1390.7,32.5,45.1,58.0,129.87,241.05
BLD-04826,retail,Fri,4,2981.9,21.1,58.3,0.0,16.38,78.54
BLD-04827,school,Tue,12,5413.1,18.3,48.2,208.0,347.04,586.95
BLD-04828,school,Fri,22,1436.8,18.4,35.0,3.0,26.82,67.61
BLD-04829,office,Sat,11,5034.6,19.3,62.5,14.0,72.63,139.83
BLD-04830,retail,Wed,8,2620.5,13.4,44.8,103.0,187.54,331.86
BLD-04831,office,Thu,2,2217.9,18.2,40.8,11.0,60.47,102.87
BLD-04832,office,Wed,9,2665.8,22.9,15.0,115.0,201.84,333.03
BLD-04833,retail,Mon,5,2653.6,25.2,77.1,0.0,32.08,110.41
BLD-04834,office,Mon,23,5364.8,31.6,55.1,,47.67,133.36
BLD-04835,office,Sun,12,2824.0,23.9,73.8,0.0,53.56,102.94
BLD-04836,office,Thu,3,2852.5,18.2,65.5,3.0,26.71,90.12
BLD-04837,retail,Tue,1,1797.0,13.9,73.8,10.0,39.11,113.97
BLD-04838,office,Mon,20,3291.1,24.4,45.4,13.0,44.88,109.87
BLD-04839,retail,Wed,22,1389.8,21.1,31.7,1.0,34.79,76.83
BLD-04840,retail,Sun,18,2318.2,21.3,68.0,0.0,19.86,93.36
BLD-04841,school,Wed,2,8779.6,24.1,57.2,5.0,82.84,136.06
BLD-04842,office,Sun,2,661.3,26.2,47.1,0.0,25.45,74.59
BLD-04843,retail,Thu,4,2460.5,24.2,67.6,0.0,35.97,97.86
BLD-04844,office,Sat,18,2506.4,20.6,60.2,9.0,50.16,112.83
BLD-04845,clinic,Sat,18,1971.9,15.6,65.9,8.0,41.69,117.65
BLD-04846,retail,Mon,20,1994.3,17.1,37.6,11.0,47.69,97.66
BLD-04847,office,Mon,2,2298.7,28.8,71.6,1.0,33.54,100.9
BLD-04848,retail,Sun,3,1949.3,18.6,54.9,12.0,52.99,107.46
BLD-04849,school,Sun,21,2447.4,11.2,73.4,4.0,29.57,97.77
BLD-04850,school,Mon,22,1740.9,31.3,71.5,2.0,22.04,108.76
BLD-04851,office,Fri,17,5807.8,14.5,66.7,203.0,357.94,587.49
BLD-04852,school,Sun,2,1949.3,22.3,53.1,0.0,29.78,67.28
BLD-04853,retail,Sun,1,2891.8,25.9,67.1,0.0,13.5,89.85
BLD-04854,clinic,Wed,1,1595.7,22.0,73.9,6.0,32.63,117.22
BLD-04855,office,Sat,16,3443.1,2.2,65.3,0.0,51.07,127.59
BLD-04856,school,Fri,20,3128.4,25.1,58.4,0.0,32.91,89.37
BLD-04857,retail,Sun,15,2690.4,32.6,67.1,1.0,28.95,132.7
BLD-04858,retail,Tue,6,1343.6,28.3,46.1,6.0,21.43,94.51
BLD-04859,school,Fri,18,1533.1,5.0,80.7,62.0,115.45,245.74
BLD-04860,office,Mon,1,4942.2,39.0,26.4,4.0,36.13,145.41
BLD-04861,retail,Wed,19,1525.0,11.4,55.6,58.0,119.39,223.71
BLD-04862,office,Mon,21,2992.4,13.4,48.1,0.0,34.46,83.99
BLD-04863,office,Thu,17,1398.0,28.3,44.1,59.0,112.46,228.81
BLD-04864,school,Sat,21,3569.7,25.6,60.2,3.0,33.16,98.44
BLD-04865,office,Fri,14,1582.5,22.6,35.9,60.0,133.59,222.67
BLD-04866,office,Wed,11,1385.6,17.4,91.6,62.0,113.49,239.83
BLD-04867,office,Wed,7,1562.9,32.6,32.0,66.0,120.24,243.89
BLD-04868,retail,Wed,22,1686.5,21.7,38.8,3.0,30.82,82.51
BLD-04869,clinic,Sat,16,2671.7,9.5,37.2,1.0,33.16,111.05
BLD-04870,school,Tue,4,2274.5,31.9,58.4,1.0,37.42,114.56
BLD-04871,office,Mon,22,1300.5,23.8,72.2,0.0,36.51,72.16
BLD-04872,retail,Thu,1,2170.7,30.9,63.9,13.0,58.74,143.32
BLD-04873,office,Sat,14,1270.7,26.6,80.0,0.0,51.38,115.34
BLD-04874,clinic,Thu,4,2996.3,41.1,40.9,11.0,33.56,167.99
BLD-04875,school,Tue,15,3271.9,19.5,66.2,121.0,218.9,373.97
BLD-04876,office,Mon,9,2174.9,22.1,,93.0,164.99,292.99
BLD-04877,school,Sun,10,2506.4,27.8,58.9,8.0,64.12,124.67
BLD-04878,office,Sat,16,5101.2,19.6,73.8,11.0,60.66,143.06
BLD-04879,retail,Tue,18,2039.7,28.4,26.2,72.0,117.86,248.17
BLD-04880,office,Mon,9,1398.2,-1.6,88.8,44.0,97.93,227.21
BLD-04881,retail,Mon,23,2905.1,21.4,52.5,5.0,43.79,93.54
BLD-04882,retail,Wed,11,1277.3,21.2,27.7,34.0,85.69,154.44
BLD-04883,retail,Sat,3,1988.5,20.9,43.2,0.0,22.72,74.99
BLD-04884,clinic,Tue,0,1650.3,15.0,56.7,0.0,31.88,94.2
BLD-04885,office,Sat,4,1570.8,29.2,43.2,0.0,25.58,87.56
BLD-04886,school,Mon,16,1951.1,18.0,20.2,78.0,140.09,233.58
BLD-04887,retail,Sat,12,3388.6,23.6,56.6,8.0,50.98,119.08
BLD-04888,office,Tue,8,3740.3,21.7,42.7,136.0,242.49,408.42
BLD-04889,office,Sun,11,3431.6,26.0,66.1,7.0,56.73,116.81
BLD-04890,office,Thu,20,2585.5,33.4,36.8,0.0,32.61,105.58
BLD-04891,office,Tue,13,1944.0,23.6,93.4,93.0,175.32,332.57
BLD-04892,clinic,Tue,1,709.4,28.7,63.7,6.0,21.76,125.77
BLD-04893,school,Sat,1,2624.6,23.2,58.3,0.0,46.44,80.99
BLD-04894,retail,Wed,11,736.7,18.0,65.6,37.0,72.67,169.53
BLD-04895,clinic,Wed,9,873.9,20.9,24.0,45.0,102.02,187.12
BLD-04896,office,Sat,20,2035.7,19.7,46.6,0.0,32.77,69.69
BLD-04897,retail,Thu,13,2497.9,26.5,85.3,,156.35,321.63
BLD-04898,office,Fri,18,1771.7,22.9,49.6,58.0,123.69,220.38
BLD-04899,office,Thu,14,4597.5,15.6,53.9,163.0,263.49,476.55
BLD-04900,office,Mon,8,2746.3,20.2,,102.0,180.25,319.05
BLD-04901,office,Mon,15,1951.8,9.8,79.9,61.0,128.77,252.01
BLD-04902,office,Mon,14,4279.7,20.5,50.8,154.0,289.34,481.92
BLD-04903,school,Fri,17,4663.2,22.0,33.7,169.0,293.91,469.68
BLD-04904,office,Thu,4,2813.7,36.5,98.0,7.0,19.38,158.8
BLD-04905,office,Sat,15,1516.4,32.8,31.6,9.0,38.39,120.45
BLD-04906,retail,Sun,6,1689.3,13.7,53.3,7.0,38.66,95.89
BLD-04907,office,Tue,18,1098.6,23.6,40.7,58.0,124.49,218.6
BLD-04908,retail,Sun,19,2155.7,23.8,43.1,13.0,50.61,109.84
BLD-04909,clinic,Sun,14,1329.0,20.2,37.0,6.0,23.55,95.02
BLD-04910,retail,Fri,22,1878.6,20.7,45.8,0.0,39.15,80.92
BLD-04911,school,Thu,12,2493.1,19.2,71.7,88.0,169.66,306.5
BLD-04912,retail,Tue,0,849.0,37.0,22.7,0.0,18.41,103.56
BLD-04913,retail,Tue,14,1199.4,18.7,76.4,48.0,106.0,215.05
BLD-04914,clinic,Mon,18,1724.9,24.7,,68.0,125.43,265.47
BLD-04915,clinic,Fri,2,2145.2,1.8,63.7,11.0,44.1,136.47
BLD-04916,office,Thu,2,1735.7,28.6,57.1,6.0,32.65,115.98
BLD-04917,school,Tue,6,1932.1,31.5,59.7,12.0,44.63,124.77
BLD-04918,retail,Mon,20,1567.5,13.6,79.2,13.0,56.84,125.4
BLD-04919,office,Mon,12,1097.2,17.9,25.3,35.0,61.03,132.84
BLD-04920,school,Fri,23,1702.0,25.6,67.4,0.0,39.85,91.73
BLD-04921,retail,Fri,20,1986.0,22.2,42.3,4.0,37.71,82.04
BLD-04922,retail,Fri,13,1895.5,25.7,69.0,66.0,124.68,269.31
BLD-04923,office,Mon,16,2321.3,19.7,,85.0,158.99,284.51
BLD-04924,office,Mon,7,2690.0,36.9,67.0,102.0,176.67,371.76
BLD-04925,office,Mon,2,3051.7,16.6,28.7,3.0,22.39,63.95
BLD-04926,school,Sat,9,1623.1,43.0,26.2,4.0,25.68,137.52
BLD-04927,clinic,Sat,14,1032.6,31.9,53.1,0.0,7.18,115.67
BLD-04928,clinic,Wed,4,4050.4,28.7,79.4,8.0,36.68,146.14
BLD-04929,office,Mon,5,2647.1,13.7,64.1,7.0,26.86,96.67
BLD-04930,office,Wed,0,1391.3,29.3,64.0,0.0,39.8,96.78
BLD-04931,retail,Sat,17,2513.7,26.8,69.6,0.0,19.21,119.2
BLD-04932,retail,Tue,21,3673.3,5.0,48.3,14.0,57.28,136.39
BLD-04933,school,Sat,19,5045.3,10.8,65.4,18.0,80.35,142.46
BLD-04934,office,Thu,9,2481.2,24.9,45.1,94.0,181.43,302.08
BLD-04935,office,Mon,14,3658.7,20.9,49.7,132.0,231.68,401.35
BLD-04936,retail,Sun,23,1231.0,17.9,51.8,12.0,42.02,114.25
BLD-04937,school,Thu,14,2162.4,30.6,45.7,85.0,159.95,301.79
BLD-04938,office,Fri,7,1873.2,14.9,53.9,69.0,154.12,242.55
BLD-04939,clinic,Mon,8,2593.2,18.4,50.7,104.0,192.5,342.96
BLD-04940,retail,Wed,17,4767.5,16.8,43.0,168.0,299.75,503.56
BLD-04941,clinic,Fri,10,2480.4,26.1,,87.0,185.09,322.85
BLD-04942,school,Fri,20,1402.7,8.2,57.6,7.0,40.89,98.83
BLD-04943,school,Mon,20,1199.6,18.0,36.3,5.0,45.78,66.13
BLD-04944,clinic,Fri,0,4847.3,8.2,62.1,9.0,59.67,138.86
BLD-04945,clinic,Sun,17,2815.3,19.5,46.6,14.0,58.89,119.99
BLD-04946,clinic,Sat,8,2727.9,27.8,58.4,0.0,23.28,105.13
BLD-04947,retail,Tue,12,1865.4,27.9,43.7,71.0,124.67,258.7
BLD-04948,school,Sun,6,2501.9,16.2,72.9,19.0,55.38,124.41
BLD-04949,office,Fri,8,1369.9,26.3,71.3,48.0,108.3,211.01
BLD-04950,office,Mon,7,2649.3,20.5,37.2,93.0,180.44,288.31
BLD-04951,clinic,Mon,1,1251.7,32.9,63.9,0.0,40.34,125.7
BLD-04952,office,Sun,18,1851.5,21.0,79.6,5.0,36.79,102.17
BLD-04953,retail,Tue,3,1615.9,-1.8,38.9,9.0,47.34,124.33
BLD-04954,clinic,Mon,9,460.7,29.2,40.2,25.0,66.76,156.73
BLD-04955,clinic,Thu,4,1862.7,18.3,67.5,0.0,28.38,86.22
BLD-04956,clinic,Thu,3,1429.0,19.8,32.8,4.0,30.5,83.97
BLD-04957,school,Fri,8,1988.7,24.7,41.8,77.0,130.6,248.59
BLD-04958,school,Fri,22,2201.8,10.6,37.8,4.0,35.28,81.11
BLD-04959,clinic,Sun,22,5140.1,22.6,67.7,0.0,41.52,115.84
BLD-04960,office,Sat,9,2546.5,26.3,43.2,5.0,51.03,104.32
BLD-04961,office,Mon,12,2582.7,24.9,50.2,90.0,179.66,306.38
BLD-04962,clinic,Mon,23,2790.9,17.2,42.3,0.0,34.62,89.63
BLD-04963,retail,Mon,5,3343.2,29.9,74.5,9.0,69.51,159.15
BLD-04964,school,Wed,22,2736.0,14.0,40.4,5.0,42.34,78.72
BLD-04965,office,Wed,2,2518.5,17.0,31.1,9.0,55.9,89.11
BLD-04966,school,Sun,5,3095.2,20.9,30.4,0.0,33.38,68.12
BLD-04967,clinic,Wed,8,686.4,24.4,66.8,34.0,64.34,165.13
BLD-04968,school,Mon,0,5996.7,19.4,68.0,12.0,59.73,125.38
BLD-04969,office,Sun,19,4718.7,31.8,76.2,18.0,82.62,187.14
BLD-04970,school,Tue,20,2441.7,24.4,33.6,11.0,45.62,89.98
BLD-04971,clinic,Sun,9,1116.5,22.6,51.1,7.0,32.3,106.3
BLD-04972,clinic,Sat,20,3933.1,24.1,96.3,0.0,37.69,124.42
BLD-04973,office,Sun,18,1576.8,27.9,49.9,3.0,28.91,91.5
BLD-04974,school,Sat,19,2842.5,23.9,45.4,0.0,45.31,81.89
BLD-04975,office,Tue,19,1188.5,7.5,54.6,40.0,105.61,190.03
BLD-04976,school,Fri,13,6405.3,30.7,64.0,248.0,419.68,726.02
BLD-04977,office,Wed,2,1101.0,23.0,63.7,0.0,31.81,82.93
BLD-04978,school,Fri,22,2274.1,27.5,44.6,0.0,40.82,82.18
BLD-04979,school,Sat,14,794.4,18.8,,11.0,42.76,100.22
BLD-04980,office,Thu,21,2156.9,7.4,50.0,0.0,21.85,73.62
BLD-04981,office,Wed,23,1793.8,3.8,42.6,10.0,40.08,105.14
BLD-04982,office,Sun,4,3797.4,14.4,34.0,0.0,41.31,78.27
BLD-04983,office,Fri,9,1793.7,26.1,85.7,65.0,130.61,255.78
BLD-04984,retail,Sun,4,3800.0,32.4,48.1,14.0,40.28,144.88
BLD-04985,office,Tue,1,1345.7,24.4,49.0,0.0,23.02,67.01
BLD-04986,office,Sat,23,1921.5,13.6,49.6,3.0,26.82,77.92
BLD-04987,clinic,Wed,22,1940.1,15.7,53.6,6.0,47.58,107.89
BLD-04988,office,Thu,22,2790.8,32.9,62.4,0.0,26.18,113.23
BLD-04989,clinic,Sun,21,2625.5,11.5,47.1,6.0,36.89,100.06
BLD-04990,school,Wed,15,3111.6,38.8,74.4,115.0,201.99,422.5
BLD-04991,retail,Tue,12,2500.6,37.0,65.2,98.0,186.92,389.29
BLD-04992,school,Sun,23,3021.9,39.1,51.8,19.0,72.28,190.32
BLD-04993,office,Sun,13,1429.7,25.0,43.7,25.0,70.15,139.81
BLD-04994,retail,Wed,15,2651.4,19.3,73.4,102.0,196.67,352.44
BLD-04995,retail,Wed,5,4760.7,24.9,52.2,3.0,57.9,114.75
BLD-04996,office,Tue,17,982.2,29.3,33.9,43.0,72.33,187.58
BLD-04997,retail,Mon,19,2782.0,16.8,72.4,,190.55,340.74
BLD-04998,school,Thu,16,3044.4,13.2,42.7,100.0,180.48,314.67
BLD-04999,clinic,Tue,11,4436.3,19.7,69.8,162.0,270.18,505.86
BLD-05000,retail,Sat,4,3117.3,15.8,15.0,13.0,50.77,90.43
BLD-05001,office,Tue,0,2308.5,31.9,,0.0,38.54,109.71
BLD-05002,clinic,Fri,15,2704.4,17.1,74.7,93.0,186.87,345.6
BLD-05003,clinic,Thu,16,1546.0,22.8,55.1,55.0,97.23,223.35
BLD-05004,retail,Fri,18,1826.2,29.9,65.2,72.0,143.49,281.0
BLD-05005,office,Mon,22,1158.7,32.2,39.7,23.0,80.79,151.37
BLD-05006,retail,Thu,11,4491.7,23.7,60.9,158.0,295.27,481.75
BLD-05007,school,Fri,19,2730.6,25.1,55.1,102.0,151.39,322.59
BLD-05008,office,Wed,17,1417.3,13.9,59.1,55.0,131.96,214.19
BLD-05009,clinic,Sun,6,2506.1,30.2,89.7,2.0,44.63,146.97
BLD-05010,school,Thu,20,3838.0,32.1,77.2,4.0,20.28,117.71
BLD-05011,retail,Wed,1,3543.1,7.0,68.5,0.0,28.52,123.5
BLD-05012,retail,Mon,14,1409.4,36.1,68.7,76.0,154.22,316.86
BLD-05013,office,Tue,22,488.8,16.4,39.5,10.0,42.56,84.38
BLD-05014,clinic,Thu,15,2659.8,26.8,47.0,95.0,169.4,338.13
BLD-05015,school,Wed,22,1437.3,22.6,28.9,13.0,47.91,81.71
BLD-05016,school,Sun,1,2965.9,21.5,33.4,6.0,48.32,85.27
BLD-05017,office,Sat,12,3471.5,20.3,39.9,4.0,36.09,89.74
BLD-05018,office,Tue,18,3754.7,14.1,54.5,137.0,241.25,418.5
BLD-05019,retail,Fri,15,5083.2,26.2,34.2,184.0,327.3,552.65
BLD-05020,office,Thu,21,3982.5,19.7,54.3,0.0,30.92,82.99
BLD-05021,clinic,Mon,11,5094.9,11.5,52.4,173.0,288.31,530.12
BLD-05022,clinic,Fri,16,4264.8,13.7,35.7,159.0,271.19,476.6
BLD-05023,retail,Thu,10,4447.1,11.7,80.9,161.0,272.4,509.09
BLD-05024,office,Mon,20,2157.3,17.8,32.5,11.0,41.08,83.99
BLD-05025,retail,Thu,2,1184.8,25.9,74.0,0.0,9.46,86.03
BLD-05026,office,Sat,6,7242.4,16.3,16.7,0.0,53.33,86.63
BLD-05027,retail,Wed,2,2267.5,29.8,52.6,10.0,54.75,123.82
BLD-05028,school,Wed,16,3967.9,21.0,34.6,143.0,244.25,420.61
BLD-05029,clinic,Mon,5,1689.3,19.7,43.9,11.0,38.74,103.8
BLD-05030,office,Tue,7,3494.3,22.1,85.8,129.0,227.6,398.78
BLD-05031,office,Sun,20,680.4,33.2,49.1,19.0,44.11,136.77
BLD-05032,clinic,Fri,8,1806.6,11.0,36.2,75.0,151.56,259.03
BLD-05033,school,Tue,3,2098.5,35.3,63.3,7.0,32.01,138.54
BLD-05034,retail,Thu,0,2747.0,29.7,49.0,10.0,42.73,129.0
BLD-05035,clinic,Tue,5,3680.4,21.8,57.6,2.0,32.09,101.22
BLD-05036,school,Thu,21,1301.2,31.5,39.5,0.0,37.28,88.75
BLD-05037,school,Tue,13,3020.0,19.4,40.3,,204.27,347.67
BLD-05038,school,Fri,23,3964.0,24.3,41.6,20.0,87.79,146.55
BLD-05039,retail,Thu,5,6783.5,17.7,68.6,0.0,52.67,117.85
BLD-05040,clinic,Fri,8,3088.4,29.7,51.1,118.0,222.94,404.21
BLD-05041,office,Thu,3,1764.5,16.3,37.2,0.0,25.82,62.22
BLD-05042,retail,Wed,9,1194.8,21.6,57.8,46.0,86.35,195.92
BLD-05043,office,Tue,13,5293.5,27.4,56.4,194.0,333.84,571.39
BLD-05044,school,Tue,19,3134.2,30.4,64.8,122.0,210.75,401.57
BLD-05045,retail,Thu,8,2176.9,15.4,46.8,83.0,135.22,262.77
BLD-05046,clinic,Thu,18,1011.0,28.0,53.7,51.0,112.68,240.02
BLD-05047,office,Fri,15,1407.0,14.1,62.2,64.0,123.96,241.65
BLD-05048,office,Mon,7,2978.7,4.8,37.8,109.0,190.41,333.53
BLD-05049,office,Tue,21,2607.3,16.0,70.1,13.0,55.69,115.24
BLD-05050,office,Sat,10,864.3,28.7,55.3,1.0,27.43,98.87
BLD-05051,office,Sun,3,2980.6,21.9,36.3,0.0,48.02,81.56
BLD-05052,clinic,Sun,23,1036.2,17.7,36.2,0.0,30.47,77.63
BLD-05053,office,Wed,21,4213.9,22.4,53.3,14.0,58.29,123.19
BLD-05054,office,Mon,1,2431.6,22.2,45.6,2.0,41.66,79.76
BLD-05055,retail,Tue,21,1761.2,27.0,67.8,0.0,28.69,106.28
BLD-05056,office,Mon,22,3538.6,9.1,50.1,8.0,49.99,106.63
BLD-05057,office,Sun,19,2606.8,21.2,60.2,1.0,46.19,92.56
BLD-05058,clinic,Sun,6,4155.5,23.0,40.6,2.0,29.94,91.96
BLD-05059,office,Sat,15,2286.6,11.1,54.6,2.0,25.51,88.67
BLD-05060,office,Sat,12,2351.6,11.0,,1.0,28.71,101.72
BLD-05061,school,Wed,14,1918.5,19.1,52.5,94.0,167.94,295.11
BLD-05062,office,Thu,14,2496.0,22.1,45.6,106.0,202.55,341.44
BLD-05063,office,Sat,15,4970.3,22.1,40.3,10.0,42.73,103.74
BLD-05064,office,Sat,12,1728.3,17.5,54.7,6.0,37.62,98.46
BLD-05065,office,Thu,16,3002.6,17.2,79.0,120.0,208.5,381.29
BLD-05066,clinic,Sat,12,1441.7,18.8,31.8,6.0,53.77,100.33
BLD-05067,office,Wed,0,815.8,24.4,54.2,11.0,50.6,102.53
BLD-05068,office,Wed,0,2430.4,32.0,25.9,8.0,46.11,110.16
BLD-05069,office,Sat,22,2628.1,4.2,48.0,5.0,49.7,117.56
BLD-05070,clinic,Wed,21,2086.8,27.0,59.5,12.0,35.15,125.49
BLD-05071,office,Sat,14,1072.9,21.1,28.1,1.0,48.07,78.59
BLD-05072,clinic,Thu,4,2546.0,26.2,47.4,4.0,29.77,108.6
BLD-05073,office,Wed,18,2500.0,31.5,59.9,85.0,172.07,319.26
BLD-05074,clinic,Tue,3,1436.0,16.0,,0.0,33.26,81.03
BLD-05075,office,Fri,9,1148.9,29.6,60.8,25.0,66.74,153.02
BLD-05076,office,Thu,7,1949.0,12.0,38.4,77.0,157.45,264.01
BLD-05077,school,Wed,0,3009.8,23.0,59.9,10.0,59.01,112.63
BLD-05078,office,Sat,19,2687.1,20.1,44.8,13.0,53.32,109.3
BLD-05079,retail,Mon,12,1441.5,22.4,67.1,,94.05,198.77
BLD-05080,retail,Mon,7,2349.5,14.1,15.7,91.0,169.13,287.59
BLD-05081,retail,Sun,12,3367.9,25.5,50.1,4.0,40.44,106.11
BLD-05082,office,Fri,0,1253.0,34.7,56.7,10.0,45.55,139.68
BLD-05083,retail,Thu,10,2267.7,14.2,77.9,80.0,161.28,297.18
BLD-05084,office,Mon,12,4184.9,23.5,56.5,151.0,269.93,452.22
BLD-05085,clinic,Fri,8,1193.0,28.8,58.2,34.0,79.62,181.11
BLD-05086,retail,Thu,19,3830.9,19.6,61.4,135.0,233.28,412.97
BLD-05087,school,Fri,5,4785.9,32.9,76.3,4.0,50.39,149.63
BLD-05088,retail,Mon,3,1977.4,18.6,48.5,5.0,20.45,80.72
BLD-05089,school,Thu,12,1866.0,21.1,,57.0,106.99,188.09
BLD-05090,school,Fri,21,3612.3,14.1,27.9,0.0,42.51,60.59
BLD-05091,office,Wed,9,2012.0,23.0,66.3,77.0,154.4,267.98
BLD-05092,retail,Mon,1,711.0,22.0,58.8,15.0,47.14,102.52
BLD-05093,office,Sun,23,2098.1,27.1,50.6,0.0,32.4,93.21
BLD-05094,office,Fri,10,2757.3,16.9,45.0,106.0,195.73,337.2
BLD-05095,retail,Fri,4,3138.4,16.5,58.1,0.0,41.37,92.83
BLD-05096,office,Sat,14,1441.6,25.7,58.6,0.0,25.75,89.63
BLD-05097,retail,Fri,7,1932.8,33.2,63.2,66.0,118.9,275.54
BLD-05098,office,Mon,22,3516.2,27.0,36.2,0.0,39.94,93.9
BLD-05099,office,Thu,7,2137.5,36.8,25.0,77.0,165.63,292.18
BLD-05100,retail,Sun,13,1056.2,26.4,39.5,12.0,35.0,105.96
BLD-05101,office,Wed,13,3984.9,26.2,32.0,140.0,246.67,429.33
BLD-05102,retail,Sun,5,1985.1,27.4,31.2,0.0,26.08,82.7
BLD-05103,school,Mon,11,3714.5,33.9,81.7,138.0,267.99,479.78
BLD-05104,retail,Wed,2,1126.0,31.9,16.5,4.0,22.9,85.51
BLD-05105,office,Wed,15,2075.9,13.3,63.0,78.0,145.7,270.99
BLD-05106,retail,Fri,18,2809.8,28.4,70.4,106.0,188.59,368.94
BLD-05107,school,Tue,22,2109.9,24.1,71.8,0.0,17.9,77.04
BLD-05108,office,Tue,7,1246.8,20.4,59.7,41.0,75.4,155.71
BLD-05109,office,Fri,6,699.6,7.8,77.4,12.0,48.48,119.03
BLD-05110,office,Tue,13,4570.5,9.7,85.3,166.0,296.37,519.32
BLD-05111,school,Sun,16,2478.2,19.1,49.9,9.0,39.82,108.04
BLD-05112,office,Sun,23,3851.7,10.3,62.6,14.0,72.5,132.34
BLD-05113,office,Wed,0,3435.7,19.2,76.7,,29.73,114.37
BLD-05114,retail,Thu,5,2929.8,27.7,40.3,0.0,21.13,101.68
BLD-05115,school,Wed,6,1885.5,17.4,50.8,3.0,25.79,66.09
BLD-05116,office,Wed,6,2783.0,22.7,44.4,12.0,51.04,108.91
BLD-05117,office,Fri,11,4375.7,13.4,62.8,164.0,280.99,485.48
BLD-05118,office,Wed,20,2289.4,24.4,22.7,5.0,36.65,79.19
BLD-05119,retail,Tue,0,5480.9,26.1,79.4,0.0,48.77,141.7
BLD-05120,clinic,Tue,19,1071.2,10.6,64.1,37.0,96.36,194.39
BLD-05121,school,Sun,14,1017.3,16.0,65.0,5.0,41.59,95.06
BLD-05122,retail,Tue,14,3535.1,11.9,15.0,119.0,215.2,357.67
BLD-05123,office,Wed,16,1485.1,26.1,37.3,63.0,121.64,228.54
BLD-05124,clinic,Fri,2,5866.5,23.3,80.3,3.0,60.98,136.15
BLD-05125,office,Mon,17,4180.3,21.6,52.0,137.0,263.06,416.92
BLD-05126,office,Tue,5,4713.8,21.0,25.7,0.0,47.24,66.52
BLD-05127,office,Tue,12,3363.5,24.6,58.8,122.0,213.55,381.72
BLD-05128,office,Sun,16,1413.5,24.7,66.5,3.0,34.75,100.3
BLD-05129,retail,Sun,14,992.0,18.0,64.0,15.0,54.27,133.02
BLD-05130,office,Sat,7,4509.6,16.9,52.4,9.0,47.99,103.07
BLD-05131,office,Tue,9,1071.1,21.5,74.3,31.0,81.44,161.66
BLD-05132,office,Fri,11,4707.7,20.5,43.1,160.0,283.47,462.04
BLD-05133,clinic,Fri,0,3034.0,38.5,64.2,2.0,48.78,160.76
BLD-05134,retail,Sun,17,2120.9,18.9,57.3,5.0,28.22,82.75
BLD-05135,clinic,Tue,2,2720.0,24.3,52.7,12.0,33.47,131.83
BLD-05136,retail,Sat,11,2750.5,25.7,48.6,18.0,56.07,139.44
BLD-05137,clinic,Tue,15,1996.3,33.2,49.2,90.0,165.22,342.38
BLD-05138,school,Thu,1,4361.4,15.5,55.5,0.0,21.44,82.54
BLD-05139,office,Sun,23,4290.2,32.7,50.0,11.0,49.58,159.62
BLD-05140,office,Mon,9,2370.7,20.8,67.5,,182.32,308.11
BLD-05141,office,Tue,0,1649.5,42.0,45.9,0.0,33.93,137.62
BLD-05142,retail,Sat,15,4117.8,24.9,81.7,0.0,39.85,135.75
BLD-05143,office,Mon,13,833.3,12.2,45.1,35.0,67.28,147.23
BLD-05144,office,Fri,15,2722.4,20.4,70.6,89.0,178.89,320.8
BLD-05145,retail,Thu,18,3137.6,32.7,71.4,109.0,193.88,390.67
BLD-05146,office,Wed,11,1478.2,22.7,57.8,51.0,105.36,205.54
BLD-05147,office,Sun,19,3510.9,21.5,56.3,6.0,49.12,95.68
BLD-05148,office,Sat,8,2172.3,27.8,42.6,14.0,53.4,135.41
BLD-05149,retail,Wed,13,1693.0,19.2,46.2,65.0,141.19,240.12
BLD-05150,office,Mon,3,3493.2,20.3,58.7,0.0,41.72,85.67
BLD-05151,office,Mon,14,1306.5,14.4,54.2,34.0,81.61,165.76
BLD-05152,office,Mon,6,3339.0,35.8,75.1,8.0,46.49,155.88
BLD-05153,retail,Sun,16,849.5,12.2,47.3,4.0,35.72,94.75
BLD-05154,office,Fri,19,2523.4,23.4,48.3,90.0,164.99,285.61
BLD-05155,office,Fri,20,2246.8,25.8,26.7,13.0,52.38,104.11
BLD-05156,clinic,Tue,22,1697.9,21.9,65.9,0.0,25.37,87.93
BLD-05157,clinic,Sat,2,2652.4,12.0,64.4,0.0,27.62,95.22
BLD-05158,office,Sat,3,2117.6,14.0,71.6,2.0,24.31,83.19
BLD-05159,office,Sat,22,3649.9,26.2,72.6,0.0,33.89,110.69
BLD-05160,office,Thu,9,2878.7,15.8,68.4,111.0,196.65,351.07
BLD-05161,retail,Fri,0,2734.0,5.4,69.1,8.0,63.23,134.47
BLD-05162,office,Thu,6,2530.8,25.1,65.4,,60.04,127.3
BLD-05163,clinic,Wed,20,1753.9,15.0,68.0,8.0,39.68,119.6
BLD-05164,retail,Fri,8,1903.3,27.0,23.7,71.0,131.88,237.84
BLD-05165,school,Wed,1,2478.4,20.4,36.3,1.0,39.56,70.28
BLD-05166,office,Sun,17,2024.3,20.0,33.5,8.0,61.52,91.53
BLD-05167,clinic,Sat,4,3750.7,22.4,76.6,2.0,47.97,118.15
BLD-05168,retail,Sat,8,2300.9,12.9,41.7,4.0,20.0,88.13
BLD-05169,retail,Sat,0,2635.1,15.4,44.4,8.0,53.17,87.81
BLD-05170,office,Thu,14,1122.1,19.9,55.1,45.0,104.39,184.49
BLD-05171,retail,Sun,10,3459.8,12.8,,,66.83,106.72
BLD-05172,retail,Tue,20,1664.4,27.7,61.5,0.0,26.17,99.53
BLD-05173,clinic,Thu,8,1333.7,19.5,18.8,62.0,121.72,219.5
BLD-05174,school,Mon,4,4848.3,10.4,35.0,0.0,45.9,75.97
BLD-05175,school,Wed,3,3075.0,17.5,58.4,8.0,38.66,104.53
BLD-05176,office,Fri,4,3516.5,22.8,33.9,0.0,27.52,75.35
BLD-05177,retail,Thu,10,2736.3,18.4,77.1,110.0,201.94,363.0
BLD-05178,clinic,Sun,2,2103.8,25.2,55.8,11.0,31.48,108.37
BLD-05179,school,Fri,9,1923.7,26.6,74.2,73.0,126.02,259.85
BLD-05180,office,Wed,20,3197.7,41.2,61.1,16.0,66.95,202.76
BLD-05181,office,Wed,18,3788.9,31.2,54.8,138.0,249.13,447.68
BLD-05182,school,Fri,15,2129.2,8.9,38.1,87.0,173.51,289.97
BLD-05183,retail,Sat,21,5949.3,19.1,70.8,0.0,50.43,110.04
BLD-05184,office,Tue,18,2001.2,19.9,62.5,79.0,148.61,276.46
BLD-05185,office,Fri,15,1126.7,26.6,90.4,37.0,94.9,201.76
BLD-05186,clinic,Fri,20,962.8,14.5,69.1,4.0,27.62,97.05
BLD-05187,school,Mon,2,978.6,17.7,48.2,4.0,28.58,69.43
BLD-05188,office,Sun,19,1803.7,12.0,59.9,11.0,45.07,106.15
BLD-05189,office,Thu,7,1968.1,17.2,62.2,69.0,137.88,238.68
BLD-05190,office,Tue,17,3052.9,17.5,74.8,138.0,240.55,417.21
BLD-05191,office,Fri,21,2170.0,19.5,77.5,0.0,15.83,80.67
BLD-05192,retail,Fri,11,3297.9,12.5,52.2,124.0,218.53,378.9
BLD-05193,school,Sun,2,2247.9,29.9,34.3,6.0,39.68,101.15
BLD-05194,school,Mon,8,2214.3,25.8,23.5,87.0,162.51,267.18
BLD-05195,school,Wed,9,1667.4,10.4,35.6,59.0,112.68,203.48
BLD-05196,office,Tue,22,4354.9,22.2,44.9,6.0,53.48,101.45
BLD-05197,office,Fri,22,1054.8,9.5,80.6,0.0,10.11,82.35
BLD-05198,office,Thu,13,2542.3,32.7,80.8,110.0,201.33,390.12
BLD-05199,office,Thu,22,2016.3,34.9,71.3,0.0,47.99,135.48
BLD-05200,retail,Sun,10,3201.8,21.6,75.9,3.0,33.24,120.53
BLD-05201,office,Thu,9,2178.1,15.2,43.0,76.0,145.29,258.98
BLD-05202,retail,Wed,20,2209.1,16.7,29.2,0.0,28.37,75.48
BLD-05203,office,Mon,16,1935.7,18.4,37.9,62.0,120.44,212.05
BLD-05204,office,Wed,12,4294.0,21.1,20.4,163.0,273.39,459.62
BLD-05205,office,Sun,10,2202.5,33.0,36.1,0.0,50.73,111.75
BLD-05206,school,Thu,16,5662.6,29.6,46.4,200.0,348.51,601.54
BLD-05207,school,Sun,18,2507.1,29.8,57.8,0.0,25.32,105.26
BLD-05208,retail,Thu,11,2223.1,23.4,57.3,86.0,152.05,292.28
BLD-05209,office,Thu,0,2051.8,12.8,43.3,4.0,36.82,69.33
BLD-05210,school,Thu,2,2884.3,15.8,64.7,4.0,17.86,76.58
BLD-05211,retail,Thu,3,1658.7,22.5,43.6,0.0,39.16,81.81
BLD-05212,office,Mon,11,2359.4,12.4,55.2,92.0,164.3,302.14
BLD-05213,office,Mon,14,2208.6,24.4,36.1,78.0,151.72,266.37
BLD-05214,office,Thu,19,2571.7,28.4,73.5,96.0,180.64,342.64
BLD-05215,office,Fri,5,2602.5,26.4,55.4,3.0,46.56,108.76
BLD-05216,clinic,Thu,18,2668.2,26.0,66.5,86.0,166.6,313.78
BLD-05217,office,Thu,15,2302.5,7.1,34.3,102.0,191.64,335.6
BLD-05218,school,Wed,1,4671.8,32.7,58.0,9.0,64.38,157.01
BLD-05219,retail,Fri,8,2694.7,9.5,64.7,102.0,182.48,348.53
BLD-05220,office,Fri,7,7685.5,20.8,20.3,281.0,495.76,760.66
BLD-05221,school,Mon,21,2253.3,26.9,74.9,20.0,64.54,147.15
BLD-05222,office,Thu,22,3485.9,24.9,33.8,13.0,55.16,115.47
BLD-05223,school,Fri,19,1552.6,11.8,58.6,62.0,112.8,221.24
BLD-05224,office,Sat,12,4309.6,13.2,85.4,0.0,37.17,114.1
BLD-05225,office,Wed,11,1568.9,24.3,71.2,56.0,116.29,217.31
BLD-05226,office,Sun,7,2738.1,26.1,29.7,0.0,33.91,70.14
BLD-05227,retail,Fri,18,1937.8,13.1,52.0,70.0,153.03,254.57
BLD-05228,retail,Thu,2,2733.1,25.1,76.0,,42.53,116.98
BLD-05229,retail,Fri,6,1965.5,9.9,41.1,9.0,50.16,105.93
BLD-05230,office,Sun,3,1506.2,27.0,48.9,9.0,30.27,105.26
BLD-05231,clinic,Tue,11,1931.1,14.9,48.4,69.0,155.06,259.62
BLD-05232,office,Tue,7,4610.9,22.6,64.7,173.0,288.01,488.86
BLD-05233,retail,Thu,4,2753.2,21.3,28.9,11.0,70.26,105.06
BLD-05234,retail,Mon,9,1185.1,31.3,65.6,29.0,68.88,182.08
BLD-05235,school,Sat,20,3721.9,23.9,44.4,6.0,23.54,87.04
BLD-05236,office,Sun,13,1434.1,17.2,54.8,21.0,72.76,131.45
BLD-05237,retail,Fri,19,3143.3,24.9,51.2,114.0,206.4,358.13
BLD-05238,retail,Sun,21,2869.0,39.1,65.2,0.0,28.94,155.37
BLD-05239,office,Mon,21,2957.3,27.9,54.6,0.0,40.25,102.47
BLD-05240,retail,Fri,8,5354.8,21.5,79.5,181.0,321.56,542.72
BLD-05241,office,Thu,21,1478.0,15.3,71.8,0.0,32.06,75.33
BLD-05242,school,Tue,21,2949.5,17.1,41.5,0.0,45.15,75.58
BLD-05243,school,Wed,23,4027.2,27.4,78.2,11.0,57.13,132.39
BLD-05244,retail,Thu,8,1615.5,14.9,60.4,68.0,136.96,248.31
BLD-05245,school,Fri,5,1538.0,22.0,57.9,7.0,33.43,86.03
BLD-05246,office,Tue,14,1916.7,33.5,69.4,82.0,160.32,337.8
BLD-05247,school,Fri,22,2571.1,23.2,,0.0,27.11,65.06
BLD-05248,office,Sun,21,1117.9,13.4,31.5,5.0,22.73,79.99
BLD-05249,school,Mon,13,2866.6,39.4,55.4,124.0,217.4,438.93
BLD-05250,school,Sun,3,1119.0,36.1,44.7,9.0,37.22,123.4
BLD-05251,retail,Fri,10,4092.9,26.0,90.3,155.0,280.15,491.83
BLD-05252,office,Wed,17,2815.3,32.2,42.0,98.0,165.73,332.56
BLD-05253,office,Sat,13,5511.1,19.9,55.7,1.0,56.48,114.99
BLD-05254,school,Fri,8,3032.8,27.8,58.3,104.0,183.9,339.84
BLD-05255,office,Sat,8,1900.6,18.6,75.9,17.0,30.45,107.46
BLD-05256,office,Mon,1,1499.4,11.2,38.1,0.0,15.92,71.26
BLD-05257,office,Mon,6,2467.3,42.7,27.6,11.0,45.29,173.37
BLD-05258,school,Fri,16,2168.3,10.7,78.7,86.0,164.12,293.11
BLD-05259,office,Wed,5,3887.6,24.4,56.4,0.0,36.22,99.36
BLD-05260,school,Tue,23,1408.8,24.3,68.8,13.0,35.04,116.76
BLD-05261,clinic,Wed,1,5803.7,26.1,69.6,2.0,40.43,120.57
BLD-05262,school,Sat,14,4056.6,21.3,72.5,0.0,26.3,94.32
BLD-05263,office,Tue,11,1995.2,21.4,48.6,78.0,149.57,259.49
BLD-05264,office,Sun,19,5214.3,23.1,44.0,0.0,41.95,99.43
BLD-05265,office,Wed,21,1510.7,25.8,21.1,2.0,37.18,68.76
BLD-05266,school,Tue,13,2428.2,22.0,38.1,87.0,144.51,269.39
BLD-05267,retail,Mon,15,1192.1,21.5,56.1,40.0,81.43,180.39
BLD-05268,office,Sun,16,5337.8,11.4,43.1,0.0,63.64,119.12
BLD-05269,office,Mon,12,997.7,38.1,35.6,46.0,101.4,232.83
BLD-05270,office,Wed,4,1101.9,26.3,55.9,7.0,33.95,94.84
BLD-05271,office,Fri,10,1622.2,23.7,77.8,64.0,114.62,240.38
BLD-05272,clinic,Thu,5,4150.3,17.0,54.0,1.0,51.18,111.6
BLD-05273,office,Tue,11,3479.1,14.0,35.7,129.0,244.74,385.32
BLD-05274,office,Mon,14,2332.7,28.9,76.6,81.0,141.34,305.0
BLD-05275,office,Fri,5,3587.8,20.7,41.8,0.0,25.81,69.34
BLD-05276,office,Thu,5,2081.4,27.0,80.1,18.0,60.11,140.08
BLD-05277,office,Mon,19,2694.5,11.2,50.5,107.0,197.0,329.12
BLD-05278,office,Tue,9,4861.2,34.4,56.8,173.0,305.77,545.12
BLD-05279,office,Thu,4,1954.4,29.2,81.5,0.0,48.25,124.54
BLD-05280,office,Tue,17,1522.9,21.4,32.0,45.0,85.88,157.86
BLD-05281,school,Wed,17,2757.3,25.7,37.1,97.0,178.93,314.19
BLD-05282,school,Mon,19,3138.6,27.9,49.4,117.0,217.27,369.38
BLD-05283,office,Sat,18,2319.8,11.3,52.6,5.0,45.88,94.58
BLD-05284,retail,Fri,23,3561.1,35.4,98.0,5.0,37.27,169.83
BLD-05285,office,Sat,13,1997.4,25.9,39.9,7.0,34.41,107.42
BLD-05286,clinic,Mon,6,2338.9,16.4,32.8,0.0,26.76,85.74
BLD-05287,clinic,Wed,20,2633.3,13.2,39.1,16.0,73.57,131.97
BLD-05288,office,Tue,6,2525.4,29.9,58.9,2.0,25.32,105.09
BLD-05289,office,Fri,6,4772.3,23.7,63.4,6.0,46.85,116.55
BLD-05290,retail,Sat,19,2627.0,25.9,43.0,0.0,40.26,107.89
BLD-05291,office,Tue,21,1901.4,22.2,55.4,6.0,27.72,84.83
BLD-05292,office,Sat,8,2834.6,14.0,88.1,21.0,67.42,158.55
BLD-05293,school,Fri,17,3570.5,26.1,55.6,124.0,203.29,380.02
BLD-05294,school,Sat,22,3190.2,20.4,60.5,0.0,36.69,77.56
BLD-05295,retail,Mon,19,3106.5,21.8,87.1,108.0,196.95,374.82
BLD-05296,retail,Sun,0,1071.9,41.0,43.1,1.0,29.42,140.05
BLD-05297,clinic,Thu,15,665.0,29.0,42.0,24.0,51.97,155.32
BLD-05298,retail,Tue,4,4057.6,29.4,47.0,0.0,40.51,114.59
BLD-05299,school,Tue,20,2715.9,43.0,46.0,4.0,38.47,151.42
BLD-05300,school,Sun,1,2177.3,25.1,24.0,16.0,67.7,102.84
BLD-05301,clinic,Sun,23,3070.2,23.0,57.3,3.0,45.16,103.67
BLD-05302,clinic,Mon,4,5548.7,16.6,58.7,3.0,34.2,115.64
BLD-05303,retail,Thu,10,4336.0,18.4,51.8,162.0,274.02,480.95
BLD-05304,retail,Sat,5,3491.5,5.6,59.2,9.0,43.3,123.76
BLD-05305,school,Fri,19,1437.4,28.3,59.4,66.0,128.55,259.07
BLD-05306,office,Tue,9,1529.9,11.9,32.6,61.0,117.93,211.58
BLD-05307,clinic,Wed,17,699.8,29.2,59.9,29.0,66.57,177.99
BLD-05308,office,Wed,1,2981.8,21.7,64.5,0.0,62.1,106.55
BLD-05309,office,Wed,10,3745.7,23.0,27.8,144.0,247.85,412.06
BLD-05310,office,Sun,21,3895.2,21.7,79.9,0.0,51.49,103.9
BLD-05311,school,Tue,22,3042.5,33.1,34.0,0.0,32.7,101.92
BLD-05312,school,Fri,5,2043.2,31.7,35.6,6.0,17.39,87.36
BLD-05313,office,Sun,9,1678.0,21.8,58.4,16.0,54.63,115.89
BLD-05314,office,Sat,9,1480.4,14.8,64.1,,54.11,121.01
BLD-05315,office,Sat,13,2034.0,29.4,68.2,4.0,42.47,135.43
BLD-05316,office,Tue,12,1375.9,14.2,64.5,45.0,97.57,198.91
BLD-05317,office,Mon,2,5110.6,9.6,46.2,16.0,66.68,143.74
BLD-05318,retail,Sat,18,1177.4,26.0,56.8,4.0,27.76,101.85
BLD-05319,office,Sat,5,2001.4,31.7,49.6,2.0,41.97,108.54
BLD-05320,office,Sat,7,868.6,18.8,58.0,8.0,33.13,96.57
BLD-05321,office,Wed,20,2536.5,25.2,56.2,0.0,25.74,79.77
BLD-05322,school,Thu,16,2197.5,18.7,46.4,76.0,148.9,262.54
BLD-05323,retail,Mon,9,1853.7,27.8,49.1,65.0,123.91,244.67
BLD-05324,office,Wed,21,1406.0,30.8,23.5,0.0,40.43,83.55
BLD-05325,office,Thu,9,2202.6,19.9,69.1,74.0,146.48,268.09
BLD-05326,retail,Mon,13,1694.0,13.8,60.1,55.0,103.5,231.31
BLD-05327,office,Mon,5,2060.1,10.3,15.8,12.0,36.79,94.86
BLD-05328,retail,Mon,4,5629.5,29.4,68.5,9.0,52.28,152.87
BLD-05329,clinic,Tue,11,2389.5,12.9,54.1,83.0,179.44,304.76
BLD-05330,school,Sun,13,2841.2,25.0,39.1,11.0,47.49,112.18
BLD-05331,clinic,Fri,19,1760.4,28.2,37.6,69.0,140.12,270.99
BLD-05332,office,Sun,9,1509.7,18.0,43.3,1.0,16.48,56.18
BLD-05333,office,Tue,21,2175.9,20.7,39.2,,19.87,64.12
BLD-05334,office,Fri,14,7318.0,30.0,41.4,268.0,451.39,760.19
BLD-05335,office,Sun,1,1916.5,15.5,,19.0,75.18,142.23
BLD-05336,office,Wed,17,2616.8,14.7,61.3,98.0,166.56,309.54
BLD-05337,school,Fri,13,1478.2,20.1,89.6,65.0,119.12,236.09
BLD-05338,school,Fri,9,586.2,32.2,58.8,23.0,67.86,148.42
BLD-05339,office,Sat,11,1505.8,34.9,64.8,11.0,60.45,155.05
BLD-05340,school,Sun,7,6897.8,21.2,40.0,3.0,58.47,103.12
BLD-05341,office,Fri,14,2927.8,16.3,52.1,89.0,173.97,297.28
BLD-05342,office,Fri,13,4836.1,30.5,53.6,171.0,288.88,522.07
BLD-05343,office,Sun,10,1861.8,8.6,65.5,5.0,23.72,104.56
BLD-05344,retail,Fri,6,709.8,24.0,54.2,13.0,32.88,105.59
BLD-05345,school,Wed,9,1292.1,21.6,61.0,49.0,91.93,195.77
BLD-05346,retail,Fri,11,2661.9,32.4,60.4,99.0,183.4,366.9
BLD-05347,office,Thu,11,2465.8,33.2,49.9,87.0,150.17,312.36
BLD-05348,office,Tue,7,2189.0,14.5,,95.0,175.76,294.53
BLD-05349,clinic,Thu,13,1705.6,23.3,43.6,77.0,141.17,276.58
BLD-05350,office,Fri,5,3454.0,17.4,73.4,0.0,30.19,88.07
BLD-05351,office,Sun,12,1729.5,19.7,49.9,0.0,37.77,80.54
BLD-05352,office,Fri,2,2550.3,26.9,60.6,0.0,22.61,81.65
BLD-05353,office,Tue,11,2416.2,19.3,52.3,95.0,188.52,306.11
BLD-05354,school,Sun,18,1843.3,23.6,73.1,5.0,45.18,110.15
BLD-05355,office,Fri,19,1441.1,29.7,21.2,49.0,91.36,191.8
BLD-05356,school,Wed,16,1792.0,34.1,60.2,70.0,146.19,285.3
BLD-05357,clinic,Sat,17,5407.5,24.3,33.7,0.0,32.55,100.78
BLD-05358,office,Wed,1,3752.5,22.9,61.6,10.0,64.94,131.34
BLD-05359,office,Wed,8,3590.3,13.1,52.5,129.0,233.19,390.19
BLD-05360,retail,Sat,15,1508.3,34.7,29.9,0.0,12.24,110.14
BLD-05361,school,Sun,19,1103.4,26.0,60.7,1.0,14.96,83.67
BLD-05362,clinic,Thu,13,3723.9,23.1,58.8,134.0,233.85,435.46
BLD-05363,office,Wed,20,3396.5,22.7,51.1,7.0,54.76,98.73
BLD-05364,school,Sun,6,2349.8,24.9,53.2,13.0,49.19,100.94
BLD-05365,clinic,Tue,3,1841.5,28.2,57.7,13.0,46.91,129.2
BLD-05366,office,Sat,2,1089.5,29.2,75.0,5.0,34.26,118.5
BLD-05367,retail,Fri,13,3336.1,34.9,49.7,122.0,198.39,429.5
BLD-05368,school,Sat,15,3887.6,23.9,72.2,0.0,45.79,111.84
BLD-05369,retail,Wed,6,1588.0,36.0,,0.0,41.75,126.13
BLD-05370,office,Sat,18,1525.6,30.5,77.0,4.0,42.0,134.05
BLD-05371,office,Mon,17,3991.5,21.5,51.0,140.0,243.73,419.47
BLD-05372,office,Sat,8,1616.7,8.7,43.7,14.0,40.62,102.66
BLD-05373,clinic,Mon,5,5167.6,22.7,36.3,2.0,34.85,97.15
BLD-05374,office,Fri,17,2087.8,34.5,54.4,85.0,146.52,316.0
BLD-05375,office,Tue,16,1827.4,15.8,41.5,65.0,149.46,233.57
BLD-05376,clinic,Sun,4,2248.2,22.7,78.9,0.0,30.2,111.32
BLD-05377,office,Sat,6,1827.4,23.3,40.2,9.0,51.86,91.55
BLD-05378,school,Mon,11,3777.4,29.5,43.3,141.0,257.11,430.66
BLD-05379,office,Sun,12,3365.7,18.9,64.9,7.0,47.39,117.88
BLD-05380,school,Tue,3,3708.9,15.0,75.2,3.0,32.02,90.87
BLD-05381,office,Thu,22,2403.7,26.6,67.4,10.0,51.8,117.38
BLD-05382,school,Mon,9,1767.2,16.1,73.0,72.0,126.24,252.95
BLD-05383,school,Mon,9,2190.4,7.3,53.6,65.0,134.28,238.3
BLD-05384,office,Tue,1,1793.4,36.7,53.9,2.0,21.8,121.9
BLD-05385,office,Thu,21,4447.9,29.4,89.2,12.0,53.43,158.04
BLD-05386,office,Thu,5,3559.2,37.1,83.7,0.0,31.86,148.92
BLD-05387,retail,Sat,23,2105.4,29.0,67.1,0.0,44.41,111.03
BLD-05388,office,Tue,11,1410.2,27.4,73.8,53.0,82.8,205.54
BLD-05389,office,Sat,20,4609.2,25.0,69.6,8.0,75.74,133.75
BLD-05390,office,Mon,4,2349.2,20.5,34.5,0.0,23.34,74.09
BLD-05391,school,Wed,3,2066.7,26.1,54.3,14.0,50.03,118.08
BLD-05392,retail,Tue,19,4628.8,17.6,80.4,184.0,320.65,548.94
BLD-05393,office,Mon,19,1722.3,13.4,67.2,50.0,107.17,208.2
BLD-05394,clinic,Fri,13,1887.7,19.3,53.9,68.0,139.99,263.24
BLD-05395,retail,Sun,0,1969.3,32.3,80.6,0.0,35.98,124.33
BLD-05396,retail,Fri,22,1169.4,12.1,61.3,9.0,60.55,120.52
BLD-05397,retail,Sat,9,2560.0,12.3,67.8,0.0,39.56,101.52
BLD-05398,office,Fri,22,1525.8,26.7,61.4,0.0,26.93,86.84
BLD-05399,clinic,Mon,20,1672.8,18.7,64.2,13.0,42.66,129.99
BLD-05400,retail,Wed,20,1568.8,25.9,65.4,0.0,22.49,79.44
BLD-05401,school,Sat,16,1659.7,29.9,77.1,0.0,41.57,109.12
BLD-05402,office,Mon,16,1470.8,25.7,79.3,38.0,102.44,203.04
BLD-05403,office,Mon,12,2477.2,16.9,47.3,103.0,196.45,334.2
BLD-05404,school,Sat,0,2041.7,32.3,61.0,12.0,16.52,132.75
BLD-05405,office,Mon,9,2251.3,27.9,76.6,82.0,131.53,280.14
BLD-05406,retail,Sun,17,6809.2,22.2,52.8,0.0,49.16,120.4
BLD-05407,office,Sat,19,2041.7,21.8,32.7,11.0,45.0,84.7
BLD-05408,school,Fri,13,2941.2,25.0,39.6,131.0,230.46,396.3
BLD-05409,office,Thu,17,3106.4,19.5,40.7,113.0,216.44,353.29
BLD-05410,office,Mon,0,2134.6,9.0,47.2,0.0,42.56,92.04
BLD-05411,office,Wed,11,2509.0,28.0,42.3,104.0,189.79,340.09
BLD-05412,retail,Sat,12,2222.0,27.5,72.5,0.0,15.65,114.22
BLD-05413,school,Sun,21,2424.6,3.6,50.3,1.0,20.91,83.8
BLD-05414,clinic,Thu,7,1660.2,26.1,76.4,42.0,92.32,205.51
BLD-05415,retail,Sat,5,1735.4,36.1,35.8,2.0,36.11,123.22
BLD-05416,retail,Sat,8,2217.9,13.0,49.0,0.0,18.7,87.62
BLD-05417,school,Mon,4,853.8,21.4,56.8,14.0,53.02,106.41
BLD-05418,retail,Fri,13,4511.2,20.5,68.8,157.0,258.02,478.73
BLD-05419,clinic,Fri,15,6206.9,35.3,74.4,232.0,368.2,719.07
BLD-05420,retail,Thu,19,2387.4,31.0,45.8,88.0,154.8,319.15
BLD-05421,office,Sat,23,3027.9,15.0,71.9,5.0,55.34,111.46
BLD-05422,retail,Sun,1,3696.4,24.7,26.4,8.0,64.01,100.71
BLD-05423,office,Thu,5,1164.9,40.4,69.8,4.0,16.71,151.84
BLD-05424,office,Wed,7,3435.0,17.0,32.2,121.0,202.06,351.51
BLD-05425,retail,Sun,5,1792.8,21.9,62.6,0.0,36.78,85.35
BLD-05426,retail,Sun,19,6606.2,26.1,74.2,8.0,56.02,144.52
BLD-05427,office,Fri,3,2009.9,17.1,70.1,0.0,43.7,93.67
BLD-05428,office,Fri,0,3402.1,36.1,27.1,17.0,68.56,162.43
BLD-05429,clinic,Mon,20,2019.4,18.2,47.4,5.0,46.74,94.18
BLD-05430,office,Wed,23,6314.6,10.9,67.2,1.0,40.54,107.77
BLD-05431,office,Tue,5,1720.4,17.8,66.7,6.0,42.32,108.66
BLD-05432,retail,Thu,7,3848.6,27.2,59.7,137.0,263.06,444.23
BLD-05433,retail,Sat,12,2972.1,15.6,17.6,3.0,39.81,82.02
BLD-05434,school,Tue,12,2671.2,24.4,75.4,90.0,167.23,315.71
BLD-05435,school,Sun,23,2455.6,26.5,78.4,7.0,37.97,110.53
BLD-05436,office,Mon,9,1597.3,12.3,57.8,60.0,102.37,216.41
BLD-05437,office,Mon,0,635.8,17.5,58.9,5.0,21.05,78.38
BLD-05438,retail,Sun,10,3684.6,24.8,63.6,16.0,51.82,146.95
BLD-05439,retail,Mon,13,1739.9,27.6,79.8,60.0,102.52,243.65
BLD-05440,office,Sat,12,3856.9,17.7,59.3,3.0,26.49,92.22
BLD-05441,office,Sat,12,2604.6,23.2,51.8,0.0,7.94,70.95
BLD-05442,office,Wed,22,3914.1,19.7,61.5,8.0,41.83,112.85
BLD-05443,office,Mon,19,3232.9,27.8,54.8,,220.18,385.41
BLD-05444,office,Wed,6,674.0,26.2,55.0,4.0,27.53,81.53
BLD-05445,office,Mon,8,2955.3,19.0,25.0,108.0,192.7,319.34
BLD-05446,retail,Fri,16,1865.4,25.8,63.9,66.0,136.13,257.3
BLD-05447,office,Sun,9,3848.4,18.7,74.9,24.0,90.28,155.49
BLD-05448,retail,Sun,10,2921.9,25.7,72.3,4.0,62.42,135.02
BLD-05449,school,Sat,4,2938.5,25.8,71.2,6.0,44.2,109.0
BLD-05450,retail,Sat,6,1930.5,41.0,54.1,0.0,26.9,154.66
BLD-05451,clinic,Sun,17,1419.6,19.3,57.5,11.0,40.05,107.98
BLD-05452,office,Sat,20,1787.2,20.9,75.3,3.0,39.56,98.89
BLD-05453,office,Fri,18,927.3,16.8,69.7,41.0,85.65,170.22
BLD-05454,retail,Sun,7,1657.1,13.7,80.3,11.0,43.6,133.02
BLD-05455,office,Wed,3,1089.4,18.3,43.6,3.0,29.99,61.28
BLD-05456,office,Wed,3,1103.3,27.3,43.5,0.0,16.99,85.84
BLD-05457,office,Sun,9,2326.5,27.9,49.3,0.0,7.98,84.23
BLD-05458,clinic,Wed,12,2842.8,24.4,39.0,102.0,179.68,334.92
BLD-05459,office,Wed,21,2166.7,19.6,32.5,0.0,45.24,74.37
BLD-05460,school,Tue,21,1731.6,18.1,63.0,0.0,43.03,74.15
BLD-05461,office,Tue,0,1396.1,14.7,61.8,16.0,60.98,123.26
BLD-05462,retail,Fri,16,1889.3,17.5,59.2,79.0,143.12,280.72
BLD-05463,office,Sun,7,1482.6,11.6,61.0,0.0,20.03,76.44
BLD-05464,clinic,Mon,4,2134.6,32.9,30.1,5.0,54.28,128.82
BLD-05465,retail,Fri,13,1059.8,36.7,46.8,35.0,67.91,218.56
BLD-05466,office,Sat,0,3080.5,6.5,50.0,7.0,45.22,114.78
BLD-05467,office,Sun,8,1675.8,24.3,55.8,0.0,45.6,81.73
BLD-05468,retail,Sat,13,2635.5,24.2,30.2,0.0,33.78,89.04
BLD-05469,retail,Tue,6,3368.0,23.7,39.2,12.0,50.54,108.54
BLD-05470,office,Thu,14,2575.0,17.3,47.6,103.0,198.4,328.16
BLD-05471,office,Sun,11,3228.6,30.2,73.0,16.0,59.63,164.39
BLD-05472,office,Sun,19,815.8,25.3,59.5,2.0,30.22,80.98
BLD-05473,office,Fri,4,1736.5,30.3,72.4,0.0,44.09,114.5
BLD-05474,office,Sun,1,3735.7,16.1,52.9,11.0,27.99,106.4
BLD-05475,office,Fri,12,2809.2,10.9,55.0,112.0,204.83,372.48
BLD-05476,office,Mon,6,5342.6,25.5,63.5,9.0,49.21,131.76
BLD-05477,retail,Sun,16,4985.6,14.3,52.0,0.0,39.87,96.01
BLD-05478,retail,Tue,2,2540.2,30.4,44.4,0.0,33.29,96.05
BLD-05479,retail,Wed,13,1949.4,5.0,29.7,78.0,140.04,284.47
BLD-05480,school,Tue,23,1388.8,18.3,44.8,0.0,29.84,59.44
BLD-05481,school,Sat,2,1750.8,17.1,69.2,2.0,35.86,75.07
BLD-05482,office,Mon,7,1808.5,19.3,76.4,92.0,169.27,298.0
BLD-05483,retail,Fri,20,1654.8,24.1,41.9,21.0,61.23,131.57
BLD-05484,office,Sun,12,1415.7,25.2,25.5,10.0,41.49,94.97
BLD-05485,school,Sat,4,2667.7,27.1,70.8,0.0,31.69,100.93
BLD-05486,clinic,Wed,5,4967.1,28.0,56.2,0.0,42.66,123.36
BLD-05487,clinic,Sun,18,3443.3,20.6,32.1,10.0,41.35,102.25
BLD-05488,office,Wed,20,1884.6,38.9,15.0,16.0,66.24,144.1
BLD-05489,retail,Fri,8,3579.4,33.1,38.6,128.0,227.41,414.59
BLD-05490,office,Thu,11,2598.3,19.5,47.1,93.0,167.86,301.19
BLD-05491,office,Mon,18,2157.4,20.9,35.4,82.0,157.59,259.57
BLD-05492,office,Mon,4,2093.8,19.3,66.8,0.0,29.23,89.15
BLD-05493,office,Tue,4,1998.7,24.9,41.2,0.0,42.42,74.22
BLD-05494,retail,Sun,18,3007.1,14.2,55.2,0.0,42.98,86.13
BLD-05495,office,Sun,4,2352.5,15.7,95.3,8.0,44.34,120.28
BLD-05496,office,Wed,18,1550.9,4.7,57.0,62.0,130.59,251.43
BLD-05497,clinic,Sun,11,1515.2,18.8,53.0,13.0,49.91,130.97
BLD-05498,school,Mon,23,2548.0,30.5,53.4,0.0,20.65,84.76
BLD-05499,office,Sun,0,2702.6,20.8,66.4,0.0,41.71,99.06
BLD-05500,school,Tue,22,1893.0,21.2,64.3,8.0,22.57,88.95
BLD-05501,school,Mon,5,1277.7,24.2,37.9,0.0,5.0,50.41
BLD-05502,school,Sat,0,4010.5,14.0,48.0,0.0,45.02,87.77
BLD-05503,school,Wed,17,3621.9,22.2,,141.0,252.42,425.05
BLD-05504,clinic,Wed,12,847.5,29.1,50.2,30.0,74.16,168.24
BLD-05505,office,Sat,20,4184.8,24.5,86.1,1.0,54.13,117.16
BLD-05506,school,Wed,2,1990.0,29.8,65.5,2.0,32.71,100.99
BLD-05507,office,Sat,1,2410.1,32.1,53.6,2.0,30.86,116.09
BLD-05508,retail,Tue,13,3799.3,27.3,76.2,145.0,262.66,480.96
BLD-05509,office,Mon,21,4863.1,16.3,58.2,0.0,34.31,93.38
BLD-05510,office,Wed,9,3560.3,19.2,27.2,130.0,228.86,378.24
BLD-05511,clinic,Fri,19,2469.8,37.5,83.3,102.0,187.4,406.56
BLD-05512,school,Tue,21,1136.7,24.5,52.3,21.0,61.37,120.0
BLD-05513,office,Tue,20,831.8,23.4,16.6,0.0,22.0,36.94
BLD-05514,office,Sat,12,3353.4,15.1,27.8,7.0,41.01,94.6
BLD-05515,office,Thu,16,4189.7,21.3,74.2,152.0,255.56,469.2
BLD-05516,clinic,Thu,12,1488.0,27.7,28.1,56.0,104.08,228.94
BLD-05517,office,Tue,16,1932.8,22.1,77.9,67.0,148.42,254.67
BLD-05518,office,Mon,13,1683.7,17.8,56.4,70.0,131.08,251.76
BLD-05519,school,Mon,12,1662.3,19.7,67.1,69.0,134.04,256.67
BLD-05520,office,Fri,10,3685.6,31.5,50.6,156.0,255.83,496.12
BLD-05521,office,Mon,15,2443.1,27.3,63.9,81.0,178.9,310.33
BLD-05522,retail,Tue,18,1970.8,26.3,60.4,60.0,111.27,243.71
BLD-05523,office,Sun,22,7877.9,25.5,54.3,20.0,71.76,156.87
BLD-05524,clinic,Wed,14,1105.1,12.5,36.9,43.0,90.31,179.43
BLD-05525,retail,Sat,2,2861.8,24.2,61.1,0.0,24.52,97.22
BLD-05526,office,Wed,14,1329.7,30.5,24.1,53.0,110.47,203.24
BLD-05527,retail,Sun,7,2039.9,19.9,70.8,0.0,15.04,83.72
BLD-05528,retail,Sat,0,2362.7,29.8,58.3,7.0,53.32,137.4
BLD-05529,school,Thu,1,3299.8,26.4,62.9,3.0,49.1,109.49
BLD-05530,school,Fri,14,1940.8,28.6,15.0,82.0,151.58,273.48
BLD-05531,office,Wed,22,1844.7,22.4,35.9,11.0,29.32,85.23
BLD-05532,office,Sun,12,1924.2,29.1,46.4,12.0,39.57,120.96
BLD-05533,retail,Wed,10,1310.1,10.3,66.5,52.0,105.87,231.06
BLD-05534,office,Sat,2,2980.1,22.3,39.0,17.0,47.32,117.15
BLD-05535,office,Fri,16,2518.1,27.7,98.0,99.0,170.09,361.06
BLD-05536,school,Fri,1,2711.1,24.4,50.5,0.0,43.34,82.62
BLD-05537,office,Wed,20,2127.8,30.8,37.7,0.0,32.06,90.64
BLD-05538,retail,Sat,19,2005.5,20.7,51.8,0.0,31.26,88.95
BLD-05539,retail,Sat,23,3868.0,17.6,38.8,9.0,56.25,105.5
BLD-05540,retail,Sat,6,3592.7,8.9,34.9,0.0,34.73,89.33
BLD-05541,office,Sat,3,4338.6,19.8,72.2,5.0,46.26,115.5
BLD-05542,office,Tue,7,2630.8,26.1,63.7,91.0,173.58,311.86
BLD-05543,retail,Sun,19,4211.2,28.1,63.8,0.0,46.93,130.49
BLD-05544,office,Sat,5,1801.7,10.8,76.7,0.0,34.19,87.34
BLD-05545,retail,Tue,21,1997.8,31.4,63.3,4.0,50.6,129.61
BLD-05546,school,Sun,3,3904.4,14.2,36.9,10.0,52.86,110.6
BLD-05547,office,Thu,1,3297.9,21.0,67.0,0.0,21.72,91.35
BLD-05548,office,Wed,5,1913.7,17.4,35.8,0.0,40.54,68.55
BLD-05549,retail,Tue,18,1331.4,25.3,46.9,77.0,140.37,271.18
BLD-05550,office,Wed,14,1994.8,22.8,54.2,84.0,148.29,281.26
BLD-05551,retail,Mon,8,1583.6,27.4,52.5,68.0,137.46,264.5
BLD-05552,school,Fri,15,5034.0,36.8,24.5,197.0,341.34,603.26
BLD-05553,office,Fri,15,3168.6,25.2,38.6,118.0,198.89,359.19
BLD-05554,retail,Fri,13,1523.2,17.4,54.6,57.0,120.3,225.37
BLD-05555,office,Thu,12,1332.2,25.7,44.6,62.0,139.07,239.11
BLD-05556,office,Wed,2,1514.2,37.6,74.1,15.0,53.79,176.39
BLD-05557,clinic,Sat,6,1682.4,27.3,77.1,9.0,39.67,134.65
BLD-05558,retail,Sun,12,2030.8,29.6,36.0,11.0,29.93,122.73
BLD-05559,school,Mon,3,3756.3,9.3,56.0,0.0,57.54,101.75
BLD-05560,retail,Wed,11,1383.4,25.1,81.9,51.0,98.86,219.95
BLD-05561,school,Sun,2,6602.4,19.9,52.7,18.0,61.33,132.67
BLD-05562,office,Sun,18,1398.9,16.6,48.1,10.0,43.7,95.82
BLD-05563,office,Sun,2,1118.6,21.8,69.6,0.0,36.56,83.79
BLD-05564,office,Tue,2,4947.3,22.9,50.3,0.0,54.15,96.45
BLD-05565,office,Thu,15,4148.1,17.0,76.6,164.0,277.87,501.93
BLD-05566,school,Mon,5,2015.6,23.5,44.9,8.0,41.08,81.85
BLD-05567,retail,Sun,8,2641.9,20.6,46.9,,40.07,82.52
BLD-05568,office,Thu,7,2674.1,27.6,68.4,101.0,193.96,355.62
BLD-05569,school,Tue,5,2349.2,23.8,56.7,3.0,41.83,82.75
BLD-05570,retail,Mon,18,1180.7,25.0,56.8,42.0,92.43,195.63
BLD-05571,clinic,Sat,16,668.4,29.8,22.5,0.0,33.82,99.12
BLD-05572,office,Sat,5,1466.7,26.4,,12.0,32.25,99.66
BLD-05573,clinic,Sun,16,5260.4,22.0,69.7,6.0,56.25,138.31
BLD-05574,retail,Sun,17,5360.5,5.3,41.7,10.0,60.66,139.11
BLD-05575,office,Sat,12,1940.2,26.1,66.9,8.0,41.26,120.63
BLD-05576,office,Sat,13,1389.1,14.7,59.6,15.0,47.56,113.46
BLD-05577,office,Sat,22,2514.2,21.3,51.6,8.0,45.4,96.29
BLD-05578,retail,Sun,10,2716.0,25.0,78.1,11.0,43.66,132.96
BLD-05579,school,Thu,9,2935.3,32.7,49.2,110.0,226.01,386.61
BLD-05580,school,Sat,12,654.1,36.7,50.4,0.0,38.21,119.74
BLD-05581,retail,Sat,20,10016.0,14.6,51.4,2.0,75.99,131.31
BLD-05582,office,Mon,17,3788.8,11.5,56.4,144.0,247.86,434.69
BLD-05583,office,Fri,1,2000.7,24.6,68.0,9.0,33.93,109.35
BLD-05584,retail,Wed,11,1558.3,23.9,,71.0,132.61,231.61
BLD-05585,clinic,Mon,17,3533.8,12.4,69.8,127.0,227.78,423.68
BLD-05586,retail,Tue,5,2790.6,21.9,56.2,6.0,27.68,95.88
BLD-05587,office,Mon,23,2299.5,26.8,64.4,3.0,40.5,107.18
BLD-05588,office,Sun,19,2741.4,12.2,95.7,17.0,69.29,155.04
BLD-05589,office,Sat,20,2084.1,14.0,46.3,7.0,18.48,77.51
BLD-05590,office,Mon,1,2668.1,16.8,34.2,7.0,34.17,75.9
BLD-05591,office,Fri,13,3117.7,20.3,58.3,115.0,219.25,365.93
BLD-05592,clinic,Fri,12,2594.1,27.6,61.0,95.0,178.62,334.47
BLD-05593,retail,Thu,15,2529.7,19.4,69.8,83.0,147.96,296.22
BLD-05594,office,Fri,20,4293.2,22.4,45.8,0.0,46.53,87.85
BLD-05595,office,Sun,8,1022.1,40.0,40.9,5.0,27.65,126.28
BLD-05596,office,Thu,12,1500.0,14.3,,58.0,112.64,199.76
BLD-05597,school,Fri,16,2228.2,16.8,31.8,85.0,147.02,268.2
BLD-05598,retail,Thu,18,1549.8,27.4,47.9,67.0,128.87,259.74
BLD-05599,office,Wed,18,1819.1,29.9,53.0,70.0,144.46,263.07
BLD-05600,retail,Sun,8,4081.9,25.3,90.1,1.0,35.05,134.63
BLD-05601,office,Wed,23,2048.2,36.5,26.2,2.0,39.65,110.54
BLD-05602,office,Sat,0,914.3,24.5,60.7,6.0,34.16,82.5
BLD-05603,clinic,Fri,11,1795.4,6.2,42.7,65.0,137.47,269.32
BLD-05604,office,Fri,14,2262.2,22.8,58.8,93.0,165.92,301.96
BLD-05605,office,Sat,1,2242.3,17.4,45.6,4.0,52.52,97.47
BLD-05606,school,Sat,10,2873.0,33.1,72.6,6.0,49.31,137.74
BLD-05607,office,Thu,14,2762.6,29.7,72.5,96.0,179.49,347.42
BLD-05608,office,Fri,14,2058.2,9.3,53.1,86.0,162.04,289.61
BLD-05609,office,Thu,2,1240.9,32.8,79.5,16.0,46.31,162.65
BLD-05610,office,Wed,6,1780.2,29.5,67.9,0.0,23.83,108.41
BLD-05611,school,Sat,5,1631.5,19.4,78.7,7.0,41.65,96.08
BLD-05612,office,Sun,15,1918.6,21.4,54.3,3.0,22.19,85.59
BLD-05613,retail,Fri,7,3065.5,33.1,71.2,116.0,202.25,406.09
BLD-05614,retail,Sat,13,2670.9,6.2,41.9,8.0,35.31,113.07
BLD-05615,office,Sat,17,3267.4,25.6,40.2,0.0,40.79,100.49
BLD-05616,office,Wed,19,1829.6,30.7,92.1,75.0,147.69,303.0
BLD-05617,office,Mon,4,4537.9,21.3,36.5,13.0,72.33,114.29
BLD-05618,office,Wed,21,3038.7,27.2,47.6,14.0,51.81,114.53
BLD-05619,office,Sat,3,2321.8,22.8,22.7,,23.21,51.35
BLD-05620,retail,Sat,0,2939.0,15.7,40.6,4.0,25.06,86.82
BLD-05621,office,Thu,1,1590.6,15.5,38.1,0.0,31.07,67.33
BLD-05622,school,Sat,4,799.5,27.7,43.6,0.0,39.17,83.32
BLD-05623,retail,Mon,20,1644.2,16.9,60.1,0.0,27.83,78.65
BLD-05624,retail,Fri,4,3149.5,9.8,64.2,0.0,34.86,91.57
BLD-05625,office,Fri,16,2286.4,23.0,37.9,88.0,163.08,283.1
BLD-05626,office,Thu,10,2060.1,17.9,41.6,,130.28,240.87
BLD-05627,clinic,Sat,0,1464.5,12.4,73.4,0.0,37.83,96.94
BLD-05628,office,Thu,10,860.4,22.6,84.0,31.0,91.13,171.13
BLD-05629,retail,Thu,0,4359.6,28.1,76.4,10.0,59.42,135.13
BLD-05630,retail,Fri,11,1991.1,22.2,27.0,97.0,181.11,300.95
BLD-05631,school,Sat,13,1790.1,13.5,75.2,6.0,35.77,101.88
BLD-05632,office,Tue,12,1593.7,25.9,86.5,53.0,106.8,234.84
BLD-05633,office,Wed,6,4017.4,30.3,26.2,0.0,36.86,94.45
BLD-05634,school,Wed,18,3358.5,39.7,73.4,129.0,225.27,450.92
BLD-05635,school,Tue,14,1382.9,33.5,58.8,43.0,93.31,212.59
BLD-05636,retail,Wed,6,3847.6,14.0,49.4,13.0,63.14,122.83
BLD-05637,retail,Wed,10,2052.0,28.9,56.8,79.0,149.34,287.34
BLD-05638,clinic,Wed,2,1641.1,24.1,62.5,3.0,30.26,95.75
BLD-05639,clinic,Wed,22,1910.8,12.8,74.7,0.0,30.9,108.26
BLD-05640,retail,Thu,18,1510.6,24.3,73.8,65.0,115.94,244.44
BLD-05641,office,Fri,6,1167.0,37.3,29.4,0.0,34.7,114.89
BLD-05642,office,Wed,16,3193.1,31.6,44.0,119.0,209.14,392.7
BLD-05643,school,Sat,16,1978.9,13.9,56.6,3.0,22.87,75.91
BLD-05644,school,Thu,14,2958.6,22.1,81.7,97.0,183.95,329.88
BLD-05645,office,Sat,1,2525.2,25.9,15.0,2.0,40.21,75.66
BLD-05646,school,Mon,21,2862.7,8.2,44.6,0.0,24.85,88.92
BLD-05647,office,Tue,22,824.0,8.4,,0.0,31.53,63.15
BLD-05648,office,Thu,23,1451.2,23.2,31.7,7.0,44.64,81.25
BLD-05649,retail,Wed,23,2891.4,23.3,71.8,10.0,68.31,135.35
BLD-05650,office,Thu,22,1193.1,7.3,46.0,4.0,30.42,95.22
BLD-05651,school,Tue,17,2631.4,25.1,15.3,91.0,168.48,277.86
BLD-05652,school,Thu,1,1128.5,30.7,52.3,0.0,20.45,87.07
BLD-05653,school,Fri,11,2217.4,20.3,89.6,78.0,152.81,291.06
BLD-05654,office,Sat,5,4764.8,22.5,24.3,0.0,41.01,80.13
BLD-05655,school,Tue,5,3190.8,26.6,64.1,5.0,52.14,116.97
BLD-05656,office,Wed,19,904.9,25.5,81.7,23.0,55.78,154.85
BLD-05657,retail,Thu,19,3305.8,8.7,54.2,123.0,224.44,397.49
BLD-05658,office,Thu,12,5275.8,14.8,87.8,181.0,312.22,550.46
BLD-05659,clinic,Sat,17,8423.5,18.8,43.8,0.0,37.27,115.78
BLD-05660,retail,Wed,3,2763.5,15.1,79.6,9.0,52.83,122.02
BLD-05661,office,Fri,5,1142.9,33.7,75.6,4.0,15.09,121.5
BLD-05662,office,Sun,20,2710.4,27.1,54.4,0.0,31.25,100.16
BLD-05663,office,Wed,10,4733.0,13.1,29.7,169.0,292.99,486.55
BLD-05664,retail,Sat,13,2011.0,20.3,38.0,6.0,38.96,95.38
BLD-05665,retail,Wed,11,3629.7,31.0,15.1,129.0,230.49,401.8
BLD-05666,retail,Wed,4,1470.3,16.8,65.1,1.0,29.76,93.76
BLD-05667,clinic,Fri,19,2630.5,28.8,63.1,100.0,186.15,351.44
BLD-05668,school,Fri,18,665.9,33.1,56.3,28.0,65.58,166.91
BLD-05669,retail,Thu,16,1394.2,31.7,52.9,46.0,122.73,239.81
BLD-05670,office,Tue,8,2193.5,23.4,78.1,83.0,151.85,293.93
BLD-05671,school,Mon,15,1847.9,32.0,60.1,68.0,119.17,262.92
BLD-05672,school,Sun,22,1178.4,17.8,45.6,18.0,39.61,92.35
BLD-05673,retail,Sun,15,1730.9,41.9,57.5,3.0,40.01,168.92
BLD-05674,office,Sun,11,2577.2,23.9,89.8,5.0,23.89,111.13
BLD-05675,office,Thu,6,2110.8,31.2,65.6,6.0,27.35,111.1
BLD-05676,office,Sun,12,2265.3,19.1,48.4,1.0,19.02,74.24
BLD-05677,clinic,Thu,8,3126.2,26.0,54.2,110.0,204.08,350.57
BLD-05678,school,Mon,14,1865.9,26.3,62.9,74.0,153.77,279.71
BLD-05679,office,Tue,1,4224.3,14.6,47.8,8.0,41.46,106.93
BLD-05680,office,Tue,4,1368.4,14.3,46.3,21.0,63.19,128.6
BLD-05681,school,Wed,18,5550.6,20.4,54.8,208.0,329.83,581.98
BLD-05682,retail,Sun,9,3753.6,30.8,80.8,10.0,44.57,152.58
BLD-05683,clinic,Wed,10,1854.4,7.3,68.4,76.0,149.44,299.86
BLD-05684,retail,Fri,13,1914.7,19.1,48.0,67.0,127.04,238.43
BLD-05685,retail,Tue,10,2429.5,32.5,69.8,81.0,163.16,316.2
BLD-05686,office,Fri,18,2932.4,12.1,55.1,101.0,162.9,320.14
BLD-05687,office,Thu,5,3720.4,32.0,60.9,10.0,44.53,143.95
BLD-05688,school,Tue,18,1156.0,13.0,59.3,57.0,116.65,207.4
BLD-05689,retail,Thu,5,2714.0,14.7,19.1,10.0,52.26,85.6
BLD-05690,office,Mon,8,796.5,20.8,15.0,31.0,76.86,120.34
BLD-05691,retail,Sun,14,2020.5,37.0,58.9,17.0,57.66,185.57
BLD-05692,office,Fri,21,4420.9,16.9,40.5,0.0,28.24,78.03
BLD-05693,office,Sun,5,1114.1,8.1,27.1,0.0,18.67,79.53
BLD-05694,office,Sun,14,1021.0,10.8,41.0,6.0,58.25,99.28
BLD-05695,retail,Tue,1,2446.0,29.5,70.7,14.0,40.19,146.82
BLD-05696,retail,Fri,1,4282.0,11.2,61.1,0.0,24.97,90.04
BLD-05697,school,Mon,18,2571.9,31.5,68.1,82.0,162.09,315.12
BLD-05698,retail,Sun,17,881.8,22.6,62.7,4.0,20.93,88.31
BLD-05699,retail,Sat,9,980.7,21.7,39.4,10.0,58.84,99.45
BLD-05700,office,Fri,14,2305.7,24.4,68.2,63.0,153.07,268.59
BLD-05701,retail,Sun,9,1249.1,15.6,65.0,12.0,42.59,109.97
BLD-05702,office,Sat,6,2349.2,23.1,53.0,0.0,34.49,72.9
BLD-05703,school,Sun,10,2417.0,12.5,56.0,10.0,28.42,91.88
BLD-05704,office,Mon,7,1739.1,32.8,68.5,50.0,114.27,237.13
BLD-05705,office,Mon,19,5256.9,13.8,42.3,180.0,290.64,511.51
BLD-05706,school,Sun,9,2920.9,25.5,73.5,9.0,33.79,114.31
BLD-05707,office,Tue,7,3935.4,13.7,64.6,154.0,269.93,450.7
BLD-05708,school,Wed,12,3422.4,17.7,55.0,126.0,230.17,400.02
BLD-05709,retail,Mon,18,2047.1,19.0,81.0,96.0,159.35,330.92
BLD-05710,school,Fri,6,2004.0,43.0,33.0,0.0,24.59,134.72
BLD-05711,office,Sat,22,1907.1,21.9,47.2,0.0,13.01,56.35
BLD-05712,office,Sat,11,3050.7,15.4,43.4,2.0,34.03,95.3
BLD-05713,office,Fri,15,1610.1,18.4,61.1,59.0,108.93,228.99
BLD-05714,retail,Fri,22,5035.3,10.0,75.1,6.0,44.78,130.81
BLD-05715,retail,Thu,10,1537.9,20.7,38.3,53.0,114.16,208.95
BLD-05716,office,Thu,4,2438.6,36.8,98.0,9.0,48.07,171.76
BLD-05717,retail,Thu,17,1970.9,24.7,43.7,79.0,154.0,270.39
BLD-05718,school,Sun,0,1771.9,29.2,61.1,17.0,53.3,134.54
BLD-05719,clinic,Tue,10,6241.3,14.7,55.0,223.0,388.63,640.37
BLD-05720,office,Thu,23,1782.0,20.4,55.8,7.0,39.28,85.57
BLD-05721,school,Fri,9,1900.6,23.6,41.5,77.0,140.19,252.73
BLD-05722,school,Thu,16,1599.5,16.2,73.1,61.0,125.6,234.33
BLD-05723,office,Mon,12,2243.8,25.2,40.5,82.0,149.74,268.78
BLD-05724,office,Wed,5,2095.6,26.9,24.9,0.0,27.09,69.45
BLD-05725,office,Fri,7,1285.6,26.3,35.9,51.0,114.33,187.35
BLD-05726,school,Fri,12,1794.6,20.8,79.6,73.0,148.42,264.64
BLD-05727,retail,Sat,2,2947.9,30.7,76.3,4.0,36.82,129.31
BLD-05728,retail,Sun,9,3601.7,19.9,20.9,0.0,45.14,83.87
BLD-05729,office,Fri,9,2225.5,19.2,68.8,70.0,123.12,247.79
BLD-05730,retail,Fri,20,2263.2,33.5,21.3,8.0,40.14,117.22
BLD-05731,office,Wed,2,1850.0,13.1,54.5,4.0,27.88,82.04
BLD-05732,clinic,Wed,20,1728.6,8.4,34.5,15.0,51.4,111.18
BLD-05733,office,Sat,9,1414.9,15.1,70.1,0.0,35.01,85.73
BLD-05734,retail,Thu,15,1042.1,25.1,64.4,37.0,87.23,188.48
BLD-05735,clinic,Sat,13,1570.3,32.3,71.7,0.0,32.48,137.18
BLD-05736,retail,Mon,7,3395.3,16.7,50.0,133.0,236.46,405.11
BLD-05737,retail,Mon,22,1794.5,36.5,51.7,14.0,48.58,163.83
BLD-05738,office,Tue,5,1863.3,22.2,29.5,19.0,69.97,124.84
BLD-05739,retail,Tue,0,1846.0,21.1,37.5,8.0,25.92,77.4
BLD-05740,school,Fri,18,3998.5,15.2,71.1,153.0,260.83,458.03
BLD-05741,office,Fri,14,1408.9,37.6,61.2,58.0,118.75,278.38
BLD-05742,clinic,Thu,21,2512.9,20.8,56.8,9.0,60.83,117.93
BLD-05743,office,Wed,10,2128.9,11.3,76.5,80.0,147.06,282.8
BLD-05744,office,Fri,0,2272.9,41.7,32.9,9.0,41.98,159.85
BLD-05745,clinic,Mon,0,2473.8,25.1,67.2,21.0,50.5,152.65
BLD-05746,office,Thu,10,2261.2,28.4,,87.0,156.13,286.28
BLD-05747,office,Tue,5,3219.1,35.5,80.1,4.0,47.96,142.99
BLD-05748,office,Mon,22,2169.3,26.9,64.3,6.0,55.47,112.47
BLD-05749,retail,Tue,2,5082.3,29.8,71.4,3.0,43.9,133.34
BLD-05750,retail,Mon,21,2247.5,22.4,43.1,6.0,32.0,91.98
BLD-05751,office,Thu,5,971.2,27.9,92.1,3.0,31.08,108.22
BLD-05752,school,Thu,2,2988.7,21.7,89.0,13.0,37.31,119.9
BLD-05753,school,Fri,6,2655.6,21.8,62.3,12.0,62.98,102.51
BLD-05754,retail,Thu,3,2234.6,23.0,75.0,21.0,50.13,131.45
BLD-05755,retail,Tue,9,1942.3,18.8,49.9,73.0,142.41,250.14
BLD-05756,clinic,Mon,7,797.3,26.0,33.4,35.0,80.68,159.78
BLD-05757,office,Fri,12,864.1,26.0,68.5,37.0,87.23,179.0
BLD-05758,office,Sun,12,4851.4,28.6,39.4,6.0,52.96,126.01
BLD-05759,school,Tue,0,1661.0,27.1,77.3,13.0,48.17,115.56
BLD-05760,office,Tue,2,3497.2,38.0,72.8,0.0,40.27,150.2
BLD-05761,school,Wed,3,1019.2,30.4,59.0,8.0,46.42,113.24
BLD-05762,office,Tue,4,1331.0,20.3,58.0,20.0,75.29,119.84
BLD-05763,office,Tue,2,3047.1,25.6,71.8,15.0,45.66,133.44
BLD-05764,clinic,Thu,7,2094.4,33.3,59.7,89.0,145.49,315.87
BLD-05765,office,Sat,13,2847.8,14.4,48.1,11.0,34.42,102.38
BLD-05766,school,Fri,7,2185.7,38.1,29.3,77.0,128.11,291.75
BLD-05767,retail,Sun,7,1991.3,15.8,71.3,0.0,17.97,70.58
BLD-05768,office,Wed,11,1587.3,29.2,61.2,55.0,97.58,232.64
BLD-05769,office,Thu,13,1240.3,22.1,98.0,39.0,81.3,187.35
BLD-05770,office,Wed,7,4313.5,21.6,53.4,166.0,296.81,480.74
BLD-05771,school,Mon,5,4668.2,11.6,60.1,16.0,70.94,143.98
BLD-05772,office,Wed,9,1336.3,29.3,60.5,55.0,103.62,222.25
BLD-05773,school,Tue,0,1295.0,11.7,66.1,10.0,36.82,109.35
BLD-05774,office,Thu,11,1861.8,10.5,38.6,73.0,159.05,257.81
BLD-05775,office,Tue,22,2590.5,31.3,53.7,9.0,51.81,130.09
BLD-05776,office,Sat,9,2016.1,36.3,69.1,0.0,31.79,139.61
BLD-05777,office,Sat,2,2796.1,16.7,49.3,7.0,44.9,98.65
BLD-05778,office,Sun,16,2148.6,30.0,68.4,1.0,29.2,117.02
BLD-05779,clinic,Mon,3,2082.2,28.4,56.6,,56.36,121.57
BLD-05780,office,Mon,4,7005.8,21.3,61.8,6.0,57.12,114.74
BLD-05781,school,Sun,3,1709.8,32.7,74.6,0.0,30.33,105.07
BLD-05782,school,Sat,21,4833.8,20.7,,0.0,24.85,88.2
BLD-05783,retail,Fri,23,4405.9,26.1,30.3,0.0,33.26,100.38
BLD-05784,school,Wed,13,2802.2,12.0,50.5,92.0,165.7,302.51
BLD-05785,office,Thu,14,872.8,12.3,41.0,26.0,69.35,126.5
BLD-05786,school,Thu,15,2233.0,31.4,18.9,76.0,137.18,261.25
BLD-05787,office,Sat,14,1718.4,26.4,53.2,0.0,29.36,88.07
BLD-05788,retail,Thu,13,2221.3,20.9,58.4,88.0,156.82,295.49
BLD-05789,office,Mon,23,1320.8,37.3,72.4,0.0,16.28,123.9
BLD-05790,retail,Fri,17,3162.8,37.2,35.6,102.0,176.24,375.11
BLD-05791,school,Sat,2,3529.8,25.5,56.5,1.0,35.89,93.06
BLD-05792,retail,Wed,9,3857.7,10.4,74.2,133.0,237.96,437.27
BLD-05793,office,Mon,23,1831.3,21.1,45.2,16.0,51.39,105.11
BLD-05794,retail,Mon,9,1323.0,15.3,64.1,52.0,96.96,205.93
BLD-05795,retail,Sat,4,2604.6,22.7,82.2,0.0,31.04,105.27
BLD-05796,school,Thu,20,5110.9,14.5,23.3,9.0,52.72,99.67
BLD-05797,office,Thu,14,2274.5,12.4,59.6,86.0,149.68,284.65
BLD-05798,office,Sun,13,2733.4,3.9,74.8,2.0,36.76,125.98
BLD-05799,office,Mon,10,1965.4,23.3,49.0,87.0,178.46,293.56
BLD-05800,retail,Tue,2,1727.7,3.6,78.6,0.0,27.41,113.64
BLD-05801,office,Sat,9,3017.5,19.4,65.8,12.0,37.46,114.02
BLD-05802,retail,Thu,10,2090.8,27.6,85.1,75.0,157.55,310.85
BLD-05803,retail,Mon,22,2670.2,16.2,64.9,4.0,51.25,100.04
BLD-05804,retail,Fri,7,2806.8,13.3,86.5,98.0,194.55,335.79
BLD-05805,retail,Mon,3,2599.4,21.5,60.1,0.0,31.98,82.98
BLD-05806,school,Sat,10,2875.5,15.4,31.7,1.0,27.17,65.78
BLD-05807,school,Sat,23,1460.8,23.5,44.3,0.0,18.91,63.66
BLD-05808,office,Sat,11,1418.7,13.7,72.3,7.0,49.59,107.97
BLD-05809,retail,Thu,9,2155.4,21.2,72.0,82.0,169.68,300.47
BLD-05810,clinic,Tue,16,2180.5,19.2,49.7,70.0,126.52,256.14
BLD-05811,school,Sun,15,1712.1,21.9,85.7,9.0,17.15,105.69
BLD-05812,clinic,Thu,7,2469.8,35.1,49.0,,187.7,366.82
BLD-05813,clinic,Fri,23,3402.1,23.6,62.9,0.0,26.57,111.96
BLD-05814,school,Mon,14,3890.2,26.0,62.4,137.0,235.99,426.53
BLD-05815,retail,Fri,1,4333.4,17.0,32.4,13.0,56.45,122.98
BLD-05816,school,Fri,9,1170.4,23.8,53.1,49.0,104.28,185.16
BLD-05817,office,Wed,22,1258.9,19.8,95.5,3.0,23.73,103.57
BLD-05818,office,Sat,9,1914.4,22.2,39.3,11.0,47.52,93.07
BLD-05819,school,Mon,13,2286.4,27.2,65.6,88.0,161.88,319.26
BLD-05820,retail,Sat,14,1962.1,18.0,35.4,15.0,29.29,112.14
BLD-05821,office,Sun,16,1687.4,18.8,39.1,4.0,40.2,89.62
BLD-05822,retail,Thu,20,1900.9,18.1,31.0,7.0,35.59,78.36
BLD-05823,retail,Mon,3,2774.4,18.0,71.0,13.0,39.96,132.56
BLD-05824,retail,Thu,12,1162.1,23.4,40.2,26.0,58.39,149.03
BLD-05825,office,Thu,12,6775.2,19.1,76.5,255.0,433.63,727.02
BLD-05826,school,Thu,3,2222.3,34.0,46.0,0.0,31.35,107.07
BLD-05827,office,Tue,16,3643.2,43.0,57.2,138.0,250.02,506.16
BLD-05828,office,Fri,2,1665.4,17.5,62.0,17.0,58.53,108.6
BLD-05829,office,Tue,10,2898.4,24.4,27.5,105.0,179.38,327.17
BLD-05830,office,Thu,7,2308.3,30.3,58.5,83.0,126.19,293.93
BLD-05831,office,Fri,3,3319.2,19.9,60.9,4.0,42.49,94.42
BLD-05832,school,Fri,19,1999.9,14.0,74.4,64.0,132.31,226.34
BLD-05833,office,Sat,5,4633.0,35.9,38.7,22.0,71.51,182.55
BLD-05834,office,Sun,6,1074.9,27.5,41.1,4.0,38.91,82.91
BLD-05835,retail,Sat,20,3470.0,24.5,66.2,17.0,51.36,129.1
BLD-05836,school,Sat,21,2329.0,33.6,79.0,1.0,29.36,126.53
BLD-05837,clinic,Sun,0,1349.4,28.2,44.9,4.0,24.19,109.59
BLD-05838,school,Tue,6,5615.0,21.6,34.0,12.0,69.43,111.64
BLD-05839,office,Wed,17,5343.2,14.2,49.6,186.0,313.27,544.8
BLD-05840,clinic,Thu,18,813.0,18.1,37.8,32.0,93.85,163.68
BLD-05841,retail,Thu,23,2394.8,31.6,61.8,11.0,43.06,132.54
BLD-05842,school,Fri,13,3086.9,27.5,36.6,113.0,211.83,357.52
BLD-05843,school,Mon,0,2719.6,20.5,71.5,0.0,27.99,89.7
BLD-05844,school,Mon,20,4553.6,36.1,58.6,13.0,73.09,168.11
BLD-05845,school,Sat,3,4121.1,20.7,,15.0,73.98,139.21
BLD-05846,retail,Sat,2,2498.6,29.9,15.0,16.0,52.76,119.4
BLD-05847,school,Wed,16,6563.1,23.8,25.1,,400.5,650.64
BLD-05848,office,Wed,14,3449.2,37.5,77.0,123.0,233.04,456.52
BLD-05849,office,Thu,1,1858.5,28.0,42.8,0.0,32.48,84.78
BLD-05850,office,Thu,4,1687.6,22.4,30.1,10.0,34.54,85.91
BLD-05851,office,Tue,14,3995.9,20.6,,137.0,244.18,406.77
BLD-05852,office,Thu,6,1503.6,21.9,59.1,0.0,20.53,66.57
BLD-05853,clinic,Sat,16,1807.2,16.2,52.3,0.0,30.74,90.73
BLD-05854,office,Sat,9,1961.0,11.1,63.0,0.0,21.97,92.44
BLD-05855,office,Sat,14,2609.5,24.5,60.7,11.0,52.67,115.5
BLD-05856,office,Fri,11,2004.9,17.7,59.8,82.0,135.13,272.29
BLD-05857,school,Sun,8,1169.2,17.7,77.9,0.0,15.46,76.9
BLD-05858,school,Tue,8,3843.0,21.3,54.8,140.0,239.44,412.88
BLD-05859,school,Mon,16,1811.8,22.4,54.3,48.0,99.65,190.17
BLD-05860,clinic,Mon,12,5801.0,22.1,68.6,208.0,342.08,609.51
BLD-05861,clinic,Sun,14,2545.6,35.9,64.4,14.0,44.35,179.1
BLD-05862,retail,Fri,13,4041.9,27.3,39.7,144.0,261.95,456.98
BLD-05863,retail,Tue,4,2978.1,38.9,53.4,0.0,42.88,144.05
BLD-05864,office,Sat,21,4135.8,18.5,62.4,15.0,35.71,106.57
BLD-05865,school,Wed,13,2892.8,28.3,45.0,98.0,174.7,328.96
BLD-05866,office,Fri,17,2462.9,18.9,45.8,104.0,200.6,340.35
BLD-05867,retail,Tue,21,3718.1,17.5,31.3,27.0,81.23,138.13
BLD-05868,office,Mon,22,7255.2,39.2,15.0,3.0,59.59,162.5
BLD-05869,office,Tue,16,1932.8,15.9,48.6,83.0,159.87,281.65
BLD-05870,office,Tue,18,3222.1,4.1,57.2,106.0,184.3,348.17
BLD-05871,school,Thu,11,2194.5,16.3,36.4,69.0,136.42,228.36
BLD-05872,retail,Mon,17,2804.9,5.9,78.4,98.0,184.94,349.43
BLD-05873,office,Tue,7,2245.0,14.4,37.2,91.0,168.55,283.97
BLD-05874,school,Thu,17,780.9,15.1,70.5,32.0,69.19,151.76
BLD-05875,office,Wed,2,1998.4,22.3,62.1,3.0,34.01,94.47
BLD-05876,retail,Fri,21,3554.6,5.6,92.0,0.0,24.82,127.59
BLD-05877,office,Fri,5,1523.7,31.6,64.2,3.0,38.74,107.61
BLD-05878,office,Sun,15,3423.0,7.0,30.4,0.0,21.34,78.26
BLD-05879,school,Sat,0,2402.7,21.0,72.9,0.0,23.45,84.52
BLD-05880,school,Tue,3,2006.8,19.4,83.9,0.0,36.85,87.06
BLD-05881,retail,Fri,23,3398.2,28.6,24.9,6.0,47.5,105.76
BLD-05882,school,Fri,20,3050.6,24.8,65.9,0.0,29.36,91.58
BLD-05883,clinic,Fri,5,2692.1,31.5,69.6,4.0,21.64,137.32
BLD-05884,office,Sat,3,3582.6,19.1,51.4,0.0,35.87,76.61
BLD-05885,office,Tue,19,2425.3,18.3,15.0,95.0,167.9,268.71
BLD-05886,clinic,Wed,23,999.0,25.3,50.0,6.0,39.8,102.79
BLD-05887,office,Sat,4,1834.8,30.2,45.1,2.0,27.17,91.58
BLD-05888,retail,Sun,15,925.3,28.6,81.0,5.0,15.69,120.79
BLD-05889,office,Mon,6,3016.2,24.6,53.5,11.0,36.73,107.76
BLD-05890,school,Thu,17,3382.6,23.9,48.0,113.0,200.76,345.81
BLD-05891,office,Tue,10,3457.3,21.7,45.0,128.0,228.92,400.23
BLD-05892,school,Tue,3,2782.1,25.3,60.5,0.0,21.49,82.59
BLD-05893,retail,Mon,7,3501.0,38.3,56.0,130.0,223.42,446.51
BLD-05894,office,Thu,12,1032.2,20.1,41.6,39.0,92.55,166.42
BLD-05895,office,Fri,19,2089.3,19.1,59.5,78.0,158.45,273.98
BLD-05896,office,Thu,0,1115.5,18.5,45.5,11.0,45.73,89.44
BLD-05897,office,Wed,22,1852.4,25.1,15.0,11.0,43.06,99.7
BLD-05898,office,Sat,15,4779.1,5.0,66.4,13.0,54.4,143.26
BLD-05899,clinic,Fri,21,3718.1,20.9,64.7,1.0,43.76,100.05
BLD-05900,office,Sun,22,3023.3,29.0,58.4,10.0,45.93,117.09
BLD-05901,office,Wed,3,2016.3,17.8,47.5,8.0,51.27,95.09
BLD-05902,school,Tue,2,1365.5,23.5,53.8,1.0,38.69,78.87
BLD-05903,office,Thu,18,2406.6,38.9,68.9,91.0,172.23,364.15
BLD-05904,office,Thu,4,3749.3,24.7,44.3,3.0,36.52,95.07
BLD-05905,retail,Thu,3,2678.3,4.1,69.6,15.0,51.01,148.92
BLD-05906,school,Sat,11,1027.7,10.7,29.9,10.0,24.67,79.07
BLD-05907,retail,Mon,21,2313.3,20.0,57.9,1.0,32.23,89.84
BLD-05908,office,Thu,19,878.1,15.6,55.4,32.0,72.68,146.55
BLD-05909,school,Thu,12,3236.4,22.8,72.0,127.0,211.67,390.04
BLD-05910,clinic,Tue,4,1577.5,19.6,39.4,15.0,74.45,119.06
BLD-05911,retail,Fri,8,1223.1,31.3,41.2,50.0,107.45,219.13
BLD-05912,clinic,Sat,16,3257.8,13.3,31.3,9.0,40.13,117.66
BLD-05913,office,Thu,3,2877.6,20.3,45.4,14.0,75.05,110.39
BLD-05914,clinic,Mon,12,2459.6,23.7,59.3,90.0,161.88,312.66
BLD-05915,retail,Mon,0,6299.5,24.7,24.4,5.0,63.0,112.67
BLD-05916,retail,Wed,7,2984.0,23.2,47.5,114.0,205.81,364.49
BLD-05917,retail,Fri,5,1614.3,2.7,65.4,1.0,25.34,109.48
BLD-05918,clinic,Wed,16,2822.6,22.7,53.3,118.0,206.92,374.1
BLD-05919,office,Wed,21,1917.7,20.8,56.3,0.0,44.04,76.77
BLD-05920,retail,Sun,3,4041.0,28.9,29.4,4.0,52.93,117.63
BLD-05921,retail,Mon,19,2517.7,27.8,53.3,109.0,194.35,357.13
BLD-05922,retail,Mon,15,2640.1,23.9,55.5,83.0,136.56,278.89
BLD-05923,retail,Tue,23,1100.9,24.5,52.2,6.0,38.45,101.52
BLD-05924,office,Sun,21,2265.8,32.8,57.6,,18.6,110.15
BLD-05925,office,Thu,2,2141.4,31.2,49.7,4.0,41.95,106.22
BLD-05926,office,Tue,17,1345.6,24.2,47.2,42.0,83.24,167.45
BLD-05927,retail,Wed,14,1978.1,39.2,37.3,72.0,131.82,294.5
BLD-05928,retail,Sun,2,2711.8,17.0,71.6,4.0,32.47,98.37
BLD-05929,retail,Fri,6,2195.4,12.5,34.1,6.0,49.99,94.5
BLD-05930,retail,Tue,22,1117.0,21.9,57.7,11.0,25.31,102.93
BLD-05931,school,Tue,13,1929.6,19.0,85.8,54.0,118.1,229.24
BLD-05932,office,Mon,8,1757.3,2.3,73.7,66.0,131.45,257.5
BLD-05933,school,Sat,7,2414.1,16.8,63.7,3.0,35.43,81.97
BLD-05934,clinic,Mon,20,2292.2,24.7,59.2,3.0,31.19,112.74
BLD-05935,school,Wed,6,1805.6,21.5,52.8,4.0,40.09,77.54
BLD-05936,clinic,Wed,3,1772.1,15.8,39.7,0.0,24.69,81.79
BLD-05937,clinic,Fri,13,2272.1,22.3,50.7,73.0,136.1,271.26
BLD-05938,office,Fri,23,3492.7,23.0,64.8,6.0,45.61,111.7
BLD-05939,retail,Sat,4,2514.8,27.7,61.6,0.0,49.26,112.56
BLD-05940,school,Wed,6,4355.9,16.9,68.4,7.0,34.79,108.59
BLD-05941,school,Wed,11,3790.1,29.0,75.7,132.0,240.17,424.67
BLD-05942,office,Wed,4,4512.6,13.3,52.3,10.0,53.62,124.64
BLD-05943,office,Mon,15,4243.5,18.0,58.3,155.0,269.27,455.35
BLD-05944,office,Sat,6,4658.4,35.6,22.7,4.0,31.36,124.81
BLD-05945,school,Thu,3,1264.8,13.8,93.4,2.0,12.5,87.45
BLD-05946,office,Thu,6,3001.8,16.7,48.0,1.0,38.91,78.72
BLD-05947,office,Sun,22,3948.2,12.0,66.1,2.0,28.1,92.6
BLD-05948,school,Tue,22,4305.9,15.4,48.0,13.0,68.89,119.63
BLD-05949,office,Sun,12,1519.7,23.1,47.6,0.0,17.92,79.47
BLD-05950,retail,Fri,9,3016.2,27.7,51.0,107.0,200.07,357.5
BLD-05951,office,Tue,19,2280.9,21.9,33.8,94.0,166.36,287.63
BLD-05952,office,Fri,4,5339.0,19.4,15.0,11.0,53.62,106.14
BLD-05953,clinic,Sat,15,1130.4,12.1,74.7,15.0,39.88,135.46
BLD-05954,retail,Wed,16,1520.7,16.2,64.3,58.0,119.45,229.66
BLD-05955,retail,Wed,17,922.5,9.6,39.4,26.0,71.85,143.37
BLD-05956,retail,Sat,5,2358.1,27.9,62.7,0.0,28.28,117.26
BLD-05957,office,Tue,17,6521.5,28.4,69.0,235.0,406.5,688.86
BLD-05958,retail,Mon,14,2153.7,21.7,43.2,87.0,161.24,295.32
BLD-05959,office,Fri,21,2309.3,25.5,62.0,2.0,20.89,80.07
BLD-05960,school,Sun,4,2865.0,29.0,72.1,1.0,38.75,103.72
BLD-05961,office,Thu,14,2080.6,22.8,30.5,81.0,148.82,261.96
BLD-05962,retail,Mon,19,2622.6,33.1,64.1,98.0,153.35,348.63
BLD-05963,office,Thu,6,2655.7,13.8,61.2,0.0,28.72,82.22
BLD-05964,office,Tue,17,1466.1,19.2,87.0,48.0,82.93,203.4
BLD-05965,office,Sat,2,2102.9,18.3,64.5,12.0,36.1,102.1
BLD-05966,retail,Fri,17,3141.1,27.2,48.0,125.0,219.57,406.64
BLD-05967,office,Wed,14,3435.5,10.5,50.0,118.0,211.99,370.35
BLD-05968,school,Fri,4,4103.1,33.6,89.4,1.0,31.56,143.22
BLD-05969,office,Fri,1,2584.3,26.5,49.0,9.0,51.11,115.37
BLD-05970,retail,Fri,17,2609.7,36.0,65.0,88.0,163.29,344.94
BLD-05971,office,Wed,5,3153.6,21.7,50.9,7.0,40.87,94.14
BLD-05972,clinic,Thu,11,1653.6,17.6,73.4,60.0,119.05,244.68
BLD-05973,office,Mon,1,1621.4,27.3,74.2,0.0,40.54,113.11
BLD-05974,office,Wed,23,2072.1,30.2,54.6,18.0,35.79,132.9
BLD-05975,office,Wed,13,1193.0,16.3,48.1,44.0,105.77,206.68
BLD-05976,office,Thu,22,2674.5,6.0,47.7,8.0,38.53,112.57
BLD-05977,school,Sun,3,3640.1,7.4,25.6,0.0,28.77,76.54
BLD-05978,office,Sun,4,1564.6,24.1,56.7,16.0,48.24,120.94
BLD-05979,clinic,Thu,14,2711.0,34.3,56.4,116.0,197.98,402.17
BLD-05980,school,Fri,14,1626.6,11.6,41.1,50.0,93.1,196.02
BLD-05981,office,Mon,18,1350.5,19.8,23.8,51.0,112.37,175.74
BLD-05982,school,Thu,22,5901.0,19.2,58.5,,69.7,138.44
BLD-05983,office,Fri,19,1359.9,37.4,60.7,49.0,81.76,234.98
BLD-05984,office,Fri,3,1190.5,40.1,61.7,7.0,44.0,153.16
BLD-05985,office,Sun,7,2438.8,25.4,38.2,0.0,37.04,88.44
BLD-05986,office,Thu,21,2502.6,29.2,61.7,0.0,17.16,97.14
BLD-05987,office,Sun,13,3030.5,29.0,52.0,6.0,44.92,113.85
BLD-05988,clinic,Sun,20,5749.1,11.8,69.7,0.0,51.2,131.92
BLD-05989,retail,Fri,13,1515.0,27.6,38.4,55.0,94.52,208.88
BLD-05990,clinic,Mon,1,1666.6,13.8,74.6,0.0,31.52,107.95
BLD-05991,office,Wed,11,4762.1,20.6,80.7,179.0,302.8,534.62
BLD-05992,retail,Sat,19,3453.0,31.1,57.0,0.0,41.23,114.91
BLD-05993,office,Fri,15,3230.0,22.6,61.9,132.0,223.58,410.76
BLD-05994,office,Sun,3,1657.5,30.8,68.3,0.0,39.05,114.84
BLD-05995,retail,Sat,5,3776.8,32.4,37.6,10.0,49.67,124.52
BLD-05996,office,Mon,20,3234.9,7.9,46.7,10.0,43.79,111.55
BLD-05997,office,Sun,23,2409.5,4.6,58.1,0.0,24.41,97.37
BLD-05998,retail,Wed,18,1661.5,31.3,89.5,59.0,125.89,274.76
BLD-05999,school,Sat,2,2315.6,31.6,34.7,0.0,24.03,87.31
